,cpi_all_items,industrial_production_index,stock_market_index,population_total,population_working_age,unemployment_rate,interest_rate_short_term,interest_rate_long_term,interest_rate_10y,interest_rate_2y,interest_rate_5y,interest_rate_3m,yield_curve_spread,corporate_bond_baa,corporate_bond_aaa,ted_spread,consumer_sentiment,capacity_utilization,gdp_real,gdp_nominal,household_consumption,capital_formation,government_spending,exports_volume,imports_volume,employment_level,building_permits,housing_starts,trade_balance,money_supply_broad,country
1980-03-31,80.1,51.7454,102.08999633789062,227225000.0,142647800.0,6.3,15.065274725274726,11.986666666666666,11.986666666666666,13.266666666666666,12.27,13.353333333333332,-1.2779032258064518,13.48,12.143333333333333,,63.46666666666667,83.89406666666666,7341.557,2789.842,1702.302,554.562,568.781,268.508,304.311,99713.0,988.0,1047.0,,1499.8,usa
1980-06-30,82.5,48.8383,114.23999786376953,227225000.0,143569800.0,7.333333333333333,12.6689010989011,10.476666666666668,10.476666666666668,10.226666666666668,10.333333333333334,9.616666666666667,0.250952380952381,13.356666666666667,11.203333333333331,,54.366666666666674,79.89923333333333,7190.289,2797.352,1704.723,519.294,588.547,277.389,292.6,98682.0,1118.0,1196.0,,1529.2,usa
1980-09-30,83.9,49.4578,125.45999908447266,227225000.0,143999700.0,7.666666666666667,9.823152173913044,10.953333333333331,10.953333333333331,10.376666666666669,10.663333333333332,9.153333333333334,0.58546875,13.166666666666666,11.576666666666668,,67.76666666666667,78.16456666666666,7181.743,2856.483,1763.771,495.071,592.169,284.673,279.202,99077.0,1484.0,1471.0,,1574.0,usa
1980-12-31,86.4,51.257,135.75999450683594,227225000.0,144227100.0,7.399999999999999,15.852826086956522,12.423333333333332,12.423333333333332,13.226666666666668,12.646666666666668,13.613333333333337,-0.7972131147540984,14.670000000000002,12.83,,72.06666666666666,80.7126,7315.677,2985.557,1831.874,551.472,608.893,292.517,299.2,99634.0,1249.0,1482.0,,1599.8,usa
1981-03-31,88.6,50.9806,136.0,229466000.0,144580000.0,7.433333333333334,16.595555555555556,12.96,12.96,13.583333333333334,13.196666666666667,14.39,-0.6159016393442623,15.246666666666664,13.163333333333334,,68.26666666666667,80.3913,7459.022,3124.206,1885.734,619.381,633.35,305.467,319.726,100571.0,1183.0,1306.0,,1636.6,usa
1981-06-30,90.5,51.3214,131.2100067138672,229466000.0,145409100.0,7.399999999999999,17.786923076923078,13.75,13.75,14.706666666666669,14.19,14.906666666666666,-0.9492063492063492,15.77,13.983333333333334,,73.93333333333334,80.0991,7403.745,3162.532,1917.524,609.843,648.673,308.455,321.963,100298.0,976.0,1045.0,,1670.3,usa
1981-09-30,93.1,51.3429,116.18000030517578,229466000.0,145577300.0,7.399999999999999,17.594347826086956,14.846666666666666,14.846666666666666,16.03,15.426666666666668,15.053333333333333,-1.183125,16.47666666666667,14.920000000000002,,74.8,80.27806666666667,7492.405,3260.609,1958.099,652.297,657.774,302.339,309.9,100064.0,847.0,911.0,,1706.0,usa
1981-12-31,94.1,49.8086,122.55000305175781,229466000.0,146181000.0,8.233333333333334,13.588369565217391,14.086666666666668,14.086666666666668,13.903333333333334,14.13,11.75,0.1714754098360656,16.683333333333334,14.616666666666667,,65.7,77.91836666666667,7410.768,3280.818,1974.447,643.395,677.727,304.695,319.445,99645.0,796.0,910.0,,1755.5,usa
1982-03-31,94.7,49.4477,111.95999908447266,231664000.0,146259300.0,8.833333333333334,14.207444444444445,14.293333333333331,14.293333333333331,14.526666666666666,14.39,12.813333333333333,-0.2344262295081967,17.033333333333335,15.01,,66.5,75.8154,7295.631,3274.302,2014.155,588.318,688.104,293.202,309.478,99672.0,891.0,931.0,,1786.5,usa
1982-06-30,97.0,48.5415,109.61000061035156,231664000.0,146949200.0,9.433333333333334,14.514175824175824,13.93,13.93,14.15,14.06,12.42,-0.2171428571428571,16.78,14.51,,66.23333333333333,74.44293333333333,7328.912,3331.972,2039.645,593.621,703.093,294.729,299.115,99543.0,913.0,902.0,,1826.0,usa
1982-09-30,97.7,47.8139,120.41999816894531,231664000.0,147328600.0,9.9,11.012717391304347,13.116666666666667,13.116666666666667,12.633333333333333,13.106666666666667,9.316666666666666,0.48265625,16.25,13.753333333333332,,66.7,73.04083333333334,7300.896,3366.322,2085.671,592.954,717.344,279.634,309.282,99504.0,1042.0,1144.0,,1858.4,usa
1982-12-31,97.7,46.8713,140.63999938964844,231664000.0,147830700.0,10.666666666666666,9.28391304347826,10.666666666666666,10.666666666666666,9.883333333333333,10.466666666666669,7.906666666666667,0.7873770491803279,14.39,11.876666666666663,,72.46666666666667,71.441,7303.817,3402.561,2145.554,549.242,737.351,265.274,294.861,99032.0,1351.0,1303.0,,1905.9,usa
1983-03-31,98.1,47.8426,152.9600067138672,233792000.0,147766500.0,10.366666666666667,8.657555555555556,10.563333333333334,10.563333333333334,9.543333333333337,10.123333333333331,8.106666666666667,1.0152380952380953,13.833333333333334,11.843333333333334,,75.26666666666667,72.10843333333334,7400.066,3473.413,2184.589,565.52,747.852,270.703,295.251,99179.0,1475.0,1606.0,,2015.2,usa
1983-06-30,99.4,49.0434,167.63999938964844,233792000.0,148196000.0,10.133333333333333,8.802747252747253,10.543333333333337,10.543333333333337,9.746666666666668,10.226666666666668,8.396666666666667,0.793968253968254,13.25,11.57,,91.53333333333336,73.64943333333333,7568.456,3578.848,2249.438,613.783,761.061,272.514,317.949,100633.0,1769.0,1733.0,,2053.5,usa
1983-09-30,100.4,51.0937,166.07000732421875,233792000.0,148711600.0,9.366666666666667,9.458152173913044,11.626666666666669,11.626666666666669,10.85,11.423333333333334,9.14,0.7784375,13.526666666666666,12.343333333333334,,91.2,76.08516666666667,7719.746,3689.179,2319.895,652.269,782.216,278.181,343.381,102016.0,1585.0,1710.0,,2083.2,usa
1983-12-31,101.4,51.9769,164.92999267578125,233792000.0,149041900.0,8.533333333333333,9.430108695652176,11.686666666666667,11.686666666666667,10.69,11.409999999999998,8.799999999999999,0.9956666666666668,13.606666666666667,12.410000000000002,,91.53333333333336,77.92006666666667,7880.794,3794.706,2372.496,718.496,775.099,286.587,357.972,102996.0,1627.0,1688.0,,2123.5,usa
1984-03-31,102.9,53.5028,159.17999267578125,235825000.0,149436900.0,7.866666666666667,9.688571428571429,11.943333333333332,11.943333333333332,10.913333333333334,11.643333333333333,9.17,1.0298387096774193,13.743333333333334,12.283333333333331,,99.5,79.9392,8034.847,3908.054,2418.165,790.872,794.021,292.975,387.978,103967.0,1725.0,1663.0,,2175.2,usa
1984-06-30,103.7,54.3075,153.17999267578125,235825000.0,149830500.0,7.433333333333334,10.554725274725277,13.2,13.2,12.356666666666667,13.006666666666666,9.796666666666669,0.8473015873015873,14.7,13.213333333333331,,96.56666666666666,80.77843333333333,8173.67,4009.601,2475.876,818.894,819.132,302.2,406.501,105591.0,1814.0,1843.0,,2215.1,usa
1984-09-30,104.7,54.3696,166.10000610351562,235825000.0,150265800.0,7.433333333333334,11.392282608695652,12.866666666666667,12.866666666666667,12.503333333333332,12.826666666666666,10.32,0.3603174603174603,14.71,12.99,,98.86666666666667,80.83143333333334,8252.465,4084.25,2513.523,838.852,835.72,305.744,409.591,105490.0,1523.0,1698.0,,2244.4,usa
1984-12-31,105.5,54.5556,167.24000549316406,235825000.0,150684100.0,7.3,9.2625,11.743333333333334,11.743333333333334,10.81,11.486666666666666,8.803333333333333,0.9219672131147542,13.606666666666667,12.35,,94.96666666666664,80.3168,8320.199,4148.551,2561.797,831.741,862.769,308.603,416.359,106223.0,1626.0,1612.0,,2306.4,usa
1985-03-31,106.8,54.7673,180.66000366210938,237924000.0,150801900.0,7.233333333333333,8.475111111111111,11.583333333333334,11.583333333333334,10.27,11.193333333333332,8.183333333333332,1.3115,13.393333333333333,12.256666666666668,,94.46666666666664,80.00953333333334,8400.82,4230.168,2636.008,809.865,875.592,306.01,397.308,106989.0,1727.0,1800.0,,2366.2,usa
1985-06-30,107.5,54.711,191.85000610351562,237924000.0,151253600.0,7.3,7.924395604395604,10.813333333333333,10.813333333333333,9.39,10.316666666666666,7.460000000000001,1.4219047619047618,13.02,11.63,,94.3,79.49856666666666,8474.787,4294.887,2681.764,827.04,900.527,304.126,418.571,106505.0,1716.0,1676.0,,2412.6,usa
1985-09-30,108.1,54.8147,182.0800018310547,237924000.0,151473300.0,7.2,7.900978260869565,10.336666666666666,10.336666666666666,8.896666666666667,9.773333333333332,7.1066666666666665,1.4395238095238094,12.47,11.03,,92.83333333333331,78.8594,8604.22,4386.773,2754.148,822.157,927.363,297.273,414.168,107657.0,1916.0,1676.0,,2456.4,usa
1985-12-31,109.5,55.3553,211.27999877929688,237924000.0,151926000.0,7.033333333333334,8.104456521739131,9.76,9.76,8.53,9.233333333333333,7.166666666666667,1.2316129032258063,11.976666666666668,10.576666666666666,,91.06666666666668,78.84686666666666,8668.188,4444.094,2779.4,859.545,938.584,305.433,438.867,108216.0,1794.0,1942.0,,2492.1,usa
1986-03-31,109.1,54.8728,238.89999389648438,240133000.0,152610600.0,7.033333333333334,7.826888888888888,8.556666666666667,8.556666666666667,7.773333333333333,8.16,6.896666666666666,0.7893333333333333,11.016666666666666,9.573333333333332,1.0120338983050847,95.53333333333336,78.9457,8749.127,4507.894,2823.648,863.457,946.803,313.404,439.418,108837.0,1780.0,1876.0,,2533.1,usa
1986-06-30,109.4,54.826,250.83999633789062,240133000.0,153040900.0,7.166666666666667,6.918461538461539,7.603333333333333,7.603333333333333,6.983333333333333,7.403333333333333,6.140000000000001,0.62015625,10.273333333333332,9.003333333333332,0.8590476190476191,96.76666666666668,78.17196666666666,8788.524,4545.34,2851.456,855.237,967.519,315.119,443.99,109576.0,1790.0,1847.0,,2605.0,usa
1986-09-30,110.0,55.2237,231.32000732421875,240133000.0,153443600.0,6.966666666666666,6.20945652173913,7.3066666666666675,7.3066666666666675,6.45,6.926666666666667,5.523333333333333,0.85578125,10.18,8.83,0.766984126984127,94.83333333333331,78.20206666666667,8872.601,4607.669,2917.201,835.832,993.597,320.471,459.432,110085.0,1686.0,1687.0,,2667.8,usa
1986-12-31,110.8,56.2078,242.1699981689453,240133000.0,153809700.0,6.833333333333333,6.266739130434782,7.263333333333333,7.263333333333333,6.276666666666666,6.753333333333333,5.353333333333333,0.988225806451613,10.093333333333334,8.676666666666668,0.8081967213114754,92.03333333333336,78.7782,8920.193,4657.627,2952.807,842.063,996.385,334.999,468.628,110728.0,1903.0,1833.0,,2728.0,usa
1987-03-31,112.2,56.8136,291.70001220703125,242289000.0,154194600.0,6.599999999999999,6.222555555555555,7.1933333333333325,7.1933333333333325,6.3500000000000005,6.739999999999999,5.536666666666666,0.8442622950819673,9.66,8.366666666666667,0.8477049180327869,90.46666666666664,79.4448,8986.367,4722.156,2983.513,871.196,1008.681,336.451,477.685,111408.0,1704.0,1726.0,,2753.7,usa
1987-06-30,113.5,57.8502,304.0,242289000.0,154664500.0,6.266666666666667,6.65,8.343333333333334,8.343333333333334,7.45,7.95,5.656666666666666,0.8926984126984128,10.356666666666667,9.166666666666666,1.500327868852459,91.8,80.44566666666667,9083.256,4806.16,3053.33,874.588,1025.219,355.36,502.337,112246.0,1522.0,1594.0,,2774.6,usa
1987-09-30,114.7,58.9088,321.8299865722656,242289000.0,154922600.0,6.0,6.839565217391304,8.876666666666667,8.876666666666667,7.843333333333334,8.423333333333334,6.043333333333334,1.0296875,10.906666666666666,9.756666666666666,1.1885714285714284,93.9,81.53746666666666,9162.024,4884.555,3117.358,876.466,1036.195,371.854,517.318,112909.0,1514.0,1695.0,,2799.5,usa
1987-12-31,115.6,60.3246,247.0800018310547,242289000.0,155263700.0,5.833333333333333,6.919673913043479,9.123333333333331,9.123333333333331,7.983333333333334,8.626666666666667,5.863333333333333,1.1390322580645162,11.38,10.213333333333331,2.1101639344262293,86.39999999999999,83.1255,9319.332,5007.994,3150.916,946.459,1056.024,392.107,537.511,113793.0,1345.0,1400.0,,2826.4,usa
1988-03-31,116.5,60.7452,258.8900146484375,244499000.0,155611900.0,5.7,6.665934065934066,8.416666666666666,8.416666666666666,7.359999999999999,7.906666666666666,5.723333333333334,1.0593548387096776,10.753333333333332,9.556666666666668,1.241774193548387,92.33333333333331,83.6413,9367.502,5073.372,3231.896,908.569,1056.893,418.727,542.714,114037.0,1525.0,1532.0,,2890.7,usa
1988-06-30,118.0,61.1615,273.5,244499000.0,155986700.0,5.466666666666666,7.154945054945055,8.91,8.91,7.873333333333332,8.42,6.21,1.0355555555555556,10.98,9.81,1.271639344262295,93.56666666666666,84.2229,9490.594,5190.036,3291.716,934.525,1070.421,439.471,546.098,114927.0,1485.0,1478.0,,2938.4,usa
1988-09-30,119.5,61.2785,271.9100036621094,244499000.0,156291700.0,5.466666666666666,7.983478260869566,9.1,9.1,8.456666666666667,8.763333333333334,7.010000000000001,0.6384375,11.073333333333332,9.963333333333331,1.4028571428571428,96.03333333333336,84.40126666666667,9546.206,5282.835,3361.899,942.009,1078.19,453.586,552.849,115356.0,1436.0,1492.0,,2956.9,usa
1988-12-31,120.7,61.9851,277.7200012207031,244499000.0,156618400.0,5.333333333333333,8.468478260869565,8.956666666666667,8.956666666666667,8.703333333333333,8.796666666666667,7.726666666666667,0.2478688524590163,10.513333333333334,9.51,1.2955,93.0,84.80276666666667,9673.405,5399.509,3434.539,962.748,1109.916,466.619,574.314,116104.0,1501.0,1563.0,,2988.2,usa
1989-03-31,122.2,62.0508,294.8699951171875,246819000.0,156876700.0,5.2,9.446444444444444,9.206666666666663,9.206666666666663,9.409999999999998,9.31,8.54,-0.2067213114754098,10.643333333333333,9.686666666666667,1.2835,95.86666666666667,84.88166666666667,9771.725,5511.253,3490.172,1005.487,1116.559,485.189,586.154,117022.0,1214.0,1422.0,,2999.7,usa
1989-06-30,124.1,61.6857,317.9800109863281,246819000.0,157013800.0,5.233333333333333,9.725714285714286,8.773333333333333,8.773333333333333,8.959999999999999,8.833333333333334,8.41,-0.18515625,10.366666666666667,9.486666666666666,1.3668253968253967,90.93333333333334,84.1117,9846.293,5612.463,3553.767,1001.047,1145.809,507.229,595.389,117418.0,1322.0,1397.0,,3027.9,usa
1989-09-30,124.8,61.4794,349.1499938964844,246819000.0,157618200.0,5.233333333333333,9.08358695652174,8.106666666666667,8.106666666666667,8.08,8.03,7.843333333333334,0.0215873015873015,9.886666666666668,8.966666666666667,1.0708064516129032,92.46666666666664,83.04233333333333,9919.228,5695.365,3609.399,996.46,1164.58,509.352,584.427,117354.0,1314.0,1279.0,,3092.5,usa
1989-12-31,126.3,61.9588,353.3999938964844,246819000.0,157899800.0,5.366666666666667,8.61445652173913,7.906666666666666,7.906666666666666,7.853333333333334,7.843333333333334,7.653333333333333,0.0553225806451612,9.813333333333334,8.89,0.97327868852459,91.76666666666668,82.76116666666667,9938.767,5747.237,3653.692,995.809,1180.5,515.387,598.152,117830.0,1422.0,1251.0,,3152.5,usa
1990-03-31,128.6,62.4916,339.94000244140625,249623000.0,159471100.0,5.3,8.248000000000001,8.423333333333334,8.423333333333334,8.363333333333333,8.38,7.760000000000001,0.0590322580645161,10.096666666666666,9.193333333333332,0.642741935483871,91.26666666666668,82.75986666666667,10047.386,5872.701,3737.948,1010.838,1212.45,538.232,626.767,119203.0,1246.0,1289.0,,3190.1,usa
1990-06-30,129.9,62.7479,358.0199890136719,249623000.0,159721700.0,5.333333333333333,8.239340659340659,8.676666666666668,8.676666666666668,8.57,8.646666666666667,7.746666666666667,0.103015873015873,10.31,9.396666666666668,0.7159016393442623,90.93333333333334,82.78246666666666,10083.855,5960.028,3783.421,1014.72,1230.721,545.925,614.759,118983.0,1108.0,1177.0,,3213.7,usa
1990-09-30,132.5,62.8839,306.04998779296875,249623000.0,160222500.0,5.7,8.160217391304348,8.703333333333333,8.703333333333333,8.1,8.426666666666668,7.476666666666667,0.6025396825396826,10.416666666666666,9.403333333333334,0.6885483870967741,79.13333333333334,82.64743333333332,10090.569,6015.116,3846.7,1000.785,1242.584,555.149,630.102,118524.0,976.0,1110.0,,3254.6,usa
1990-12-31,134.2,61.2885,330.2200012207031,249623000.0,160677800.0,6.133333333333333,7.743369565217391,8.396666666666667,8.396666666666667,7.596666666666667,8.026666666666666,6.989999999999999,0.8001612903225807,10.596666666666666,9.293333333333337,1.0898360655737709,65.13333333333334,81.02123333333333,9998.704,6004.733,3867.909,947.453,1268.467,568.186,647.282,118241.0,861.0,969.0,,3271.8,usa
1991-03-31,134.8,60.2973,375.2200012207031,252981000.0,160880900.0,6.6000000000000005,6.430444444444444,8.016666666666666,8.016666666666666,7.033333333333334,7.646666666666666,6.023333333333333,0.9871666666666666,10.203333333333331,8.933333333333332,0.8575,74.96666666666667,79.24149999999999,9951.916,6035.178,3873.562,924.569,1284.187,573.177,620.317,117652.0,911.0,921.0,,3321.9,usa
1991-06-30,136.0,61.5514,371.1600036621094,252981000.0,161167900.0,6.833333333333333,5.864065934065934,8.13,8.13,6.896666666666667,7.78,5.56,1.23140625,9.92,8.909999999999998,0.6035483870967743,80.73333333333333,79.48623333333335,10029.51,6126.862,3926.932,926.541,1296.577,590.733,613.921,117639.0,964.0,1036.0,,3351.9,usa
1991-09-30,137.0,62.2369,387.8599853515625,252981000.0,161535600.0,6.866666666666667,5.645217391304348,7.94,7.94,6.510000000000001,7.493333333333333,5.376666666666666,1.42890625,9.683333333333334,8.786666666666667,0.4693650793650794,82.63333333333334,80.39953333333334,10080.195,6205.937,3973.269,947.476,1306.265,600.595,621.669,117928.0,974.0,1015.0,,3354.9,usa
1991-12-31,138.2,61.806,417.0899963378906,252981000.0,162021100.0,7.1000000000000005,4.818478260869566,7.346666666666667,7.346666666666667,5.5,6.56,4.54,1.8412903225806447,9.4,8.446666666666667,0.5049180327868853,71.86666666666666,80.2662,10115.329,6264.54,4000.032,978.788,1308.774,615.217,638.27,117466.0,1061.0,1079.0,,3372.2,usa
1992-03-31,139.1,62.4403,403.69000244140625,256514000.0,162181000.0,7.366666666666667,4.024285714285714,7.303333333333334,7.303333333333334,5.286666666666666,6.59,3.893333333333333,2.0130645161290324,9.203333333333331,8.28,0.3540322580645161,70.76666666666667,79.74543333333334,10236.435,6363.102,4100.401,956.817,1326.421,625.287,645.823,118144.0,1082.0,1297.0,-2641.0,3403.9,usa
1992-06-30,140.1,63.1624,408.1400146484375,256514000.0,162368700.0,7.6,3.774065934065934,7.376666666666666,7.376666666666666,5.206666666666667,6.650000000000001,3.68,2.172857142857143,9.13,8.276666666666666,0.3611475409836066,78.93333333333334,80.6717,10347.429,6470.763,4155.66,1013.084,1334.807,626.163,658.951,118419.0,1057.0,1145.0,-2824.0,3393.4,usa
1992-09-30,141.1,63.5834,417.79998779296875,256514000.0,163070700.0,7.633333333333333,3.259239130434783,6.616666666666667,6.616666666666667,4.146666666666667,5.6066666666666665,3.083333333333333,2.46796875,8.703333333333333,7.98,0.3357142857142857,76.1,80.75993333333334,10449.673,6566.641,4226.971,1024.162,1353.997,639.365,677.853,118720.0,1114.0,1186.0,-3530.0,3410.3,usa
1992-12-31,142.3,64.3599,435.7099914550781,256514000.0,163524900.0,7.366666666666667,3.034891304347826,6.743333333333333,6.743333333333333,4.443333333333333,5.906666666666666,3.0700000000000003,2.295645161290323,8.87,8.023333333333333,0.5495081967213116,83.2,81.0784,10558.648,6680.803,4307.205,1057.962,1362.775,641.396,688.536,118997.0,1176.0,1227.0,-5603.0,3424.7,usa
1993-03-31,143.3,64.8627,451.6700134277344,259919000.0,163676300.0,7.133333333333333,3.0423333333333336,6.28,6.28,4.1466666666666665,5.483333333333333,2.9600000000000004,2.1250819672131147,8.403333333333334,7.733333333333333,0.3134426229508197,87.26666666666667,81.3865,10576.275,6729.459,4349.515,1083.829,1351.818,643.606,699.31,119542.0,1056.0,1083.0,-6777.0,3411.7,usa
1993-06-30,144.3,64.9476,450.5299987792969,259919000.0,164002300.0,7.066666666666666,2.9972527472527477,5.989999999999999,5.989999999999999,3.9933333333333336,5.183333333333334,2.966666666666667,1.9923809523809524,8.14,7.406666666666666,0.3014754098360656,82.46666666666665,81.17559999999999,10637.847,6808.939,4418.581,1094.479,1359.066,653.094,716.281,120290.0,1130.0,1280.0,-6929.0,3442.4,usa
1993-09-30,145.0,65.3749,458.92999267578125,259919000.0,164592800.0,6.8,3.057717391304348,5.616666666666667,5.616666666666667,3.973333333333333,4.95,3.0033333333333334,1.64140625,7.623333333333332,6.8933333333333335,0.2553968253968254,77.39999999999999,81.1059,10688.606,6882.098,4487.189,1095.852,1367.411,650.897,719.251,120554.0,1251.0,1343.0,-7031.0,3452.2,usa
1993-12-31,146.3,66.5531,466.45001220703125,259919000.0,164983700.0,6.633333333333333,2.988260869565217,5.6066666666666665,5.6066666666666665,4.08,4.973333333333334,3.06,1.530967741935484,7.553333333333334,6.843333333333334,0.3595,84.03333333333335,81.91183333333333,10833.987,7013.738,4552.651,1153.142,1381.394,671.6,745.049,121464.0,1461.0,1533.0,-5719.0,3474.5,usa
1994-03-31,147.1,67.4704,445.7699890136719,263126000.0,165404300.0,6.566666666666666,3.209333333333334,6.066666666666666,6.066666666666666,4.536666666666666,5.476666666666667,3.2433333333333336,1.530645161290323,7.846666666666667,7.16,0.3272131147540983,93.0,82.34743333333334,10939.116,7115.652,4621.223,1201.675,1373.35,681.232,761.827,121930.0,1342.0,1564.0,-6466.0,3480.1,usa
1994-06-30,147.9,68.645,444.2699890136719,263126000.0,165812700.0,6.2,3.938021978021978,7.083333333333333,7.083333333333333,5.816666666666666,6.666666666666667,3.9866666666666655,1.262741935483871,8.596666666666666,7.946666666666666,0.4808333333333333,92.2,83.15816666666667,11087.361,7246.931,4683.163,1264.948,1389.392,706.988,797.56,122634.0,1357.0,1409.0,-8380.0,3479.5,usa
1994-09-30,149.3,69.3935,462.7099914550781,263126000.0,166130300.0,6.0,4.485434782608695,7.333333333333333,7.333333333333333,6.233333333333333,6.956666666666667,4.476666666666667,1.09484375,8.840000000000002,8.173333333333334,0.490952380952381,90.73333333333332,83.43973333333334,11152.176,7331.075,4752.761,1251.749,1423.432,736.883,833.751,123687.0,1412.0,1474.0,-8310.0,3486.1,usa
1994-12-31,150.1,71.1273,459.2699890136719,263126000.0,166418700.0,5.633333333333333,5.167934782608696,7.836666666666666,7.836666666666666,7.156666666666666,7.633333333333333,5.28,0.6745901639344262,9.206666666666663,8.57,0.6841666666666666,93.13333333333333,84.30836666666667,11279.932,7455.288,4826.713,1307.566,1422.923,758.646,860.559,124721.0,1396.0,1455.0,-8456.0,3486.4,usa
1995-03-31,151.2,71.2796,500.7099914550781,266278000.0,166676100.0,5.466666666666666,5.802777777777778,7.483333333333333,7.483333333333333,7.133333333333333,7.393333333333333,5.736666666666667,0.3567741935483871,8.876666666666667,8.28,0.5551612903225807,94.33333333333331,84.35683333333334,11319.951,7522.289,4862.436,1327.586,1437.596,781.57,886.899,124955.0,1226.0,1249.0,-9708.0,3491.1,usa
1995-06-30,152.4,71.7327,544.75,266278000.0,167066300.0,5.666666666666667,6.019120879120879,6.62,6.62,6.153333333333333,6.4,5.596666666666667,0.4684126984126984,8.233333333333333,7.66,0.5204918032786885,91.66666666666669,83.77556666666668,11353.721,7580.997,4933.609,1303.988,1452.892,798.851,908.343,124522.0,1305.0,1281.0,-10623.0,3548.9,usa
1995-09-30,153.1,72.6543,584.4099731445312,266278000.0,167462000.0,5.666666666666667,5.797173913043479,6.323333333333333,6.323333333333333,5.8566666666666665,6.083333333333333,5.366666666666667,0.4676190476190476,8.053333333333333,7.433333333333334,0.5183870967741936,93.16666666666669,83.67953333333334,11450.31,7683.125,4998.662,1303.248,1455.659,831.399,905.843,125133.0,1421.0,1369.0,-5924.0,3602.1,usa
1995-12-31,153.9,72.9638,615.9299926757812,266278000.0,167955900.0,5.566666666666666,5.719456521739131,5.8933333333333335,5.8933333333333335,5.5,5.686666666666667,5.260000000000001,0.3954838709677419,7.640000000000001,6.986666666666667,0.5963934426229509,89.8,83.35803333333332,11528.067,7772.586,5055.655,1335.135,1451.575,839.421,909.201,125088.0,1442.0,1431.0,-6271.0,3629.5,usa
1996-03-31,155.5,73.5141,645.5,269394000.0,168278400.0,5.533333333333334,5.370989010989011,5.91,5.91,5.266666666666667,5.57,4.93,0.6403225806451613,7.71,7.05,0.4759677419354839,90.5,82.8385,11614.418,7868.468,5130.615,1355.353,1471.295,847.94,936.735,125862.0,1437.0,1424.0,-7756.0,3686.9,usa
1996-06-30,156.7,75.3726,670.6300048828125,269394000.0,168761500.0,5.5,5.243956043956044,6.72,6.72,6.12,6.489999999999999,5.02,0.60328125,8.296666666666667,7.609999999999999,0.5009836065573771,91.5,83.46640000000001,11808.14,8032.84,5220.499,1418.388,1487.662,859.042,952.751,126602.0,1429.0,1467.0,-7460.0,3722.5,usa
1996-09-30,157.7,76.2302,687.3300170898438,269394000.0,169231000.0,5.266666666666667,5.306195652173913,6.78,6.78,6.176666666666667,6.543333333333333,5.096666666666667,0.6,8.293333333333333,7.59,0.5003174603174603,94.9,83.3845,11914.063,8131.408,5274.505,1474.35,1496.733,859.577,973.757,127536.0,1392.0,1475.0,-10195.0,3753.4,usa
1996-12-31,159.1,77.3772,740.739990234375,269394000.0,169835100.0,5.333333333333333,5.280869565217392,6.343333333333334,6.343333333333334,5.796666666666667,6.103333333333333,4.976666666666667,0.550483870967742,7.916666666666667,7.229999999999999,0.5595081967213115,97.53333333333336,83.33986666666668,12037.775,8259.771,5352.763,1480.128,1515.702,903.798,992.62,127860.0,1411.0,1370.0,-10475.0,3818.6,usa
1997-03-31,159.8,78.9197,757.1199951171875,272657000.0,170642800.0,5.233333333333333,5.278444444444444,6.5633333333333335,6.5633333333333335,6.043333333333333,6.3566666666666665,5.06,0.5223333333333333,8.07,7.426666666666667,0.5066101694915255,99.03333333333336,83.68256666666666,12115.472,8362.655,5433.105,1522.404,1515.985,918.374,1027.213,128891.0,1436.0,1457.0,-8383.0,3861.2,usa
1997-06-30,160.2,79.7971,885.1400146484375,272657000.0,171076300.0,5.0,5.522197802197802,6.696666666666666,6.696666666666666,6.273333333333333,6.57,5.046666666666667,0.42375,8.186666666666666,7.573333333333333,0.780952380952381,103.03333333333336,83.56956666666666,12317.221,8518.825,5471.267,1590.218,1542.541,954.45,1039.651,129412.0,1402.0,1494.0,-7154.0,3906.0,usa
1997-09-30,161.2,82.0327,947.280029296875,272657000.0,171522600.0,4.866666666666667,5.534673913043478,6.243333333333333,6.243333333333333,5.903333333333333,6.13,5.046666666666667,0.3384375,7.756666666666667,7.169999999999999,0.6852380952380953,105.83333333333331,84.06836666666668,12471.01,8662.823,5579.179,1625.251,1555.224,974.057,1070.888,130019.0,1494.0,1546.0,-9269.0,3973.1,usa
1997-12-31,161.8,83.784,970.4299926757812,272657000.0,172009600.0,4.666666666666667,5.507391304347826,5.906666666666666,5.906666666666666,5.733333333333333,5.833333333333333,5.09,0.1717741935483871,7.436666666666667,6.876666666666666,0.7495081967213114,104.96666666666664,84.59313333333334,12577.495,8765.907,5663.61,1644.529,1574.782,968.33,1085.344,130679.0,1456.0,1566.0,-11289.0,4032.9,usa
1998-03-31,162.0,84.342,1101.75,275854000.0,172393500.0,4.633333333333333,5.519333333333334,5.586666666666667,5.586666666666667,5.446666666666666,5.506666666666667,5.053333333333334,0.141311475409836,7.253333333333334,6.666666666666667,0.609344262295082,107.83333333333331,83.88766666666668,12703.742,8866.48,5721.342,1712.324,1568.029,963.021,1098.236,130814.0,1605.0,1567.0,-12880.0,4114.3,usa
1998-06-30,162.8,84.6809,1133.8399658203125,275854000.0,172926100.0,4.4,5.497472527472527,5.596666666666667,5.596666666666667,5.556666666666666,5.586666666666666,4.976666666666667,0.0349206349206349,7.253333333333333,6.636666666666667,0.7180327868852459,106.93333333333334,82.85943333333334,12821.339,8969.699,5832.566,1695.773,1603.691,947.295,1109.626,131244.0,1551.0,1641.0,-13247.0,4184.1,usa
1998-09-30,163.5,86.0023,1017.010009765625,275854000.0,173429900.0,4.533333333333333,5.531630434782609,5.203333333333333,5.203333333333333,5.133333333333333,5.116666666666666,4.823333333333333,0.07125,7.126666666666666,6.489999999999999,0.796984126984127,103.5,82.10563333333333,12982.752,9121.097,5926.846,1741.623,1627.262,935.263,1109.897,131986.0,1577.0,1582.0,-14820.0,4267.7,usa
1998-12-31,164.4,86.8615,1229.22998046875,275854000.0,173884300.0,4.433333333333334,4.86054347826087,4.670000000000001,4.670000000000001,4.38,4.39,4.253333333333333,0.2856451612903226,7.25,6.333333333333333,1.0222950819672132,100.2,82.0549,13191.67,9293.991,6028.238,1796.964,1647.452,966.337,1145.0,132602.0,1742.0,1792.0,-14745.0,4375.6,usa
1999-03-31,164.8,87.9125,1286.3699951171875,279040000.0,174667400.0,4.3,4.734555555555556,4.983333333333333,4.983333333333333,4.8500000000000005,4.883333333333333,4.406666666666667,0.1391803278688524,7.403333333333333,6.420000000000001,0.5952459016393443,105.9,81.90716666666667,13315.597,9411.682,6102.04,1853.063,1669.139,960.764,1173.324,132947.0,1665.0,1710.0,-17719.0,4432.6,usa
1999-06-30,166.0,88.5903,1372.7099609375,279040000.0,175242200.0,4.266666666666667,4.747692307692308,5.54,5.54,5.283333333333334,5.4433333333333325,4.453333333333333,0.25703125,7.739999999999999,6.933333333333334,0.6173770491803278,106.23333333333332,81.72586666666666,13426.748,9526.21,6230.641,1848.341,1694.757,974.597,1222.126,133378.0,1702.0,1559.0,-22892.0,4508.0,usa
1999-09-30,167.8,89.1304,1282.7099609375,279040000.0,175713100.0,4.233333333333333,5.09554347826087,5.883333333333333,5.883333333333333,5.63,5.773333333333333,4.65,0.250625,8.1,7.326666666666667,0.7946031746031746,105.9,81.57183333333333,13604.771,9686.626,6335.31,1893.735,1733.984,1005.309,1281.712,133707.0,1551.0,1635.0,-22699.0,4568.8,usa
1999-12-31,168.8,91.4784,1469.25,279040000.0,176186500.0,4.066666666666666,5.304021739130435,6.140000000000001,6.140000000000001,5.94,6.0633333333333335,5.043333333333334,0.1966129032258064,8.24,7.486666666666667,1.0981355932203392,105.26666666666668,82.14370000000001,13827.98,9900.169,6467.039,1953.097,1781.74,1030.971,1332.679,134523.0,1683.0,1708.0,-25939.0,4639.3,usa
2000-03-31,171.0,92.083,1498.5799560546875,282162411.0,178370500.0,4.033333333333333,5.677692307692308,6.48,6.48,6.526666666666667,6.586666666666666,5.5200000000000005,-0.0579365079365079,8.33,7.713333333333334,0.5845161290322581,110.13333333333333,82.10716666666667,13878.147,10002.179,6618.217,1950.65,1789.895,1052.904,1409.487,136701.0,1651.0,1604.0,-30557.0,4711.7,usa
2000-06-30,172.2,93.0018,1454.5999755859375,282162411.0,179071200.0,3.9333333333333336,6.271978021978022,6.176666666666667,6.176666666666667,6.5633333333333335,6.416666666666667,5.713333333333334,-0.3877777777777778,8.593333333333334,7.766666666666667,0.92,108.76666666666668,82.27606666666667,14130.908,10247.72,6711.911,2075.786,1822.524,1093.36,1455.86,136940.0,1572.0,1559.0,-30405.0,4773.6,usa
2000-09-30,173.6,92.9827,1436.510009765625,282162411.0,179614500.0,4.0,6.51945652173913,5.8933333333333335,5.8933333333333335,6.216666666666666,6.056666666666666,6.016666666666667,-0.3271428571428571,8.32,7.606666666666666,0.6811290322580644,107.46666666666664,81.40613333333333,14145.312,10318.165,6819.984,2059.969,1832.078,1125.002,1518.869,136893.0,1570.0,1507.0,-33333.0,4855.2,usa
2000-12-31,174.6,92.3457,1320.280029296875,282162411.0,180062100.0,3.9,6.474891304347826,5.566666666666666,5.566666666666666,5.713333333333334,5.55,6.016666666666667,-0.1483870967741935,8.213333333333333,7.403333333333333,0.669672131147541,103.93333333333334,80.3854,14229.765,10435.744,6918.606,2067.227,1861.253,1113.177,1524.52,137614.0,1543.0,1532.0,-33420.0,4927.6,usa
2001-03-31,176.1,91.0585,1160.3299560546875,284968955.0,180598400.0,4.233333333333333,5.597,5.05,5.05,4.586666666666667,4.796666666666667,4.816666666666666,0.4640322580645161,7.88,7.076666666666667,0.5203225806451612,92.26666666666668,78.62716666666667,14183.12,10470.231,6995.298,1971.333,1906.253,1096.812,1499.464,137783.0,1659.0,1590.0,-32812.0,5074.8,usa
2001-06-30,177.7,89.7811,1224.3800048828125,284968955.0,181356400.0,4.4,4.326703296703297,5.27,5.27,4.19,4.833333333333333,3.66,1.0844444444444443,8.036666666666667,7.223333333333334,0.521311475409836,91.0,76.92906666666666,14271.694,10599.0,7042.25,1973.033,1947.731,1058.013,1422.028,136873.0,1626.0,1636.0,-29151.0,5180.1,usa
2001-09-30,178.1,88.6749,1040.93994140625,284968955.0,181988900.0,4.833333333333333,3.5015217391304345,4.98,4.98,3.64,4.483333333333333,3.17,1.3195081967213114,7.949999999999999,7.1066666666666665,0.2555,88.56666666666666,75.27283333333332,14214.516,10598.02,7070.337,1944.909,1953.408,998.902,1369.536,136846.0,1565.0,1562.0,-30217.0,5355.1,usa
2001-12-31,177.4,87.8518,1148.0799560546875,284968955.0,182712100.0,5.5,2.130434782608696,4.7700000000000005,4.7700000000000005,2.873333333333333,4.09,1.906666666666667,1.895,7.923333333333333,6.923333333333333,0.2367213114754098,85.13333333333334,73.95870000000001,14253.574,10660.465,7187.32,1850.091,1992.742,953.52,1323.208,136047.0,1680.0,1568.0,-27488.0,5440.5,usa
2002-03-31,178.5,89.1265,1147.3900146484375,287625193.0,183076900.0,5.7,1.732888888888889,5.076666666666667,5.076666666666667,3.203333333333333,4.46,1.72,1.8786666666666667,7.956666666666666,6.623333333333332,0.182,93.13333333333333,74.12483333333334,14372.785,10783.5,7217.715,1912.659,2040.01,969.157,1356.041,136177.0,1691.0,1642.0,-31161.0,5502.0,usa
2002-06-30,179.6,90.6736,989.8200073242188,287625193.0,183669200.0,5.833333333333333,1.7515384615384617,5.1000000000000005,5.1000000000000005,3.223333333333333,4.443333333333334,1.7133333333333332,1.8721875,8.023333333333333,6.713333333333334,0.2061666666666667,94.1,75.0518,14460.848,10887.46,7307.955,1933.282,2074.482,1004.154,1432.413,136415.0,1758.0,1717.0,-34732.0,5553.3,usa
2002-09-30,180.8,90.6373,815.280029296875,287625193.0,184252100.0,5.733333333333333,1.7408695652173911,4.260000000000001,4.260000000000001,2.23,3.3466666666666662,1.643333333333333,2.03359375,7.626666666666668,6.3500000000000005,0.1666666666666666,87.26666666666665,75.4436,14519.633,10984.04,7397.135,1933.197,2101.256,1015.56,1463.107,137302.0,1803.0,1804.0,-36088.0,5662.3,usa
2002-12-31,181.8,90.3906,879.8200073242188,287625193.0,184904600.0,5.866666666666667,1.4442391304347826,4.006666666666667,4.006666666666667,1.89,3.01,1.3333333333333333,2.1151612903225807,7.6,6.28,0.2147540983606557,83.83333333333333,75.43586666666666,14537.58,11061.433,7472.958,1942.531,2142.232,1003.046,1499.335,136426.0,1896.0,1788.0,-43607.0,5779.4,usa
2003-03-31,183.9,91.0006,848.1799926757812,290107933.0,186118700.0,5.866666666666667,1.2496666666666667,3.92,3.92,1.6466666666666665,2.91,1.1566666666666665,2.270983606557377,7.12,6.003333333333333,0.1768852459016393,79.96666666666667,75.9953,14614.141,11174.129,7567.16,1960.221,2172.01,1004.201,1529.463,137434.0,1757.0,1726.0,-43806.0,5868.4,usa
2003-06-30,183.1,90.5196,974.5,290107933.0,186888000.0,6.133333333333333,1.2467032967032967,3.62,3.62,1.4233333333333331,2.5733333333333337,1.04,2.199047619047619,6.473333333333334,5.31,0.1981967213114754,89.26666666666667,75.51623333333333,14743.567,11312.766,7661.458,1972.386,2198.793,1007.465,1527.336,137790.0,1875.0,1867.0,-39696.0,6002.2,usa
2003-09-30,185.1,91.3819,995.969970703125,290107933.0,187556300.0,6.133333333333333,1.0168478260869565,4.233333333333333,4.233333333333333,1.68,3.14,0.93,2.549375,6.806666666666668,5.696666666666666,0.2015873015873016,89.3,76.08186666666667,14988.782,11566.669,7820.927,2044.304,2220.432,1037.31,1556.304,137609.0,1961.0,1939.0,-41842.0,6079.7,usa
2003-12-31,185.5,92.1732,1111.9200439453125,290107933.0,188028800.0,5.833333333333333,0.9967391304347828,4.286666666666666,4.286666666666666,1.8633333333333333,3.25,0.9166666666666666,2.428870967741936,6.663333333333334,5.656666666666666,0.2498360655737705,91.96666666666664,76.85386666666666,15162.76,11772.234,7913.453,2131.311,2251.164,1091.682,1615.376,138411.0,1987.0,2057.0,-44080.0,6073.8,usa
2004-03-31,187.1,92.5368,1126.2099609375,292805298.0,188105300.0,5.7,1.001868131868132,4.0200000000000005,4.0200000000000005,1.6933333333333334,2.9933333333333336,0.9166666666666666,2.323387096774194,6.273333333333333,5.456666666666667,0.205,98.0,77.43603333333333,15248.68,11923.447,8048.777,2154.052,2286.594,1133.669,1699.644,138453.0,2066.0,1998.0,-46754.0,6157.9,usa
2004-06-30,188.9,92.8651,1140.8399658203125,292805298.0,188689100.0,5.599999999999999,1.0113186813186814,4.6000000000000005,4.6000000000000005,2.453333333333333,3.723333333333333,1.0766666666666669,2.14241935483871,6.663333333333334,5.926666666666667,0.223,93.33333333333331,77.9207,15366.85,12112.815,8147.108,2262.607,2320.682,1170.152,1787.734,139174.0,2020.0,1828.0,-54169.0,6277.9,usa
2004-09-30,189.8,93.7353,1114.5799560546875,292805298.0,189275100.0,5.433333333333334,1.4307608695652174,4.303333333333334,4.303333333333334,2.56,3.5066666666666664,1.4866666666666666,1.74484375,6.45,5.6433333333333335,0.2685714285714285,95.6,78.37783333333334,15512.619,12305.307,8283.335,2318.272,2356.371,1180.185,1832.856,139487.0,2041.0,1905.0,-51686.0,6352.2,usa
2004-12-31,191.7,95.5415,1211.9200439453125,292805298.0,189846200.0,5.433333333333334,1.9498913043478256,4.173333333333333,4.173333333333333,2.813333333333333,3.4933333333333336,2.0066666666666664,1.3533870967741934,6.186666666666667,5.486666666666667,0.2901666666666667,93.86666666666667,79.43769999999999,15670.88,12527.214,8448.621,2390.082,2388.847,1221.444,1921.78,140125.0,2082.0,2042.0,-54918.0,6424.5,usa
2005-03-31,193.1,96.4345,1180.5899658203125,295516599.0,190426600.0,5.3,2.4690000000000003,4.296666666666667,4.296666666666667,3.4433333333333334,3.883333333333333,2.536666666666666,0.848688524590164,5.966666666666666,5.32,0.298135593220339,94.06666666666666,80.38383333333333,15844.727,12767.286,8551.735,2486.068,2426.138,1258.408,1955.063,140654.0,2062.0,1864.0,-53134.0,6448.3,usa
2005-06-30,193.7,97.1483,1191.3299560546875,295516599.0,190897900.0,5.1000000000000005,2.941758241758241,4.16,4.16,3.643333333333333,3.8733333333333335,2.8633333333333333,0.51265625,5.973333333333334,5.146666666666667,0.4201587301587301,90.2,80.57293333333334,15922.782,12922.656,8701.145,2476.474,2452.246,1294.853,2002.063,141714.0,2178.0,2068.0,-58152.0,6511.7,usa
2005-09-30,198.8,95.2764,1228.81005859375,295516599.0,191471700.0,4.966666666666667,3.46,4.213333333333334,4.213333333333334,3.953333333333333,4.036666666666666,3.36,0.2571875,5.98,5.093333333333333,0.4168253968253968,87.5,79.90626666666667,16047.587,13142.642,8868.089,2531.076,2494.438,1302.315,2053.275,142401.0,2263.0,2151.0,-64882.0,6610.1,usa
2005-12-31,198.1,97.9723,1248.2900390625,295516599.0,192184000.0,4.966666666666667,3.978260869565217,4.489999999999999,4.489999999999999,4.363333333333333,4.39,3.826666666666666,0.1236065573770491,6.336666666666666,5.38,0.5121666666666667,82.43333333333334,80.283,16136.734,13324.204,8955.295,2645.263,2528.432,1350.743,2155.529,142752.0,2120.0,1994.0,-64568.0,6687.8,usa
2006-03-31,199.7,98.3913,1294.8699951171875,298379912.0,192619900.0,4.733333333333333,4.454111111111112,4.57,4.57,4.6000000000000005,4.546666666666667,4.3933333333333335,-0.0275806451612903,6.306666666666668,5.390000000000001,0.3690322580645161,88.93333333333334,80.68316666666668,16353.835,13599.16,9100.153,2709.74,2580.086,1413.966,2204.784,143741.0,2118.0,1969.0,-62397.0,6769.3,usa
2006-06-30,201.8,99.0398,1270.199951171875,298379912.0,193179800.0,4.633333333333333,4.907582417582417,5.07,5.07,4.993333333333333,4.99,4.703333333333333,0.0747619047619047,6.736666666666667,5.8933333333333335,0.5136065573770492,83.8,80.76793333333333,16396.151,13753.424,9227.649,2709.252,2610.565,1459.767,2253.809,144353.0,1867.0,1802.0,-63800.0,6851.8,usa
2006-09-30,202.8,99.2246,1335.8499755859375,298379912.0,193582500.0,4.633333333333334,5.2453260869565215,4.8966666666666665,4.8966666666666665,4.93,4.843333333333334,4.906666666666666,-0.0355555555555555,6.593333333333334,5.68,0.5275806451612903,84.03333333333335,80.61863333333334,16420.738,13870.188,9353.772,2709.42,2630.28,1475.417,2298.702,144815.0,1655.0,1720.0,-65095.0,6952.4,usa
2006-12-31,203.1,100.1125,1418.300048828125,298379912.0,194096900.0,4.433333333333334,5.242934782608696,4.63,4.63,4.736666666666667,4.6000000000000005,4.903333333333333,-0.1069354838709677,6.28,5.386666666666667,0.4650819672131148,92.46666666666664,80.2667,16561.866,14039.56,9427.368,2675.406,2674.454,1531.531,2269.198,145970.0,1638.0,1649.0,-61882.0,7080.1,usa
2007-03-31,205.288,100.8952,1420.8599853515625,301231207.0,195158400.0,4.5,5.254555555555556,4.68,4.68,4.766666666666667,4.646666666666667,4.983333333333333,-0.0814516129032258,6.296666666666667,5.363333333333333,0.377258064516129,92.2,80.5114,16611.69,14215.651,9572.138,2664.295,2718.491,1577.991,2317.264,146320.0,1596.0,1495.0,-62183.0,7168.2,usa
2007-06-30,207.234,101.6547,1503.3499755859375,301231207.0,195657900.0,4.5,5.252417582417583,4.846666666666667,4.846666666666667,4.806666666666667,4.763333333333333,4.736666666666667,0.04234375,6.493333333333333,5.576666666666667,0.6277049180327868,86.89999999999999,80.93483333333334,16713.314,14402.082,9678.713,2699.217,2769.958,1622.764,2368.569,146063.0,1407.0,1448.0,-59997.0,7287.8,usa
2007-09-30,208.547,101.9428,1526.75,301231207.0,196060700.0,4.666666666666667,5.074347826086957,4.73,4.73,4.38,4.503333333333333,4.303333333333334,0.3476190476190476,6.63,5.753333333333334,1.1298387096774194,85.73333333333335,80.7002,16809.587,14564.117,9798.383,2685.969,2808.718,1685.71,2414.664,146244.0,1261.0,1183.0,-58158.0,7413.0,usa
2007-12-31,211.445,102.2764,1468.3599853515625,301231207.0,196413100.0,4.8,4.495652173913044,4.260000000000001,4.260000000000001,3.4766666666666666,3.786666666666666,3.39,0.7769354838709678,6.510000000000001,5.53,1.623606557377049,77.5,80.92099999999999,16915.191,14715.058,9937.14,2642.56,2865.057,1750.714,2480.413,146273.0,1149.0,1037.0,-58290.0,7483.9,usa
2008-03-31,213.448,101.4508,1322.699951171875,304093966.0,196370800.0,5.0,3.1814285714285715,3.6633333333333336,3.6633333333333336,2.023333333333333,2.7466666666666666,2.043333333333333,1.6359016393442625,6.75,5.456666666666667,1.211,72.89999999999999,80.86163333333333,16843.003,14706.538,10004.445,2563.701,2909.64,1813.321,2584.568,146086.0,967.0,1005.0,-60200.0,7670.0,usa
2008-06-30,217.463,99.8728,1280.0,304093966.0,196511100.0,5.333333333333333,2.0847252747252747,3.8866666666666663,3.8866666666666663,2.4233333333333333,3.16,1.6266666666666667,1.46515625,6.989999999999999,5.6000000000000005,1.1282539682539685,59.6,79.80239999999999,16943.291,14865.701,10129.869,2540.595,2971.642,1905.282,2681.686,145737.0,1180.0,1046.0,-60889.0,7743.9,usa
2008-09-30,218.877,93.5576,1166.3599853515625,304093966.0,196842700.0,6.0,1.9406521739130436,3.863333333333333,3.863333333333333,2.356666666666667,3.106666666666667,1.4933333333333332,1.5021875,7.206666666666667,5.653333333333333,1.4185714285714286,64.83333333333333,77.13456666666667,16854.295,14898.999,10159.078,2498.242,3029.032,1922.215,2709.569,145076.0,797.0,820.0,-60292.0,7872.4,usa
2008-12-31,211.398,90.6266,903.25,304093966.0,197425600.0,6.866666666666667,0.5053260869565218,3.2533333333333334,3.2533333333333334,1.2133333333333334,2.18,0.2966666666666667,2.0191935483870966,8.840000000000002,5.816666666666666,2.44672131147541,57.66666666666666,73.5965,16485.35,14608.209,9906.942,2307.915,3021.826,1700.304,2328.779,143369.0,554.0,560.0,-43967.0,8204.7,usa
2009-03-31,212.495,86.4689,797.8699951171875,306771529.0,197520500.0,8.266666666666667,0.1844444444444444,2.736666666666667,2.736666666666667,0.9066666666666668,1.7633333333333334,0.2133333333333333,1.8319672131147544,8.213333333333333,5.273333333333333,1.03,58.26666666666667,69.16106666666667,16298.262,14430.902,9814.969,2014.878,3022.047,1511.768,1932.761,140707.0,513.0,505.0,-30193.0,8386.4,usa
2009-06-30,214.79,84.6746,919.3200073242188,306771529.0,197602000.0,9.3,0.178021978021978,3.313333333333334,3.313333333333334,1.0133333333333334,2.2333333333333334,0.1733333333333333,2.303174603174603,7.983333333333334,5.513333333333333,0.6708196721311476,68.2,67.0458,16269.145,14381.236,9805.502,1863.65,3070.452,1521.093,1879.461,140009.0,601.0,585.0,-27152.0,8459.3,usa
2009-09-30,215.861,87.3821,1057.0799560546875,306771529.0,198372900.0,9.633333333333333,0.1543478260869565,3.516666666666667,3.516666666666667,1.0333333333333334,2.466666666666667,0.1566666666666666,2.4878125,6.66,5.266666666666667,0.2525396825396825,68.39999999999999,68.16886666666666,16326.281,14448.882,9939.406,1841.416,3092.058,1594.725,2018.722,138818.0,609.0,585.0,-35247.0,8461.6,usa
2009-12-31,217.347,88.2404,1115.0999755859375,306771529.0,198771500.0,9.933333333333334,0.1183695652173913,3.4599999999999995,3.4599999999999995,0.8733333333333334,2.3000000000000003,0.0566666666666666,2.586129032258065,6.326666666666667,5.2,0.2075409836065573,70.16666666666667,69.45943333333334,16502.754,14651.249,10004.996,1998.71,3120.796,1703.508,2176.763,138013.0,664.0,581.0,-39426.0,8512.2,usa
2010-03-31,217.353,90.1356,1169.4300537109375,309378227.0,198650100.0,9.833333333333334,0.1338888888888889,3.716666666666667,3.716666666666667,0.9166666666666666,2.4233333333333333,0.1066666666666666,2.8001639344262297,6.286666666666666,5.293333333333333,0.1470491803278688,73.86666666666666,71.18923333333333,16582.71,14764.61,10101.822,2038.161,3133.819,1759.877,2269.069,138751.0,687.0,636.0,-40271.0,8523.5,usa
2010-06-30,217.199,91.9033,1030.7099609375,309378227.0,198928700.0,9.633333333333333,0.1919780219780219,3.49,3.49,0.87,2.2533333333333334,0.1466666666666666,2.619375,6.176666666666667,5.043333333333333,0.2919672131147541,73.93333333333334,73.05239999999999,16743.162,14980.193,10208.145,2148.795,3165.768,1819.741,2362.255,139141.0,587.0,536.0,-47316.0,8628.1,usa
2010-09-30,218.275,92.8533,1141.199951171875,309378227.0,199527400.0,9.466666666666669,0.1888043478260869,2.786666666666666,2.786666666666666,0.54,1.5466666666666666,0.1566666666666666,2.24578125,5.776666666666666,4.58,0.2323809523809523,68.3,74.45183333333334,16872.266,15141.607,10300.754,2236.495,3158.301,1877.253,2431.195,139396.0,563.0,594.0,-44333.0,8718.7,usa
2010-12-31,220.472,93.5916,1257.6400146484375,309378227.0,200027000.0,9.5,0.1895652173913043,2.8633333333333333,2.8633333333333333,0.4833333333333333,1.4866666666666666,0.1366666666666667,2.391290322580645,5.913333333333333,4.8566666666666665,0.1535,71.26666666666667,75.0437,16960.864,15309.474,10430.304,2238.44,3164.317,1972.116,2495.702,139301.0,632.0,539.0,-41721.0,8822.7,usa
2011-03-31,223.046,93.9684,1325.8299560546875,311839461.0,199551100.0,9.033333333333331,0.1545555555555555,3.4600000000000004,3.4600000000000004,0.6933333333333334,2.12,0.1266666666666666,2.763709677419355,6.09,5.13,0.1801639344262295,73.06666666666666,75.55226666666667,16920.632,15351.448,10558.195,2205.962,3155.768,2040.407,2608.884,139639.0,583.0,600.0,-44312.0,8966.8,usa
2011-06-30,224.806,94.0493,1320.6400146484375,311839461.0,199980200.0,9.066666666666666,0.0946153846153846,3.2099999999999995,3.2099999999999995,0.5666666666666667,1.8633333333333333,0.0466666666666666,2.63984126984127,5.8500000000000005,5.036666666666666,0.2176666666666666,71.86666666666666,75.7758,17035.114,15557.539,10673.018,2297.352,3168.261,2116.132,2697.224,139384.0,636.0,608.0,-49882.0,9176.5,usa
2011-09-30,226.597,95.0244,1131.4200439453125,311839461.0,200255500.0,9.0,0.0835869565217391,2.4266666666666663,2.4266666666666663,0.2833333333333333,1.153333333333333,0.0233333333333333,2.135,5.463333333333334,4.463333333333334,0.2739682539682539,59.66666666666666,76.3717,17031.313,15647.68,10755.029,2322.84,3136.922,2156.793,2723.903,140183.0,610.0,650.0,-43477.0,9545.1,usa
2011-12-31,227.223,96.1809,1257.5999755859375,311839461.0,200320300.0,8.633333333333333,0.0743478260869565,2.0466666666666664,2.0466666666666664,0.2633333333333333,0.9533333333333336,0.0133333333333333,1.7831147540983605,5.253333333333333,3.926666666666667,0.4645,64.8,76.79046666666666,17222.583,15842.259,10809.186,2504.095,3130.765,2150.123,2751.911,140902.0,697.0,694.0,-49473.0,9677.1,usa
2012-03-31,228.807,96.5609,1408.469970703125,314339099.0,201253500.0,8.266666666666667,0.1041758241758241,2.036666666666666,2.036666666666666,0.2866666666666667,0.8966666666666666,0.0666666666666666,1.750483870967742,5.2,3.896666666666667,0.4412903225806451,75.5,77.12706666666666,17367.01,16068.805,10959.301,2567.75,3144.024,2189.981,2792.253,142036.0,806.0,695.0,-49749.0,9846.0,usa
2012-06-30,228.524,97.4768,1362.1600341796875,314339099.0,201445900.0,8.2,0.1523076923076923,1.8233333333333333,1.8233333333333333,0.29,0.7866666666666666,0.0866666666666666,1.53625,5.093333333333334,3.8,0.3803389830508474,76.3,77.18376666666667,17444.525,16207.115,11005.055,2636.863,3130.438,2215.586,2780.827,142391.0,794.0,757.0,-42941.0,10012.8,usa
2012-09-30,231.015,97.2217,1440.6700439453125,314339099.0,201602300.0,8.033333333333333,0.1443478260869565,1.643333333333333,1.643333333333333,0.26,0.6666666666666666,0.1033333333333333,1.383492063492063,4.873333333333334,3.456666666666667,0.3235483870967742,74.96666666666665,76.79186666666666,17469.65,16319.541,11059.393,2644.119,3139.112,2227.734,2750.817,143044.0,930.0,847.0,-38794.0,10216.3,usa
2012-12-31,231.221,98.1884,1426.18994140625,314339099.0,201851200.0,7.8,0.161195652173913,1.7066666666666668,1.7066666666666668,0.27,0.6933333333333334,0.0866666666666666,1.4395081967213117,4.573333333333333,3.5400000000000005,0.2271666666666666,79.39999999999999,76.82503333333334,17489.852,16420.419,11165.703,2638.282,3132.308,2237.498,2753.373,143330.0,941.0,976.0,-36334.0,10474.1,usa
2013-03-31,232.282,99.047,1569.18994140625,316726282.0,202026500.0,7.733333333333333,0.1436666666666666,1.95,1.95,0.2666666666666666,0.8266666666666667,0.0866666666666666,1.6881666666666666,4.81,3.8766666666666665,0.2048333333333333,76.66666666666667,77.10186666666667,17662.4,16648.189,11277.664,2746.42,3123.454,2255.929,2755.277,143316.0,936.0,1010.0,-34314.0,10572.6,usa
2013-06-30,232.445,99.2221,1606.280029296875,316726282.0,202275000.0,7.533333333333334,0.1158241758241758,1.9966666666666668,1.9966666666666668,0.27,0.9166666666666666,0.0499999999999999,1.71609375,4.836666666666667,3.963333333333333,0.2237096774193548,81.66666666666667,77.20033333333333,17709.671,16728.687,11315.681,2780.242,3131.143,2261.403,2759.783,143999.0,942.0,839.0,-34426.0,10691.3,usa
2013-09-30,233.544,100.021,1681.550048828125,316726282.0,202627100.0,7.233333333333333,0.0852173913043478,2.7100000000000004,2.7100000000000004,0.3666666666666667,1.5066666666666666,0.0333333333333333,2.340625,5.403333333333333,4.506666666666667,0.2292063492063492,81.56666666666666,77.31866666666666,17860.45,16953.838,11408.359,2892.354,3135.192,2285.116,2767.183,144418.0,1004.0,850.0,-39917.0,10848.9,usa
2013-12-31,234.719,100.374,1848.3599853515625,316726282.0,202741100.0,6.933333333333334,0.0855434782608695,2.7466666666666666,2.7466666666666666,0.3266666666666666,1.4400000000000002,0.0633333333333333,2.416935483870968,5.3566666666666665,4.593333333333334,0.1818032786885245,76.93333333333334,77.68036666666667,18016.147,17192.019,11551.229,2934.291,3140.517,2349.24,2783.259,144778.0,1005.0,1002.0,-33636.0,11046.9,usa
2014-03-31,236.028,101.7435,1872.3399658203125,319257560.0,202706900.0,6.666666666666667,0.0722222222222222,2.763333333333333,2.763333333333333,0.3733333333333333,1.6033333333333333,0.0466666666666666,2.3906557377049182,5.116666666666666,4.44,0.1867213114754098,80.93333333333334,78.04673333333334,17953.974,17197.738,11646.001,2922.765,3139.06,2343.602,2853.69,145648.0,1067.0,970.0,-42940.0,11218.2,usa
2014-06-30,237.231,102.5774,1960.22998046875,319257560.0,203035700.0,6.2,0.0909890109890109,2.623333333333333,2.623333333333333,0.42,1.6566666666666665,0.0333333333333333,2.2014285714285715,4.82,4.216666666666667,0.1955737704918032,82.83333333333333,78.93426666666666,18185.911,17518.508,11810.451,3059.096,3154.366,2395.168,2900.572,146247.0,1010.0,911.0,-38895.0,11382.8,usa
2014-09-30,237.477,102.9417,1972.2900390625,319257560.0,203210800.0,6.066666666666666,0.0891304347826087,2.4966666666666666,2.4966666666666666,0.5166666666666666,1.7,0.0266666666666666,1.98453125,4.74,4.116666666666667,0.2061904761904762,82.96666666666665,79.15310000000001,18406.941,17804.228,11959.79,3142.047,3191.749,2399.191,2888.549,146778.0,1077.0,1023.0,-41672.0,11502.8,usa
2014-12-31,236.252,103.6151,2058.89990234375,319257560.0,203430000.0,5.7,0.1013043478260869,2.28,2.28,0.54,1.6033333333333335,0.0233333333333333,1.7393548387096776,4.74,3.8766666666666665,0.2127868852459016,89.76666666666667,79.4029,18500.031,17912.079,12081.561,3172.016,3189.253,2376.218,2906.969,147615.0,1072.0,1073.0,-42838.0,11701.0,usa
2015-03-31,235.976,101.7869,2067.889892578125,321815121.0,203972000.0,5.533333333333334,0.1128888888888888,1.9666666666666668,1.9666666666666668,0.6033333333333334,1.4533333333333334,0.0266666666666666,1.3642622950819672,4.5,3.5700000000000003,0.2360655737704918,95.5,78.37253333333332,18666.621,18063.529,12119.763,3282.283,3187.915,2299.045,2825.476,148128.0,1072.0,960.0,-48732.0,11902.8,usa
2015-06-30,237.657,100.4588,2063.110107421875,321815121.0,204403600.0,5.433333333333334,0.1256043956043956,2.1666666666666665,2.1666666666666665,0.6133333333333333,1.5233333333333334,0.02,1.55171875,4.833333333333333,3.896666666666667,0.2621311475409836,94.23333333333332,77.2233,18782.243,18279.784,12264.14,3291.104,3234.067,2300.441,2809.968,148816.0,1379.0,1205.0,-42425.0,12004.6,usa
2015-09-30,237.498,100.633,1920.030029296875,321815121.0,204600800.0,5.1000000000000005,0.1347826086956521,2.22,2.22,0.6933333333333334,1.5533333333333337,0.04,1.530625,5.243333333333333,4.086666666666667,0.2723809523809524,90.73333333333332,77.28086666666667,18857.418,18401.626,12382.494,3303.66,3253.554,2260.724,2798.806,148826.0,1144.0,1224.0,-41641.0,12154.3,usa
2015-12-31,237.761,98.9471,2043.93994140625,321815121.0,204768100.0,5.033333333333333,0.1610869565217391,2.19,2.19,0.8333333333333334,1.586666666666667,0.1233333333333333,1.352258064516129,5.419999999999999,3.9933333333333336,0.2865573770491803,91.3,76.2696,18892.206,18435.137,12423.353,3276.879,3258.142,2222.279,2745.517,150128.0,1211.0,1146.0,-41003.0,12368.2,usa
2016-03-31,238.08,98.1635,2059.739990234375,324353340.0,205199200.0,4.9,0.3597802197802198,1.92,1.92,0.8366666666666666,1.3733333333333333,0.2866666666666667,1.078032786885246,5.306666666666667,3.9266666666666654,0.3368333333333334,91.56666666666666,75.76573333333333,19001.69,18525.933,12523.156,3244.317,3270.141,2181.957,2693.639,151218.0,1118.0,1111.0,-36801.0,12628.6,usa
2016-06-30,240.222,98.7315,2098.860107421875,324353340.0,205541500.0,4.933333333333334,0.3693406593406593,1.7533333333333332,1.7533333333333332,0.7733333333333333,1.2433333333333334,0.2566666666666666,0.97890625,4.666666666666667,3.59,0.3853968253968254,92.4,75.46056666666667,19062.709,18711.702,12665.124,3246.381,3289.566,2221.936,2711.306,151223.0,1208.0,1203.0,-41719.0,12835.1,usa
2016-09-30,241.176,98.6552,2168.27001953125,324353340.0,205736800.0,4.9,0.394891304347826,1.5633333333333332,1.5633333333333332,0.7266666666666667,1.1266666666666667,0.2966666666666666,0.83625,4.256666666666667,3.3366666666666664,0.4934920634920635,90.33333333333331,75.5924,19197.938,18892.639,12797.126,3261.571,3315.171,2270.0,2751.229,151761.0,1303.0,1068.0,-37004.0,13033.8,usa
2016-12-31,242.637,99.0406,2238.830078125,324353340.0,205955200.0,4.766666666666667,0.4481521739130434,2.1300000000000003,2.1300000000000003,1.0066666666666666,1.61,0.43,1.1291803278688524,4.64,3.81,0.495,93.06666666666666,75.5083,19304.352,19089.379,12921.989,3360.952,3337.245,2268.339,2799.145,152157.0,1248.0,1252.0,-40976.0,13225.8,usa
2017-03-31,243.892,99.0492,2362.719970703125,326608609.0,205316800.0,4.566666666666666,0.698888888888889,2.4433333333333334,2.4433333333333334,1.24,1.9433333333333331,0.59,1.202258064516129,4.66,3.96,0.4730645161290323,97.23333333333332,75.58816666666667,19398.343,19280.084,13097.306,3363.101,3353.096,2339.728,2873.148,153065.0,1272.0,1190.0,-41124.0,13428.4,usa
2017-06-30,244.163,100.337,2423.409912109375,326608609.0,205629000.0,4.366666666666667,0.9473626373626376,2.263333333333333,2.263333333333333,1.2933333333333332,1.81,0.89,0.9633333333333334,4.496666666666667,3.8,0.3091803278688524,96.36666666666667,76.79896666666666,19506.949,19438.643,13188.73,3432.968,3370.444,2349.681,2903.18,153318.0,1353.0,1249.0,-42579.0,13558.1,usa
2017-09-30,246.435,99.7482,2519.360107421875,326608609.0,205686800.0,4.333333333333333,1.1536956521739128,2.2433333333333336,2.2433333333333336,1.3633333333333333,1.8166666666666669,1.0366666666666668,0.8787301587301587,4.333333333333333,3.6533333333333338,0.2777419354838709,95.1,76.76083333333334,19660.766,19692.595,13325.065,3500.142,3398.886,2384.524,2916.022,154286.0,1273.0,1181.0,-41593.0,13722.7,usa
2017-12-31,247.805,101.4871,2673.610107421875,326608609.0,205878700.0,4.166666666666667,1.2046739130434785,2.37,2.37,1.6966666666666663,2.07,1.2066666666666668,0.6770967741935483,4.27,3.56,0.2575409836065574,98.36666666666667,78.11290000000001,19882.352,20037.088,13551.401,3574.446,3466.137,2479.107,3034.004,153904.0,1311.0,1177.0,-46535.0,13873.5,usa
2018-03-31,249.577,102.1943,2640.8701171875,328529577.0,206219800.0,4.033333333333333,1.4469999999999998,2.76,2.76,2.1633333333333336,2.536666666666666,1.5599999999999998,0.5980327868852459,4.47,3.7466666666666666,0.369344262295082,98.93333333333334,78.75636666666666,20044.077,20328.553,13745.074,3645.635,3513.876,2517.268,3093.299,155214.0,1385.0,1318.0,-43514.0,13975.8,usa
2018-06-30,251.018,103.2256,2718.3701171875,328529577.0,206563300.0,3.9333333333333336,1.736923076923077,2.92,2.92,2.473333333333333,2.766666666666667,1.84,0.44359375,4.776666666666666,3.936666666666667,0.4961290322580645,98.33333333333331,79.7734,20150.476,20580.912,13891.294,3662.727,3570.715,2562.172,3105.995,155762.0,1345.0,1192.0,-44928.0,14109.7,usa
2018-09-30,252.182,104.1038,2913.97998046875,328529577.0,206675500.0,3.766666666666667,1.9261956521739128,2.926666666666667,2.926666666666667,2.6733333333333333,2.813333333333333,2.04,0.2579365079365079,4.8133333333333335,3.91,0.3016129032258064,98.06666666666666,80.40043333333334,20276.154,20798.73,14002.199,3788.692,3626.086,2535.501,3153.747,156015.0,1314.0,1250.0,-50245.0,14229.1,usa
2018-12-31,252.767,104.0451,2506.85009765625,328529577.0,206806300.0,3.8333333333333335,2.220108695652174,3.033333333333333,3.033333333333333,2.8000000000000003,2.876666666666667,2.316666666666667,0.2383606557377049,5.14,4.126666666666666,0.3138333333333333,98.13333333333333,80.38086666666668,20304.874,20917.867,14099.199,3802.028,3650.847,2537.415,3171.622,156817.0,1317.0,1095.0,-54997.0,14382.3,usa
2019-03-31,254.277,102.8361,2834.39990234375,330226227.0,206110400.0,3.8666666666666663,2.401777777777778,2.6533333333333333,2.6533333333333333,2.4833333333333334,2.466666666666667,2.3866666666666667,0.1678688524590164,4.97,3.83,0.2980327868852458,94.46666666666664,79.41633333333333,20431.641,21111.6,14150.191,3850.77,3702.934,2540.244,3132.539,156701.0,1295.0,1191.0,-48154.0,14525.9,usa
2019-06-30,255.213,102.5425,2941.760009765625,330226227.0,206504800.0,3.633333333333333,2.397362637362637,2.333333333333333,2.333333333333333,2.12,2.1166666666666667,2.3000000000000003,0.2109523809523809,4.596666666666667,3.5933333333333333,0.2044262295081967,98.46666666666664,78.7309,20602.275,21397.938,14350.662,3903.996,3761.243,2547.448,3165.41,157232.0,1299.0,1243.0,-48703.0,14771.0,usa
2019-09-30,256.43,102.4601,2976.739990234375,330226227.0,206315800.0,3.6,2.1921739130434785,1.7966666666666666,1.7966666666666666,1.6866666666666668,1.63,1.98,0.11203125,4.0200000000000005,3.1,0.2133333333333333,93.8,78.50133333333333,20843.322,21717.171,14548.282,3939.599,3814.837,2532.405,3117.952,158339.0,1469.0,1311.0,-44400.0,15031.0,usa
2019-12-31,258.63,101.9421,3230.780029296875,330226227.0,206316300.0,3.6,1.6456521739130436,1.7933333333333332,1.7933333333333332,1.59,1.6166666666666665,1.5766666666666669,0.2008064516129032,3.9133333333333336,3.026666666666667,0.3536666666666666,97.2,77.9124,20985.448,21933.217,14701.038,3880.57,3864.968,2537.466,3050.824,158845.0,1443.0,1548.0,-43639.0,15347.6,usa
2020-03-31,258.076,97.606,2584.590087890625,331577720.0,205281900.0,3.8333333333333335,1.254945054945055,1.3766666666666667,1.3766666666666667,1.1,1.1566666666666667,1.11,0.2835483870967742,3.89,2.9133333333333336,0.44,96.63333333333333,76.53896666666667,20709.212,21751.238,14503.098,3807.7,3942.036,2430.941,2932.536,155353.0,1346.0,1266.0,-42374.0,15993.4,usa
2020-06-30,257.042,91.6745,3100.2900390625,331577720.0,205538000.0,13.0,0.0587912087912088,0.6866666666666666,0.6866666666666666,0.1933333333333333,0.3566666666666667,0.1433333333333333,0.493968253968254,3.9066666666666663,2.4566666666666666,0.4554098360655738,74.06666666666666,66.8603,19077.992,19958.291,13193.297,3270.187,4021.699,1829.691,2356.583,142342.0,1334.0,1266.0,-49161.0,18140.6,usa
2020-09-30,259.997,95.8914,3363.0,331577720.0,206100200.0,8.799999999999999,0.0926086956521739,0.65,0.65,0.14,0.2733333333333334,0.1133333333333333,0.5096875,3.313333333333333,2.2333333333333334,0.1393650793650794,75.66666666666667,73.32693333333334,20558.879,21704.437,14479.206,3911.004,4001.844,2116.753,2804.369,147620.0,1636.0,1473.0,-57002.0,18596.4,usa
2020-12-31,262.045,98.2039,3756.070068359375,331577720.0,206215100.0,6.766666666666667,0.0888043478260869,0.8633333333333333,0.8633333333333333,0.1533333333333333,0.3733333333333333,0.0933333333333333,0.7148387096774194,3.3000000000000003,2.303333333333333,0.1319672131147541,79.8,74.96116666666667,20791.917,22087.16,14749.812,4064.655,4030.804,2277.965,3036.076,149975.0,1752.0,1614.0,-61928.0,19133.0,usa
2021-03-31,264.847,98.1929,3972.889892578125,332099760.0,205091500.0,6.233333333333333,0.0768888888888888,1.3166666666666669,1.3166666666666669,0.1333333333333333,0.6033333333333334,0.0499999999999999,1.2037704918032788,3.466666666666667,2.7300000000000004,0.1488524590163934,80.23333333333333,75.64833333333333,21082.134,22680.693,15255.411,4058.943,4155.388,2393.033,3182.082,150644.0,1756.0,1696.0,-65658.0,19823.2,usa
2021-06-30,270.71,99.6483,4297.5,332099760.0,205379500.0,5.933333333333334,0.0682417582417582,1.5933333333333335,1.5933333333333335,0.1733333333333333,0.84,0.0266666666666666,1.4165625,3.553333333333333,2.8833333333333333,0.131311475409836,85.56666666666666,77.3425,21440.929,23425.91,16027.569,4049.667,4174.293,2522.815,3348.435,151734.0,1654.0,1650.0,-71187.0,20472.9,usa
2021-09-30,273.942,98.9955,4307.5400390625,332099760.0,205483300.0,5.066666666666666,0.09,1.3233333333333337,1.3233333333333337,0.2266666666666666,0.7966666666666667,0.0466666666666666,1.0990625,3.236666666666667,2.55,0.0763492063492063,74.76666666666667,78.2702,21617.828,23982.379,16380.73,4255.263,4219.865,2581.341,3454.82,153843.0,1640.0,1577.0,-74657.0,20979.1,usa
2021-12-31,280.806,101.1948,4766.18017578125,332099760.0,205398400.0,4.2,0.0794565217391304,1.5366666666666668,1.5366666666666668,0.5266666666666667,1.18,0.0533333333333333,1.0016129032258063,3.31,2.65,0.1083333333333333,69.89999999999999,79.52953333333333,21988.737,24813.6,16815.018,4622.306,4285.062,2777.597,3686.382,156099.0,1919.0,1722.0,-79238.0,21471.0,usa
2022-03-31,287.467,102.6732,4530.41015625,334017321.0,206787300.0,3.8333333333333335,0.1214444444444444,1.94,1.94,1.4433333333333334,1.82,0.3066666666666667,0.4866129032258064,3.9466666666666663,3.203333333333333,0.113076923076923,63.13333333333333,80.401,21932.71,25250.347,17148.997,4814.294,4336.227,2865.226,3914.397,158206.0,1868.0,1712.0,-99398.0,21721.3,usa
2022-06-30,295.072,102.8224,3785.3798828125,334017321.0,207354200.0,3.633333333333333,0.7668131868131868,2.93,2.93,2.72,2.9466666666666668,1.0766666666666669,0.2120967741935484,5.016666666666667,4.043333333333333,,57.86666666666667,81.0732,21967.045,25861.292,17606.575,4811.513,4439.375,3093.734,4089.904,158094.0,1737.0,1551.0,-79785.0,21642.8,usa
2022-09-30,296.421,103.5326,3585.6201171875,334017321.0,207520300.0,3.533333333333333,2.182934782608696,3.106666666666667,3.106666666666667,3.3833333333333333,3.23,2.6633333333333336,-0.28109375,5.3500000000000005,4.239999999999999,,56.1,81.0209,22125.625,26336.304,17893.122,4812.308,4486.473,3129.075,3984.675,158810.0,1600.0,1488.0,-67781.0,21521.0,usa
2022-12-31,298.808,101.8266,3839.5,334017321.0,207665400.0,3.5666666666666664,3.653369565217392,3.83,3.83,4.39,4.0,4.04,-0.5606557377049181,5.973333333333334,4.81,,58.8,80.1648,22278.345,26770.514,18111.361,4939.217,4570.552,3057.684,3908.3,159259.0,1410.0,1308.0,-70521.0,21219.0,usa
2023-03-31,301.643,102.8143,4109.31005859375,336806231.0,208126900.0,3.533333333333333,4.514555555555556,3.6466666666666665,3.6466666666666665,4.346666666666667,3.8,4.626666666666667,-0.6964516129032258,5.6000000000000005,4.52,,64.60000000000001,79.5997,22439.607,27216.445,18487.025,4883.84,4640.498,3085.516,3880.433,160812.0,1480.0,1377.0,-58587.0,20876.1,usa
2023-06-30,304.099,102.3809,4450.3798828125,336806231.0,208622800.0,3.533333333333333,4.988131868131869,3.5933333333333333,3.5933333333333333,4.263333333333333,3.693333333333333,5.073333333333333,-0.6685714285714285,5.683333333333334,4.596666666666667,,62.3,79.12816666666667,22580.499,27530.055,18693.128,4961.052,4673.36,3016.211,3813.697,160979.0,1464.0,1421.0,-65163.0,20782.7,usa
2023-09-30,307.374,103.3081,4288.0498046875,336806231.0,209018200.0,3.6666666666666665,5.259239130434783,4.15,4.15,4.916666666666667,4.3133333333333335,5.29,-0.766984126984127,5.973333333333334,4.913333333333333,,69.56666666666666,78.93050000000001,22840.989,28074.846,18961.848,5088.8,4789.733,3082.082,3847.616,161442.0,1537.0,1371.0,-59565.0,20720.4,usa
2023-12-31,308.735,102.6309,4769.830078125,336806231.0,209263000.0,3.8,5.33,4.44,4.44,4.803333333333334,4.42,5.283333333333333,-0.3608064516129032,6.1866666666666665,5.21,,64.93333333333334,78.27656666666667,23033.78,28424.722,19190.599,5161.154,4861.013,3109.632,3897.676,161124.0,1519.0,1521.0,-63888.0,20701.3,usa
2024-03-31,312.107,102.5186,5254.35009765625,340110988.0,208421800.0,3.8333333333333335,5.33,4.16,4.16,4.483333333333333,4.123333333333334,5.233333333333333,-0.3259016393442623,5.733333333333333,4.97,,78.43333333333334,77.70356666666667,23082.119,28708.161,19443.834,5155.029,4931.777,3164.101,3986.579,161425.0,1476.0,1312.0,-66266.0,20900.8,usa
2024-06-30,313.131,103.2534,5460.47998046875,340110988.0,208845900.0,4.0,5.33,4.443333333333333,4.443333333333333,4.823333333333333,4.46,5.243333333333333,-0.3774603174603175,5.923333333333333,5.22,,71.5,77.97306666666667,23286.508,29147.044,19756.093,5290.171,4995.15,3192.632,4087.002,161155.0,1461.0,1327.0,-73892.0,21052.9,usa
2024-09-30,314.851,102.5954,5762.47998046875,340110988.0,209293700.0,4.166666666666667,5.264782608695652,3.9466666666666663,3.9466666666666663,4.03,3.790000000000001,4.989999999999999,-0.0859375,5.62,4.89,,68.13333333333334,77.631,23478.57,29511.664,20032.818,5330.249,5086.922,3256.486,4194.811,161802.0,1434.0,1357.0,-81498.0,21257.5,usa
2024-12-31,317.603,103.0447,5906.93994140625,340110988.0,209626000.0,4.133333333333333,4.647934782608695,4.283333333333333,4.283333333333333,4.153333333333333,4.13,4.4,0.13,5.736666666666667,5.096666666666667,,72.10000000000001,77.12723333333334,23586.542,29825.182,20351.292,5261.83,5150.725,3248.255,4186.921,161661.0,1480.0,1514.0,-96948.0,21424.5,usa
