date,gdp_real,gdp_nominal,unemployment_rate,cpi_all_items,cpi_annual_growth,interest_rate_short_term,interest_rate_long_term,industrial_production_index,exports_volume,imports_volume,trade_balance,household_consumption,capital_formation,employment_level,money_supply_broad,exchange_rate_usd,stock_market_index,government_spending,population_total,population_working_age,country,gdp_growth_qoq,gdp_growth_yoy,ip_growth,employment_growth,consumption_growth,investment_growth,exports_growth,imports_growth,m2_growth,gdp_real_lag1,gdp_real_lag2,gdp_real_lag4,unemployment_rate_lag1,unemployment_rate_lag2,unemployment_rate_lag4,cpi_annual_growth_lag1,cpi_annual_growth_lag2,cpi_annual_growth_lag4,industrial_production_index_lag1,industrial_production_index_lag2,industrial_production_index_lag4,interest_rate_short_term_lag1,interest_rate_short_term_lag2,interest_rate_short_term_lag4,trade_gdp_ratio,gov_gdp_ratio,gdp_growth_yoy_ma4,unemployment_rate_ma4,cpi_annual_growth_ma4,gdp_real_diff,employment_level_diff,industrial_production_index_diff
2000-03-31,378669.0,378669.0,6.866667,2.65358,2.71943995691976,5.0804347826087,6.02826086956522,18891444444.4444,36.8558047744882,32.2436057963648,2.03,189204500000.0,79528250000.0,18.27,225082000000.0,1.46035444669565,66.82956,318113000000.0,30685730.0,20440100.0,Canada,,,,,,,,,,,,,,,,,,,,,,,,,0.0005360882459351042,84008197.1325881,,,,,,
2000-06-30,383125.8,383125.8,6.666667,2.445164,2.791886496005625,5.74772727272727,5.895454545454551,19263083333.333298,37.358710916751,32.6354679802956,2.2,190842750000.0,80404750000.0,18.3233333333333,230062000000.0,1.47670108727273,69.41068,321619000000.0,30763636.246465836,20511100.0,Canada,1.1769645785633331,,,,,,,,,378669.0,,,6.866667,,,2.71943995691976,,,18891444444.4444,,,5.0804347826087,,,0.0005742239233170934,83946056.3606001,,,,4456.799999999988,0.05333333333329904,371638888.88889694
2000-09-30,387053.0,387053.0,6.9,2.714286,2.7615524224864534,5.7525,5.7295,19696388888.8889,37.0477317948096,31.9238559131656,2.7,193285750000.0,80780750000.0,18.2966666666667,235280000000.0,1.48519488555,75.42291999999999,323123000000.0,30847238.338707004,20578300.0,Canada,1.0250419052958648,,,,,,,,,383125.8,378669.0,,6.666667,6.866667,,2.791886496005625,2.71943995691976,,19263083333.333298,18891444444.4444,,5.74772727272727,5.0804347826087,,0.0006975788845455273,83482882.1892609,,,,3927.2000000000116,-0.02666666666659978,433305555.555603
2000-12-31,387818.5,387818.5,6.9,3.060498,2.6604181738419164,5.75,5.40210526315789,19791250000.0,38.1422215945202,32.3052044347151,3.05,193721500000.0,81273750000.0,18.27,241495000000.0,1.5224434587,62.87749,325095000000.0,30934145.149525523,20642600.0,Canada,0.1977765318961433,,,,,,,,,387053.0,383125.8,,6.9,6.666667,,2.7615524224864534,2.791886496005625,,19696388888.8889,19263083333.333298,,5.7525,5.74772727272727,,0.000786450362734114,83826583.82722846,,6.8333335,2.7333242623134386,765.5,-0.026666666666699257,94861111.11109924
2001-03-31,390001.5,390001.5,7.0,2.76204,2.52512013979906,5.0619,5.30136363636364,19108472222.2222,37.6486446060783,30.57565543462,3.64,195233750000.0,82314750000.0,18.2366666666667,246074000000.0,1.55839912240909,54.83681,329259000000.0,31020855.0,20704700.0,Canada,0.5628921776552609,2.992719235004704,1.1488151603019414,-0.18244845831034695,3.1866313961877335,3.5037863903707223,2.1511939203099573,-5.172964749286335,9.326378830826098,387818.5,387053.0,378669.0,6.9,6.9,6.866667,2.6604181738419164,2.7615524224864534,2.71943995691976,19791250000.0,19696388888.8889,18891444444.4444,5.75,5.7525,5.0804347826087,0.0009333297436035503,84425059.90361576,,6.86666675,2.684744308033264,2183.0,-0.033333333333299464,-682777777.7778015
2001-06-30,391228.0,391228.0,7.1,3.580204,2.3839608882674903,4.492319047619048,5.71809523809524,18879444444.4444,36.1893378207241,30.7064517807886,2.46,195586250000.0,83349000000.0,18.4966666666667,250389000000.0,1.5244648591428602,55.11724,333396000000.0,31108721.755740885,20786800.0,Canada,0.3144859699257596,2.114762305227158,-1.9915757111689358,0.9459705293800358,2.485554206277163,3.6617861506938354,-3.1301216432030987,-5.910796807545971,8.835444358477273,390001.5,387818.5,383125.8,7.0,6.9,6.666667,2.52512013979906,2.6604181738419164,2.791886496005625,19108472222.2222,19791250000.0,19263083333.333298,5.0619,5.75,5.74772727272727,0.0006287893504554889,85217826.94490169,,6.975,2.58276290609873,1226.5,0.26000000000000156,-229027777.7777977
2001-09-30,390953.0,390953.0,7.166667,2.7121,2.269716121770178,3.72707894736842,5.30263157894737,18477444444.4444,33.8856203525804,29.6479464420568,1.35,196123500000.0,83588250000.0,18.3533333333333,259557000000.00003,1.56669978435,48.65707,334353000000.0,31196210.1492065,20859700.0,Canada,-0.07029149242896437,1.007613944343544,-6.188669665900681,0.30971032975004587,1.4681630694451053,3.475456714625702,-8.535236272338299,-7.129181002756624,10.318344100646048,391228.0,390001.5,387053.0,7.1,7.0,6.9,2.3839608882674903,2.52512013979906,2.7615524224864534,18879444444.4444,19108472222.2222,19696388888.8889,4.492319047619048,5.0619,5.7525,0.000345310050057168,85522556.4198254,,7.041666750000001,2.459803830919661,-275.0,-0.14333333333340192,-402000000.0
2001-12-31,393297.8,393297.8,7.633333,1.070442,2.2174351374132115,2.2413052631578902,5.40842105263158,18216638888.8889,33.4606857038283,28.9649335200918,1.05,198551500000.0,83701500000.0,18.4566666666667,269505000000.0,1.577009054,52.62984,334806000000.0,31280785.806538235,20920500.0,Canada,0.5997651891659572,1.412851630337375,-7.956097321347055,1.0217113665391242,2.493269977777368,2.98712683984681,-12.273894112566552,-10.339730000389203,11.598583821611207,390953.0,391228.0,387818.5,7.166667,7.1,6.9,2.269716121770178,2.3839608882674903,2.6604181738419164,18477444444.4444,18879444444.4444,19791250000.0,3.72707894736842,4.492319047619048,5.75,0.00026697327063614397,85127859.8558141,1.8819867787281952,7.225,2.349058071812485,2344.7999999999884,0.10333333333339922,-260805555.55550003
2002-03-31,399048.5,399048.5,7.933333,1.550655,2.25839440940855,1.993885,5.667000000000001,18914916666.666702,33.3842090727059,29.0474349237036,2.37,201565500000.0,84283500000.0,18.4666666666667,274278000000.00003,1.5861408127619,54.83158,337134000000.0,31359199.0,20993400.0,Canada,1.4621744642355106,2.319734667687179,-1.012930564539849,1.261195393895087,3.243163643581082,2.3917341667198055,-11.326929768632132,-4.998161083363184,11.46159285418209,393297.8,390953.0,390001.5,7.633333,7.166667,7.0,2.2174351374132115,2.269716121770178,2.52512013979906,18216638888.8889,18477444444.4444,19108472222.2222,2.2413052631578902,3.72707894736842,5.0619,0.0005939127700016415,84484467.42689171,1.713740636898814,7.45833325,2.2823766392148572,5750.700000000012,0.010000000000001563,698277777.7778015
2002-06-30,401406.3,401406.3,7.7,1.355473,2.4052528263374544,2.48379,5.424,19158583333.333298,33.1752638520202,29.2211769705842,1.77,204148750000.0,84628250000.0,18.5133333333333,277003000000.0,1.53095145545,50.9911,338513000000.0,31433240.413664836,21074800.0,Canada,0.5908554975147196,2.601628717780935,1.4785333843392756,0.09010632546366804,4.37786398583746,1.5348114554463832,-8.328624258435212,-4.837012171929478,10.629061180802669,399048.5,393297.8,391228.0,7.933333,7.633333,7.1,2.25839440940855,2.2174351374132115,2.3839608882674903,18914916666.666702,18216638888.8889,18879444444.4444,1.993885,2.2413052631578902,4.492319047619048,0.0004409497309832955,84331760.61262617,1.8354572400372582,7.608333250000001,2.2876996237323484,2357.7999999999884,0.046666666666599355,243666666.66659546
2002-09-30,404877.3,404877.3,7.533333,2.335816,2.5956098014183544,2.745535,4.8855,19112027777.7778,33.3371091829549,29.5385601722053,1.33,204583500000.0,85463750000.0,18.62,282817000000.0,1.5746910927618998,44.37339,341855000000.0,31504321.054635175,21138300.0,Canada,0.8647098961825028,3.561630170378538,3.4343674269533553,1.4529604068290958,4.313608517082357,2.243736410320829,-1.61871367240215,-0.36895057829816613,8.961422731808423,401406.3,399048.5,390953.0,7.7,7.933333,7.166667,2.4052528263374544,2.25839440940855,2.269716121770178,19158583333.333298,18914916666.666702,18477444444.4444,2.48379,1.993885,3.72707894736842,0.00032849458342070555,84434222.41750772,2.4739612965460065,7.69999975,2.3691730436443925,3471.0,0.1066666666667011,-46555555.555496216
2002-12-31,407101.0,407101.0,7.566667,3.792279,2.74171604742141,2.7430000000000003,4.9675,18802083333.333298,32.9397928390833,29.1210831090449,1.18,206607500000.0,86111500000.0,18.8733333333333,283074000000.0,1.55872269515789,46.06395,344446000000.0,31573832.65694478,21186000.0,Canada,0.5492281241749053,3.5096051897569813,3.213789591017724,2.2575401842149123,4.0573856153189425,2.8792793438588316,-1.5567309927704165,0.5390987306937323,5.034785996549229,404877.3,401406.3,393297.8,7.533333,7.7,7.633333,2.5956098014183544,2.4052528263374544,2.2174351374132115,19112027777.7778,19158583333.333298,18216638888.8889,2.745535,2.48379,2.2413052631578902,0.00028985436046583034,84609470.37713,2.9981496864009083,7.68333325,2.5002432711464424,2223.7000000000116,0.2533333333332983,-309944444.4445038
2003-03-31,409366.0,409366.0,7.466667,4.479131,2.75856321360112,2.98250952380952,4.99714285714286,18670972222.2222,32.2503055784873,28.1394589820877,1.07,207538250000.0,87055750000.0,18.8833333333333,283057000000.0,1.4752132502381,44.45478,348223000000.0,31642461.0,21239700.0,Canada,0.5563729885212698,2.585525318351034,-1.2896934665030835,2.2563176895303183,2.963180703046908,3.2891965805881274,-3.3965264588090904,-3.125838629127853,3.200767104908153,407101.0,404877.3,399048.5,7.566667,7.533333,7.933333,2.74171604742141,2.5956098014183544,2.25839440940855,18802083333.333298,19112027777.7778,18914916666.666702,2.7430000000000003,2.745535,1.993885,0.00026137979216642323,85063976.97903587,3.0645973490668723,7.56666675,2.6252854721945846,2265.0,0.010000000000001563,-131111111.11109924
2003-06-30,408772.3,408772.3,7.666667,2.774992,2.5963115904503513,3.2439238095238103,4.28809523809524,18576805555.5556,30.0641178941926,27.4635297159293,0.22,209287750000.0,87365500000.0,19.3033333333333,286165000000.0,1.35173424066667,49.01316,349462000000.0,31714128.114136823,21309800.0,Canada,-0.1450291426254302,1.8350484284875401,-3.0366429900142267,4.26719481454807,2.5172821288398817,3.2344400362763093,-9.377908708443172,-6.014977618541007,3.307545405645418,409366.0,407101.0,401406.3,7.466667,7.566667,7.7,2.75856321360112,2.74171604742141,2.4052528263374544,18670972222.2222,18802083333.333298,19158583333.333298,2.98250952380952,2.7430000000000003,2.48379,5.381969375126446e-05,85490626.44411083,2.8729522767435234,7.558333500000001,2.673050163222809,-593.7000000000116,0.41999999999999815,-94166666.66659927
2003-09-30,410300.5,410300.5,7.8,2.084023,2.3214173300190892,2.75954761904762,4.757142857142861,18605194444.4444,29.7910825433761,25.7450711120436,1.59,211121500000.0,87591000000.0,19.6,294963000000.0,1.36345263422727,52.77692,350364000000.0,31788530.654387712,21373100.0,Canada,0.37385116359400783,1.3394675374490017,-2.651907684660826,5.263157894736836,3.195761143982767,2.4890670020915273,-10.636875021520654,-12.842498205891683,4.294649897283409,408772.3,409366.0,404877.3,7.666667,7.466667,7.533333,2.5963115904503513,2.75856321360112,2.5956098014183544,18576805555.5556,18670972222.2222,19112027777.7778,3.2439238095238103,2.98250952380952,2.745535,0.00038752085361826275,85392048.02333899,2.317411618511139,7.625000249999999,2.6045020453729926,1528.2000000000116,0.2966666666667024,28388888.888801575
2003-12-31,413121.0,413121.0,7.433333,1.7445689999999998,2.039695880700578,2.7481761904761894,4.729047619047621,19070944444.4444,29.4262792210445,25.8410035792735,1.69,211375000000.0,88279750000.0,19.8333333333333,297280000000.0,1.31215870195238,56.14394,353119000000.0,31863996.39254015,21427800.0,Canada,0.6874229985096347,1.4787485169527992,1.4299538319482608,5.086541858000726,2.307515458054521,2.517956370519614,-10.666471508193565,-11.263590428587522,5.018475734260308,410300.5,408772.3,407101.0,7.8,7.666667,7.566667,2.3214173300190892,2.5963115904503513,2.74171604742141,18605194444.4444,18576805555.5556,18802083333.333298,2.75954761904762,3.2439238095238103,2.7430000000000003,0.0004090811166704186,85475925.9393737,1.8096974503100938,7.59166675,2.4289970036927846,2820.5,0.23333333333329875,465750000.0
2004-03-31,416125.0,416125.0,7.3,0.9093862,1.85725871857256,2.25863913043478,4.260434782608701,18910444444.4444,30.0541267813389,25.6764304714646,2.03,214067750000.0,88850000000.0,20.0266666666667,306122000000.0,1.32795310113043,60.08792,355400000000.0,31938807.0,21488900.0,Canada,0.7271477363774759,1.6510897338811725,1.2825910690241527,6.054721977052435,3.146167031860392,2.061035600750083,-6.809792210506583,-8.752934845659087,8.148535453989837,413121.0,410300.5,409366.0,7.433333,7.8,7.466667,2.039695880700578,2.3214173300190892,2.75856321360112,19070944444.4444,18605194444.4444,18670972222.2222,2.7481761904761894,2.75954761904762,2.98250952380952,0.0004878341844397717,85407029.13787924,1.5760885541926284,7.55,2.2036708799356446,3004.0,0.19333333333339908,-160500000.0
2004-06-30,421055.5,421055.5,7.166667,2.212101,1.8427080447981143,1.99920909090909,4.93272727272727,19023555555.5556,32.3965401446224,27.3772802428645,2.64,215016250000.0,88690250000.0,19.9633333333333,315344000000.0,1.35804805781818,58.80555,354761000000.0,32013215.168830883,21561400.0,Canada,1.1848603184139384,3.004900283116063,2.404880638191287,3.419098601277848,2.7371406114309105,1.5163308170845546,7.758159606207338,-0.31405093939826934,10.196564918840533,416125.0,413121.0,408772.3,7.3,7.433333,7.666667,1.85725871857256,2.039695880700578,2.5963115904503513,18910444444.4444,19070944444.4444,18576805555.5556,2.25863913043478,2.7481761904761894,3.2439238095238103,0.000626995728591599,84255163.51169857,1.8685515178497591,7.425,2.015269993522585,4930.5,-0.06333333333340008,113111111.11119843
2004-09-30,426033.8,426033.8,7.0,2.009073,1.9501533549720331,2.20042380952381,4.60238095238095,19214138888.8889,31.2839849646314,27.0965164116376,2.27,217061500000.0,89419250000.0,19.8366666666667,316179000000.0,1.28748604195455,59.22698,357677000000.0,32088707.320749536,21629800.0,Canada,1.182338195321031,3.834579777504543,3.2729808133036498,1.2074829931974396,2.813545754458935,2.0872578232923544,5.011239249468757,5.249336052374676,7.192766550380902,421055.5,416125.0,410300.5,7.166667,7.3,7.8,1.8427080447981143,1.85725871857256,2.3214173300190892,19023555555.5556,18910444444.4444,18605194444.4444,1.99920909090909,2.25863913043478,2.75954761904762,0.0005328215742506816,83955075.8648727,2.4923295778636447,7.225,1.9224539997608212,4978.299999999988,-0.12666666666659765,190583333.33330154
2004-12-31,429108.5,429108.5,7.133333,2.296991,2.1008874318598685,2.49874761904762,4.3204761904761915,19237916666.666702,29.7365772303011,26.3998888141148,2.14,218868750000.0,89903250000.0,20.3166666666667,321653000000.0,1.2179425717826102,63.723780000000005,359613000000.0,32165462.814906877,21684700.0,Canada,0.7217033014751406,3.869931569685403,0.875532004766244,2.436974789916291,3.5452395032525175,1.8390400969644727,1.0544928460907377,2.1627845572126603,8.198667922497304,426033.8,421055.5,413121.0,7.0,7.166667,7.433333,1.9501533549720331,1.8427080447981143,2.039695880700578,19214138888.8889,19023555555.5556,19070944444.4444,2.20042380952381,1.99920909090909,2.7481761904761894,0.0004987083686293792,83804678.77005465,3.0901253410467957,7.15,1.937751887550644,3074.7000000000116,0.4799999999999969,23777777.777801514
2005-03-31,430611.3,430611.3,6.933333,2.124236,2.21355203439768,2.48621818181818,4.35818181818182,19457166666.666702,30.0058826768208,27.0039787759975,0.81,221979750000.0,89421750000.0,20.52,328193000000.0,1.21538963243478,67.57674,357687000000.0,32242732.0,21749800.0,Canada,0.3502144562505638,3.481237608891563,2.8911124951530143,2.4633821571236725,3.696026141256681,0.6435002813730994,-0.16052406003709274,5.170299298449077,7.20987057447684,429108.5,426033.8,416125.0,7.133333,7.0,7.3,2.1008874318598685,1.9501533549720331,1.85725871857256,19237916666.666702,19214138888.8889,18910444444.4444,2.49874761904762,2.20042380952381,2.25863913043478,0.00018810467816334593,83064935.82495397,3.547662309799393,7.0583332500000004,2.026825216506924,1502.7999999999884,0.20333333333330117,219250000.0
2005-06-30,433723.5,433723.5,6.8333330000000005,1.909612,2.2348179464211637,2.4932136363636404,3.82818181818182,19375277777.7778,30.4209464364308,27.2926705191739,1.0,223920000000.0,89738000000.0,20.5266666666667,333710000000.0,1.24034910831818,68.76427,358952000000.0,32323605.71134308,21827200.0,Canada,0.722739974543174,3.008629503711502,1.8488774151343534,2.8218400400737975,4.14096608977228,1.1813587175591556,-6.098162641357041,-0.30905087335201253,5.824115886143377,430611.3,429108.5,421055.5,6.933333,7.133333,7.166667,2.21355203439768,2.1008874318598685,1.8427080447981143,19457166666.666702,19237916666.666702,19023555555.5556,2.48621818181818,2.49874761904762,1.99920909090909,0.00023056163661872137,82760560.58756328,3.548594614948253,6.97499975,2.124852691912686,3112.2000000000116,0.006666666666699683,-81888888.88890076
2005-09-30,438979.8,438979.8,6.7,2.604828,2.1807924745053127,2.706419047619049,3.868571428571431,19425166666.666702,30.6435108894134,26.5001614483588,2.13,225459250000.0,90245500000.0,20.6166666666667,335806000000.0,1.1779826223636398,76.09395999999998,360982000000.0,32407066.726783503,21900500.0,Canada,1.2119011305589789,3.038726035352135,1.0982942248837002,3.932112250041997,3.868834408681421,0.9240180386214325,-2.0472905735701485,-2.200854730620194,6.207559641848448,433723.5,430611.3,426033.8,6.8333330000000005,6.933333,7.0,2.2348179464211637,2.21355203439768,1.9501533549720331,19375277777.7778,19457166666.666702,19214138888.8889,2.4932136363636404,2.48621818181818,2.20042380952381,0.0004852159484331625,82232029.81093891,3.3496311794101503,6.89999975,2.1825124717960063,5256.299999999988,0.08999999999999986,49888888.88890076
2005-12-31,443339.5,443339.5,6.533333,2.213789,2.0896562629565483,3.197755,4.041,19568333333.333298,31.6519535386366,26.3974749495725,3.34,227629750000.0,91251000000.0,20.5933333333333,340190000000.0,1.162057111,77.82488999999998,365004000000.0,32490697.864862576,21955600.0,Canada,0.9931436480676403,3.316410651385371,1.7175283186412038,1.3617719442162501,4.002855592678256,1.4991115449107806,6.441145843724616,-0.009143464805072554,5.763042782128558,438979.8,433723.5,429108.5,6.7,6.8333330000000005,7.133333,2.1807924745053127,2.2348179464211637,2.1008874318598685,19425166666.666702,19375277777.7778,19237916666.666702,2.706419047619049,2.4932136363636404,2.49874761904762,0.0007533729793984068,82330584.12345392,3.2112509498351427,6.749999750000001,2.179704679570176,4359.700000000012,-0.023333333333397377,143166666.66659546
2006-03-31,446939.0,446939.0,6.6,2.363694,2.00202539534162,3.65477826086957,4.199565217391299,19719083333.333298,30.0610840108401,26.2775067750678,1.77,230819000000.0,91616250000.0,20.5,350940000000.0,1.15732184304348,83.49016999999996,366465000000.0,32571193.0,22013800.0,Canada,0.8119059998037637,3.7917490785773555,1.3461192534024002,-0.09746588693957392,3.9820073677891754,2.45410093182028,0.18396837251497544,-2.69024060104589,6.9309826839695,443339.5,438979.8,430611.3,6.533333,6.7,6.933333,2.0896562629565483,2.1807924745053127,2.21355203439768,19568333333.333298,19425166666.666702,19457166666.666702,3.197755,2.706419047619049,2.48621818181818,0.00039602719834250314,81994410.87038723,3.288878817256591,6.6666665,2.126823019806161,3599.5,-0.09333333333330174,150750000.0
2006-06-30,447162.5,447162.5,6.3333330000000005,2.560899,1.9480969151874348,4.23559090909091,4.44136363636364,19258333333.333298,29.1717268748709,26.5509728211142,1.13,232868750000.0,92593750000.0,20.3233333333333,359272000000.0,1.11409280713636,79.09191,370375000000.0,32650308.285315532,22083000.0,Canada,0.050006824197490474,3.098517834518999,-0.6035755759777106,-0.9905813575839528,3.996404966059308,3.182319641623388,-4.106445419672711,-2.7175709959882277,7.659944262982821,446939.0,443339.5,433723.5,6.6,6.533333,6.8333330000000005,2.00202539534162,2.0896562629565483,2.2348179464211637,19719083333.333298,19568333333.333298,19375277777.7778,3.65477826086957,3.197755,2.4932136363636404,0.00025270455371369466,82827831.04576078,3.311350899958465,6.5416665,2.055142761997729,223.5,-0.1766666666667014,-460750000.0
2006-09-30,448421.3,448421.3,6.5,1.733746,1.9451187975860202,4.24365,4.06857142857143,18868722222.2222,29.1057427026797,26.7885677530473,1.25,235332500000.0,92894250000.0,20.5366666666667,367115000000.0,1.11611179271429,82.20487,371577000000.0,32729185.21899884,22152200.0,Canada,0.28150840019007806,2.150782336681556,-2.864554286678811,-0.3880355699272364,4.3791727329883345,2.93504939304452,-5.018250657645639,1.0883190476047577,9.323537995151954,447162.5,446939.0,438979.8,6.3333330000000005,6.6,6.7,1.9480969151874348,2.00202539534162,2.1807924745053127,19258333333.333298,19719083333.333298,19425166666.666702,4.23559090909091,3.65477826086957,2.706419047619049,0.00027875571477090853,82863369.7819439,3.0893649752908203,6.4916665,1.9962243427679058,1258.7999999999884,0.2133333333334022,-389611111.11109924
2006-12-31,450207.0,450207.0,6.366667,1.361386,2.005854606115161,4.253321052631581,3.966315789473681,18596305555.5556,29.3688257708792,26.4971441095775,1.31,237703750000.0,93476750000.0,20.77,376251000000.0,1.15297758019048,89.5492,373907000000.0,32808723.994936965,22207200.0,Canada,0.39821926389314033,1.5490386035983628,-4.967350878686827,0.8578828099710112,4.42560781268706,2.439151351766,-7.213228608371525,0.3775708100695274,10.60025279990593,448421.3,447162.5,443339.5,6.5,6.3333330000000005,6.533333,1.9451187975860202,1.9480969151874348,2.0896562629565483,18868722222.2222,19258333333.333298,19568333333.333298,4.24365,4.23559090909091,3.197755,0.00029097726157078856,83052240.41385408,2.6475219633440683,6.449999999999999,1.975273928557559,1785.7000000000116,0.23333333333329875,-272416666.6665993
2007-03-31,453080.3,453080.3,6.3333330000000005,1.816502,2.13838399266837,4.23000909090909,4.04590909090909,18673388888.8889,30.1030197585951,26.8005449577192,0.95,239562500000.0,93851250000.0,21.0266666666667,384263000000.0,1.16868522513636,90.84308,375405000000.0,32888886.0,22257900.0,Canada,0.6382175310468252,1.3740801317405626,-5.302956667751113,2.569105691057061,3.7880330475394075,2.4395235561377016,0.13950178157207116,1.9904406728101787,9.495355331395672,450207.0,448421.3,446939.0,6.366667,6.5,6.6,2.005854606115161,1.9451187975860202,2.00202539534162,18596305555.5556,18868722222.2222,19719083333.333298,4.253321052631581,4.24365,3.65477826086957,0.0002096758565755342,82856173.61867201,2.04310472663487,6.38333325,2.0093635778892462,2873.2999999999884,0.2566666666666997,77083333.33330154
2007-06-30,457455.8,457455.8,6.2,2.192448,2.337630086769799,4.25049523809524,4.612857142857139,18689222222.2222,29.5542340157249,26.0639142667949,1.42,243147000000.0,94290250000.0,21.6233333333333,393690000000.0,1.06607575242857,97.18142,377161000000.0,32973612.94917319,22319800.0,Canada,0.9657228531013251,2.3019148519833443,-2.9551420741381285,6.396588486140731,4.413752381974834,1.8321970975362811,1.3112255660925554,-1.834428281030731,9.579928299450003,453080.3,450207.0,447162.5,6.3333330000000005,6.366667,6.3333330000000005,2.13838399266837,2.005854606115161,1.9480969151874348,18673388888.8889,18596305555.5556,19258333333.333298,4.23000909090909,4.253321052631581,4.23559090909091,0.0003104125032407502,82447528.26393282,1.8439539810009564,6.3500000000000005,2.1067468707848374,4375.5,0.5966666666666001,15833333.33329773
2007-09-30,459169.8,459169.8,6.0,2.13025,2.5167286390021304,4.444547368421048,4.356315789473681,18449750000.0,27.8733548723083,25.7215303795612,0.24,245408750000.0,95605500000.0,21.6066666666667,402146000000.0,1.02635048055,96.61527,382422000000.0,33062707.937111,22385500.0,Canada,0.37468100743285326,2.3969646401720945,-2.220458901709643,5.210193150462583,4.281707796415701,2.918641358318741,-4.234174138624313,-3.983181868185981,9.542241531945027,457455.8,453080.3,448421.3,6.2,6.3333330000000005,6.5,2.337630086769799,2.13838399266837,1.9451187975860202,18689222222.2222,18673388888.8889,18868722222.2222,4.25049523809524,4.23000909090909,4.24365,5.226824586460172e-05,83285529.666803,1.905499556873591,6.2250000000000005,2.249649331138865,1714.0,-0.016666666666598218,-239472222.2221985
2007-12-31,459773.3,459773.3,6.1,2.411477,2.563188733872415,4.27504736842105,4.01578947368421,18201611111.111095,26.7075514737228,24.719153784213,0.51,249944000000.0,95638000000.0,22.2466666666667,402643000000.0,1.0018955773,95.35424,382552000000.0,33154524.457987547,22439000.0,Canada,0.1314328599137049,2.1248670056218666,-2.122434712988408,7.1096132242017385,5.149371854672036,2.312072253260844,-9.06156179997909,-6.710120600211555,7.014466406733799,459169.8,457455.8,450207.0,6.0,6.2,6.366667,2.5167286390021304,2.337630086769799,2.005854606115161,18449750000.0,18689222222.2222,18596305555.5556,4.444547368421048,4.25049523809524,4.253321052631581,0.00011092423157238578,83204483.60093985,2.049456657379467,6.15833325,2.3889828630781786,603.5,0.6400000000000006,-248138888.88890457
2008-03-31,460118.3,460118.3,6.133333,1.7840939999999998,2.37027067444298,3.510385,3.509,17681027777.777798,27.8383627639718,25.1139439661491,0.93,252062250000.0,96494250000.0,22.4233333333333,411393000000.0,1.00299197842857,92.21645,385977000000.0,33247298.0,22491000.0,Canada,0.07503698018131999,1.553367030082753,-5.314306455115824,6.642358909321167,5.2177406731020115,2.8161585487673335,-7.52302264950242,-6.2931593153456316,7.060268618107912,459773.3,459169.8,453080.3,6.1,6.0,6.3333330000000005,2.563188733872415,2.5167286390021304,2.13838399266837,18201611111.111095,18449750000.0,18673388888.8889,4.27504736842105,4.444547368421048,4.23000909090909,0.00020212193255517114,83886470.06650247,2.0942783819650144,6.108333249999999,2.446954533521831,345.0,0.17666666666659836,-520583333.3332977
2008-06-30,461794.8,461794.8,6.166667,2.353993,1.8827317300300772,2.9950380952381,3.76,17780722222.222202,29.6223549105546,26.0561519641742,1.21,252579750000.0,98600250000.0,22.08,424607000000.0,1.01638095238095,102.6479,394401000000.0,33341385.433532372,22563400.0,Canada,0.3643628171276836,0.94850693771944,-4.861090468065354,2.111916139972414,3.879443299732266,4.570992228782944,0.2304945369027367,-0.029781799238759454,7.853133175849014,460118.3,459773.3,457455.8,6.133333,6.1,6.2,2.37027067444298,2.563188733872415,2.337630086769799,17681027777.777798,18201611111.111095,18689222222.2222,3.510385,4.27504736842105,4.25049523809524,0.00026202114012544096,85406115.4434827,1.7559264033990385,6.1,2.3332299443369005,1676.5,-0.34333333333330174,99694444.4444046
2008-09-30,465589.5,465589.5,6.233333,3.4266980000000005,1.2382087031170028,2.9939714285714305,3.54095238095238,17640250000.0,30.4286779910676,26.407012756475,0.94,252816250000.0,98564500000.0,21.5833333333333,435155000000.0,1.0586818181818198,87.24745,394258000000.0,33437550.221659474,22630000.0,Canada,0.8217286119289291,1.3981102415707714,-4.38759332782287,-0.10799136069146176,3.018433531811726,3.095010224307182,9.167619507825986,2.6650139661149375,8.20821293758982,461794.8,460118.3,459169.8,6.166667,6.133333,6.0,1.8827317300300772,2.37027067444298,2.5167286390021304,17780722222.222202,17681027777.777798,18449750000.0,2.9950380952381,3.510385,4.444547368421048,0.00020189458739941512,84679315.14778577,1.5062128037487077,6.15833325,2.0135999603656187,3794.7000000000116,-0.4966666666666981,-140472222.2222023
2008-12-31,460187.3,460187.3,6.7,1.907601,0.6421024558979415,1.7110380952381,2.9457142857142906,16807000000.0,28.7625485821307,27.1947510297064,-2.7,249857000000.0,99993250000.0,21.91,451954000000.0,1.2371,58.98987,399973000000.0,33534556.753353443,22684800.0,Canada,-1.160292489413961,0.09004437621757955,-7.662020150841265,-1.513335331135901,-0.03480779694651215,4.553890712896558,7.694442189617368,10.014894794151296,12.246829076874555,465589.5,461794.8,459773.3,6.233333,6.166667,6.1,1.2382087031170028,1.8827317300300772,2.563188733872415,17640250000.0,17780722222.222202,18201611111.111095,2.9939714285714305,2.9950380952381,4.27504736842105,-0.0005867176256276522,86915262.54635884,0.9975071463976359,6.3083332500000004,1.5333283908720003,-5402.200000000012,0.32666666666669997,-833250000.0
2009-03-31,449802.8,449802.8,8.0,1.247772,0.299466803009305,0.5153954545454551,2.8859090909090894,15366805555.5556,23.9024371448827,24.0686551522188,-2.78,249020500000.0,100003000000.0,21.22,459321000000.0,1.26413636363636,57.98178000000001,400012000000.0,33630069.0,22739800.0,Canada,-2.256581179011241,-2.241923435777282,-13.088731330035031,-5.366433774342072,-1.2067455559093054,3.6362270290716703,-14.138495329125266,-4.162185020955844,11.650173921286955,460187.3,465589.5,460118.3,6.7,6.233333,6.133333,0.6421024558979415,1.2382087031170028,2.37027067444298,16807000000.0,17640250000.0,17681027777.777798,1.7110380952381,2.9939714285714305,3.510385,-0.0006180486204176586,88930526.8886721,0.048684529932627174,6.775,1.0156274230135816,-10384.5,-0.6900000000000013,-1440194444.4444008
2009-06-30,444950.8,444950.8,8.633333,0.05822416,0.3347933472555148,0.2441227272727269,3.4590909090909094,14749777777.7778,22.1359933044363,22.7093526071884,-2.8,250923000000.0,100787500000.0,20.73,472537000000.0,1.12617272727273,72.33576999999998,403150000000.0,33726847.739020124,22809600.0,Canada,-1.0786949303116855,-3.647507507663572,-17.046239216629534,-6.114130434782594,-0.6559314434351871,2.2183006635378755,-25.27267541261842,-12.844564928802493,11.288085217624765,449802.8,460187.3,461794.8,8.0,6.7,6.166667,0.299466803009305,0.6421024558979415,1.8827317300300772,15366805555.5556,16807000000.0,17780722222.222202,0.5153954545454551,1.7110380952381,2.9950380952381,-0.0006292830578122345,90605523.12750085,-1.1003190814131258,7.3916665,0.628642827319941,-4852.0,-0.48999999999999844,-617027777.7777996
2009-09-30,446940.8,446940.8,8.666667,-0.8643041999999999,0.6831530084483972,0.2394809523809519,3.36571428571429,14886027777.7778,22.8076105729614,23.2399529569035,-3.36,253324250000.0,101321750000.0,20.7,491861000000.0,1.08104545454545,78.41675999999998,405287000000.0,33823611.879616246,22877900.0,Canada,0.44724045894513065,-4.005395310676041,-15.61328338443163,-4.092664092663945,0.20093645088081757,2.797406774244271,-25.045673756656072,-11.993252810448762,13.031218761131091,444950.8,449802.8,465589.5,8.633333,8.0,6.233333,0.3347933472555148,0.299466803009305,1.2382087031170028,14749777777.7778,15366805555.5556,17640250000.0,0.2441227272727269,0.5153954545454551,2.9939714285714305,-0.0007517774166064052,90680242.21552384,-2.451195469474829,8.0,0.48987890365278963,1990.0,-0.030000000000001137,136250000.0
2009-12-31,452133.8,452133.8,8.599999999999998,0.7897045999999999,1.2124956868108385,0.243090476190476,3.41619047619048,15106888888.8889,22.7350387046657,22.994269376531,-2.74,254903500000.0,102153250000.0,20.84,506972000000.0,1.05469565217391,80.86482999999998,408613000000.0,33917772.51997185,22927500.0,Canada,1.16189884655864,-1.7500482955526975,-10.115494205456654,-4.883614787768142,2.0197553000316226,2.160145809842162,-20.956104985806824,-15.44592796082953,12.173362775857722,446940.8,444950.8,460187.3,8.666667,8.633333,6.7,0.6831530084483972,0.3347933472555148,0.6421024558979415,14886027777.7778,14749777777.7778,16807000000.0,0.2394809523809519,0.2441227272727269,1.7110380952381,-0.0006060152990110451,90374353.7864234,-2.9112186374173987,8.475,0.6324772113810139,5193.0,0.14000000000000057,220861111.11110115
2010-03-31,457611.5,457611.5,8.366666999999998,1.61385,1.77687154092627,0.244539130434783,3.4904347826087005,15479416666.6667,23.456088445967,23.3559200794145,-3.21,257744500000.00003,103068500000.0,21.56,519057000000.0,1.02304347826087,83.45537,412274000000.0,34005902.0,22977000.0,Canada,1.2115218990484733,1.7360274324659697,0.732820563805392,1.602262016965117,3.5033260313910075,3.0654080377588766,-1.867377356585831,-2.961258401421718,13.005283886432363,452133.8,446940.8,449802.8,8.599999999999998,8.666667,8.0,1.2124956868108385,0.6831530084483972,0.299466803009305,15106888888.8889,14886027777.7778,15366805555.5556,0.243090476190476,0.2394809523809519,0.5153954545454551,-0.0007014683853006316,90092578.5300413,-1.9167309203565854,8.56666675,1.0018283958602552,5477.700000000012,0.7199999999999989,372527777.7777996
2010-06-30,460007.8,460007.8,8.133333,1.396567,2.280634493340482,0.4918909090909089,3.2977272727272706,15771972222.2222,24.0527933028477,24.382739348189,-3.47,259960250000.0,102951250000.0,21.4166666666667,532427000000.0,1.03809090909091,81.45685,411805000000.0,34090248.75969201,23044700.0,Canada,0.5236537980360945,3.3839696433852984,6.930236237080489,3.3124296510694595,3.6016028821590718,2.146843606598048,8.659200299031756,7.36871178120202,12.674139802809092,457611.5,452133.8,444950.8,8.366666999999998,8.599999999999998,8.633333,1.77687154092627,1.2124956868108385,0.3347933472555148,15479416666.6667,15106888888.8889,14749777777.7778,0.244539130434783,0.243090476190476,0.2441227272727269,-0.0007543350351885338,89521308.11694932,-0.1588616325943677,8.44166675,1.488288682381497,2396.2999999999884,-0.1433333333332989,292555555.55550003
2010-09-30,463228.0,463228.0,8.199999999999998,1.830863,2.6671078546114004,0.9511714285714292,2.881428571428569,15846000000.0,23.7555573169238,24.873289571339,-4.71,262054250000.00003,103315750000.0,22.35,540594000000.00006,1.03286363636364,84.8238,413263000000.0,34172786.10825845,23107100.0,Canada,0.7000316081597013,3.6441515296880445,6.448813857886715,7.971014492753636,3.4461761951333214,1.9679881170627134,4.156273805754096,7.028140794709792,9.907880478427856,460007.8,457611.5,446940.8,8.133333,8.366666999999998,8.666667,2.280634493340482,1.77687154092627,0.6831530084483972,15771972222.2222,15479416666.6667,14886027777.7778,0.4918909090909089,0.244539130434783,0.2394809523809519,-0.0010167779149792327,89213734.92103241,1.7535250774966538,8.325,1.9842773939222478,3220.2000000000116,0.9333333333333016,74027777.7777996
2010-12-31,468424.5,468424.5,7.933333,2.263494,2.8902608791631272,0.9971714285714292,3.2047619047619,15753944444.4444,24.4796620489108,24.3007191098929,-2.68,264563000000.0,104031500000.0,22.3066666666667,550280000000.0,1.00769565217391,92.64738,416126000000.0,34255451.84029271,23147300.0,Canada,1.121801790910748,3.603070595474178,4.283182065576785,7.03774792066556,3.7894732712575596,1.838659073499871,7.673720581294052,5.681631853436153,8.5424836085622,463228.0,460007.8,452133.8,8.199999999999998,8.133333,8.599999999999998,2.6671078546114004,2.280634493340482,1.2124956868108385,15846000000.0,15771972222.2222,15106888888.8889,0.9511714285714292,0.4918909090909089,0.243090476190476,-0.0005721306208364422,88835233.85305423,3.0918048002533727,8.158333249999998,2.4037186920103197,5196.5,-0.04333333333330103,-92055555.55559921
2011-03-31,471992.0,471992.0,7.8,2.598903,2.91213508872347,0.99414347826087,3.26652173913043,16027944444.4444,24.6292417742262,24.8506518016608,-2.84,265141000000.00003,104115250000.0,22.4833333333333,558922000000.0,0.976695652173913,97.16712,416461000000.0,34339221.0,23179000.0,Canada,0.761595518594782,3.1425128083538034,3.543594630144531,4.282622139764847,2.869702360283144,1.015586721452233,5.001487485697598,6.399798069028884,7.680274035414225,468424.5,463228.0,457611.5,7.933333,8.199999999999998,8.366666999999998,2.8902608791631272,2.6671078546114004,1.77687154092627,15753944444.4444,15846000000.0,15479416666.6667,0.9971714285714292,0.9511714285714292,0.244539130434783,-0.000601705113645994,88234758.21624096,3.443426144225331,8.0166665,2.6875345789596197,3567.5,0.17666666666659836,274000000.0
2011-06-30,472848.8,472848.8,7.733333,3.357245,2.7182232550083567,0.997581818181818,2.98772727272727,16055250000.0,24.3717539884036,25.031786763887,-3.18,266356750000.0,104509500000.0,22.6533333333333,567932000000.0,0.9772272727272728,91.54075,418038000000.0,34428810.35110988,23217700.0,Canada,0.18152850048305247,2.7914744054339913,1.7960834180184015,5.774319066147537,2.4605684907596403,1.513580456769592,1.3260858376816342,2.6619134397883215,6.668519815862073,471992.0,468424.5,460007.8,7.8,7.933333,8.133333,2.91213508872347,2.8902608791631272,2.280634493340482,16027944444.4444,15753944444.4444,15771972222.2222,0.99414347826087,0.9971714285714292,0.4918909090909089,-0.0006725194184694981,88408387.62834969,3.295302334737504,7.916666499999999,2.796931769376589,856.7999999999884,0.1700000000000017,27305555.555599213
2011-09-30,479318.5,479318.5,7.433333,2.996575,2.3638127121459673,0.998304761904762,2.1966666666666694,16335916666.6667,25.6954956690418,25.2082600680499,-2.51,267503500000.0,104965000000.0,22.34,588000000000.0,1.0018181818181802,84.74576,419860000000.0,34523101.12523884,23255500.0,Canada,1.3682386420352577,3.4735594566822403,3.0917371366067092,-0.04474272930649059,2.0794358420059833,1.5963200189709648,8.166250642900996,1.3467076630542696,8.769242721894788,472848.8,471992.0,463228.0,7.733333,7.8,8.199999999999998,2.7182232550083567,2.91213508872347,2.6671078546114004,16055250000.0,16027944444.4444,15846000000.0,0.997581818181818,0.99414347826087,0.9511714285714292,-0.0005236601549908881,87595200.26871485,3.252654316486053,7.72499975,2.72110798376023,6469.700000000012,-0.3133333333333006,280666666.66670036
2011-12-31,483127.8,483127.8,7.533333,2.6958,1.9336277463091187,0.99917,1.992,16609638888.8889,25.9844430959342,25.6023169857119,-2.44,269105250000.0,105195000000.0,22.9366666666667,596155000000.0,1.02318181818182,82.75748,420780000000.0,34619012.90853372,23284900.0,Canada,0.7947325212775969,3.138883640800172,5.431620299678408,2.8242677824267703,1.7168878490189554,1.1184112504385668,6.147066262666612,5.356211352976459,8.336664970560449,479318.5,472848.8,468424.5,7.433333,7.733333,7.933333,2.3638127121459673,2.7182232550083567,2.8902608791631272,16335916666.6667,16055250000.0,15753944444.4444,0.998304761904762,0.997581818181818,0.9971714285714292,-0.000505042351112894,87094967.41855882,3.1366075778175517,7.62499975,2.4819497005467284,3809.2999999999884,0.5966666666666995,273722222.2222004
2012-03-31,483432.8,483432.8,7.566667,2.3360540000000003,1.51567823124525,0.9996909090909092,2.10681818181818,16579333333.3333,25.5511040592358,25.5838732425404,-3.08,270614250000.00003,105334250000.0,22.87,611193000000.0,0.993454545454545,86.92336999999996,421337000000.0,34713395.0,23311500.0,Canada,0.06313029388911318,2.423939388803187,3.440172199249303,1.719792438843748,2.064279006264602,1.170817915723199,3.7429584453318565,2.9505119090300846,9.352109954519584,483127.8,479318.5,471992.0,7.533333,7.433333,7.8,1.9336277463091187,2.3638127121459673,2.91213508872347,16609638888.8889,16335916666.6667,16027944444.4444,0.99917,0.998304761904762,0.99414347826087,-0.0006371102664113812,87155236.46719874,2.9569642229298974,7.566666499999999,2.1328354861771732,305.0,-0.0666666666666984,-30305555.55560112
2012-06-30,485004.3,485004.3,7.466667,1.582454,1.177124026831691,1.00080476190476,1.74761904761905,16614000000.0,25.19443821386,25.6690768033144,-3.62,270987750000.0,105047500000.0,23.2666666666667,632008000000.0,1.0277619047619,80.17008,420190000000.0,34805777.6670106,23355400.0,Canada,0.32507103365762013,2.5706949028949655,3.480170037838093,2.7074749852857627,1.7386456322207033,0.5147857371817777,3.3755642940095365,2.5459230914622877,11.282336617764098,483432.8,483127.8,472848.8,7.566667,7.533333,7.733333,1.51567823124525,1.9336277463091187,2.7182232550083567,16579333333.3333,16609638888.8889,16055250000.0,0.9996909090909092,0.99917,0.997581818181818,-0.0007463851351421009,86636345.28601088,2.9017693472951414,7.5,1.7475606791330067,1571.5,0.39666666666670025,34666666.66670036
2012-09-30,485668.0,485668.0,7.366666999999999,1.219174,0.9498640873762347,1.0006842105263198,1.8378947368421097,16478694444.4444,24.3755503551771,25.2086815729615,-3.77,272643500000.00003,105698750000.0,23.5033333333333,636174000000.0,0.9783,85.56170999999999,422795000000.0,34897843.67270167,23389800.0,Canada,0.13684414756736096,1.324693288491896,0.8740114233628304,5.207400775887638,1.92147018637141,0.6990425379888476,-5.136874302273076,0.001672090459492459,8.192857142857136,485004.3,483432.8,479318.5,7.466667,7.566667,7.433333,1.177124026831691,1.51567823124525,2.3638127121459673,16614000000.0,16579333333.3333,16335916666.6667,1.00080476190476,0.9996909090909092,0.998304761904762,-0.0007762504426892446,87054325.1768698,2.3645528052475555,7.4833335,1.3940735229405734,663.7000000000116,0.23666666666659708,-135305555.5555992
2012-12-31,486667.5,486667.5,7.366666999999999,0.939486,0.8631412837535117,1.00036315789474,1.76789473684211,16206972222.2222,24.5322071251323,24.7016155621497,-3.18,274114500000.00003,105627500000.0,23.3666666666667,645790000000.0,0.9895714285714292,85.765,422510000000.0,34989839.77562521,23416900.0,Canada,0.2057990232010365,0.732663282882906,-2.424295129836118,1.874727510536256,1.861446404334366,0.4111412139360171,-5.588867021087451,-3.5180465270579275,8.325854853184156,485668.0,485004.3,483127.8,7.366666999999999,7.466667,7.533333,0.9498640873762347,1.177124026831691,1.9336277463091187,16478694444.4444,16614000000.0,16609638888.8889,1.0006842105263198,1.00080476190476,0.99917,-0.0006534235386583243,86816974.6284681,1.7629977157682386,7.441666999999999,1.1264519073016719,999.5,-0.1366666666665992,-271722222.2222004
2013-03-31,491023.8,491023.8,7.166667,0.9075907,0.938291897815245,1.00565,1.8515,16351222222.2222,24.8839008463143,24.9980712302141,-3.22,275949750000.0,104522250000.0,23.4733333333333,669691000000.0,1.02409523809524,89.09896999999998,418089000000.0,35080992.0,23438500.0,Canada,0.8951286042318429,1.5702285819249262,-1.3758762582598782,2.638099402419325,1.9716256627283935,-0.7708793673472769,-2.6112500319935505,-2.2897315303776478,9.571117470258983,486667.5,485668.0,483432.8,7.366666999999999,7.366666999999999,7.566667,0.8631412837535117,0.9498640873762347,1.51567823124525,16206972222.2222,16478694444.4444,16579333333.3333,1.00036315789474,1.0006842105263198,0.9996909090909092,-0.0006557726937064965,85146381.90653896,1.5495700140486734,7.341666999999999,0.9821053239441706,4356.299999999988,0.10666666666660163,144250000.0
2013-06-30,493851.5,493851.5,7.166667,0.7652364,1.176817670863603,1.010085,2.2445,16288666666.6667,24.8005928149807,24.9084698758396,-3.27,278480750000.0,104056750000.0,23.3966666666667,676324000000.0,1.031325,85.23156999999999,416227000000.0,35174722.76917618,23479700.0,Canada,0.5758783993769834,1.8241487755881858,-1.958187873680628,0.5587392550143289,2.765069638756734,-0.9431447678431182,-1.5632235794908023,-2.963125371834918,7.011936557765086,491023.8,486667.5,485004.3,7.166667,7.366666999999999,7.466667,0.938291897815245,0.8631412837535117,1.177124026831691,16351222222.2222,16206972222.2222,16614000000.0,1.00565,1.00036315789474,1.00080476190476,-0.000662142364658202,84281813.46011908,1.3629334822219785,7.266667,0.9820287349521486,2827.7000000000116,-0.07666666666660049,-62555555.55550003
2013-09-30,497912.5,497912.5,7.233333,1.14974,1.494546510440223,0.99782,2.698,16372000000.0,24.5405317219786,25.0342496554119,-2.98,280429000000.0,104578000000.0,23.2433333333333,687343000000.0,1.03522380952381,89.34368,418312000000.0,35268141.82061776,23512200.0,Canada,0.8223119702987614,2.521166722946533,-0.6474690383034054,-1.1062260672245028,2.855560466323226,-1.0603247436701047,0.6768313510774115,-0.6919517668733999,8.043239742586138,493851.5,491023.8,485668.0,7.166667,7.166667,7.366666999999999,1.176817670863603,0.938291897815245,0.9498640873762347,16288666666.6667,16351222222.2222,16478694444.4444,1.010085,1.00565,1.0006842105263198,-0.000598498732206964,84013154.92179851,1.6620518408356377,7.2333335,1.1181993407181456,4061.0,-0.15333333333339993,83333333.33329964
2013-12-31,503123.5,503123.5,7.266667,0.9307418,1.775900805939366,1.001315,2.6735,16595861111.1111,25.0139152997945,25.0778325653191,-3.25,282100750000.0,105221000000.0,22.86,705300000000.0,1.06354090909091,93.14001,420884000000.0,35356398.79359823,23532700.0,Canada,1.046569427359234,3.381364073006732,2.399515983347422,-2.1683309557775976,2.9134722898642496,-0.38484296229674975,1.9635745459229748,1.5230461433699771,9.215069914368446,497912.5,493851.5,486667.5,7.233333,7.166667,7.366666999999999,1.494546510440223,1.176817670863603,0.8631412837535117,16372000000.0,16288666666.6667,16206972222.2222,0.99782,1.010085,1.00036315789474,-0.0006459646587766225,83654212.13678153,2.324227038366594,7.2083335,1.3463892212646091,5211.0,-0.3833333333333009,223861111.11109924
2014-03-31,503973.8,503973.8,7.233333,1.390025,1.90663590717867,0.996480952380952,2.4542857142857097,16584833333.3333,25.6861486809965,25.1459979668461,-2.53,282902000000.0,105524250000.0,22.6766666666667,717899000000.0,1.11068571428571,99.59733,422097000000.0,35434066.0,23552300.0,Canada,0.16900423057162328,2.6373467029500386,1.4287073341441747,-3.393922181198239,2.5193898526815195,0.9586475606868428,3.2239633152252534,0.591752600709472,7.198543806023983,503123.5,497912.5,491023.8,7.266667,7.233333,7.166667,1.775900805939366,1.494546510440223,0.938291897815245,16595861111.1111,16372000000.0,16351222222.2222,1.001315,0.99782,1.00565,-0.0005020102235473352,83753758.62792867,2.5910065686228725,7.225,1.5884752236054656,850.2999999999884,-0.18333333333329804,-11027777.777799606
2014-06-30,508567.8,508567.8,7.2,2.22403,1.8206708337447264,0.9998714285714292,2.2985714285714303,16839250000.0,26.7461542020636,25.892585209042,-2.53,285482500000.0,105129750000.0,23.0433333333333,725893000000.0,1.08258095238095,104.3338,420519000000.0,35502018.87825217,23594600.0,Canada,0.9115553229156026,2.979903877987611,3.380162075880766,-1.5101866362732475,2.514267144138338,1.0311680885670471,7.844818071879689,3.9509264844765024,7.329179505680705,503973.8,503123.5,493851.5,7.233333,7.266667,7.166667,1.90663590717867,1.775900805939366,1.176817670863603,16584833333.3333,16595861111.1111,16288666666.6667,0.996480952380952,1.001315,1.010085,-0.000497475459515919,82686910.18188725,2.8799453442227287,7.23333325,1.7494385143257465,4594.0,0.36666666666659964,254416666.66670036
2014-09-30,513442.8,513442.8,7.033333,2.0838970000000003,1.5858049126731972,0.9993333333333329,2.18095238095238,17023055555.5556,26.6008406032003,25.6312270582066,-2.53,287607500000.0,105177750000.0,23.83,740468000000.0,1.1007136363636398,107.1606,420711000000.0,35565449.13896162,23612600.0,Canada,0.9585742549960807,3.1190821680516123,3.9766403344466017,2.5240212247240823,2.559827977848217,0.573495381437783,8.395534801621608,2.384642683571081,7.7290377584408265,508567.8,503973.8,497912.5,7.2,7.233333,7.233333,1.8206708337447264,1.90663590717867,1.494546510440223,16839250000.0,16584833333.3333,16372000000.0,0.9998714285714292,0.996480952380952,0.99782,-0.000492752065079109,81939215.04011743,3.0294242054989984,7.1833332500000004,1.77225311488399,4875.0,0.7866666666666973,183805555.5555992
2014-12-31,516991.5,516991.5,6.766667,1.925685,1.3152962953123792,1.00460952380952,1.85190476190476,17121500000.0,26.5771441509794,26.0216570073448,-2.53,289764750000.0,104859500000.0,24.1633333333333,753656000000.0,1.15436956521739,100.1089,419438000000.0,35631042.89665183,23617700.0,Canada,0.6911578076467251,2.756380888588983,3.167289032908216,5.701370662000427,2.7167598809999527,-0.343562596820024,6.249436893222948,3.7635806027788155,6.856089607259319,513442.8,508567.8,503123.5,7.033333,7.2,7.266667,1.5858049126731972,1.8206708337447264,1.775900805939366,17023055555.5556,16839250000.0,16595861111.1111,0.9993333333333329,0.9998714285714292,1.001315,-0.0004893697478585237,81130540.8309421,2.873178409394561,7.0583332500000004,1.6571019872272432,3548.7000000000116,0.3333333333333002,98444444.44440079
2015-03-31,514113.0,514113.0,6.866667,1.075269,1.12524136094278,0.757040909090909,1.42136363636364,17029888888.8889,26.1112130222245,26.7210603235398,-2.53,290256250000.0,106288250000.0,24.0466666666667,766809000000.0,1.2612045454545502,104.0623,425153000000.0,35704498.0,23616300.0,Canada,-0.5567789799251988,2.011850616043942,2.6835093643123864,6.041452300455652,2.5995751178853554,0.7240041980871803,1.6548387479454085,6.263670102774799,6.812936081537924,516991.5,513442.8,503973.8,6.766667,7.033333,7.233333,1.3152962953123792,1.5858049126731972,1.90663590717867,17121500000.0,17023055555.5556,16584833333.3333,1.00460952380952,0.9993333333333329,0.996480952380952,-0.0004921097112891524,82696411.1002834,2.716804387668037,6.96666675,1.4617533506682707,-2878.5,-0.11666666666659964,-91611111.11109924
2015-06-30,512709.5,512709.5,6.933333,0.902096,1.0880357230450144,0.7446772727272729,1.78,16937305555.5556,25.8966809745481,26.7200088668561,-2.53,291815000000.0,106399750000.0,24.5833333333333,781445000000.0,1.2357636363636395,103.4648,425599000000.0,35793261.533130534,23638800.0,Canada,-0.272994458416731,0.814385023983033,0.5823035797651199,6.683060899754101,2.2181744940583004,1.2080310283245188,-3.176057466422433,3.1956007912456563,7.65291854309107,514113.0,516991.5,508567.8,6.866667,6.766667,7.2,1.12524136094278,1.3152962953123792,1.8206708337447264,17029888888.8889,17121500000.0,16839250000.0,0.757040909090909,1.00460952380952,0.9998714285714292,-0.0004934568210653401,83009774.54094374,2.1754246741668926,6.9,1.2785945729933426,-1403.5,0.5366666666666013,-92583333.33330154
2015-09-30,514545.5,514545.5,7.066667,1.193001,1.1711225032827537,0.5008047619047619,1.4814285714285702,17018527777.7778,27.136317111008,27.1133270427175,-2.53,294017500000.0,107017000000.0,24.3366666666667,806454000000.0,1.32664090909091,93.99223,428068000000.0,35894706.59130405,23668700.0,Canada,0.35809751916044963,0.2147658901828997,-0.026597914593085026,2.126171492516593,2.2287318654763855,1.7487063566201,2.0130059639667186,5.782399653146375,8.911391174230342,512709.5,514113.0,513442.8,6.933333,6.866667,7.033333,1.0880357230450144,1.12524136094278,1.5858049126731972,16937305555.5556,17029888888.8889,17023055555.5556,0.7446772727272729,0.757040909090909,0.9993333333333329,-0.0004916960696381564,83193420.21259539,1.4493456046997144,6.9083335,1.174923970645732,1836.0,-0.24666666666659864,81222222.2222004
2015-12-31,514886.5,514886.5,7.133333,1.330495,1.3077284076910891,0.5130333333333329,1.45952380952381,16961583333.3333,26.1663520244216,27.1885644280206,-2.53,296259750000.0,106720250000.0,24.9666666666667,815904000000.0,1.3717043478260902,91.58231,426881000000.0,36002694.52882319,23689300.0,Canada,0.06627207895122389,-0.4071633672894093,-0.9340108440656469,3.32459649606871,2.2414734711520223,1.7745173303324924,-1.5456593990090695,4.484370155007555,8.259471164563138,514545.5,512709.5,516991.5,7.066667,6.933333,6.766667,1.1711225032827537,1.0880357230450144,1.3152962953123792,17018527777.7778,16937305555.5556,17121500000.0,0.5008047619047619,0.7446772727272729,1.00460952380952,-0.0004913704282400102,82907786.47332956,0.6584595407301164,7.0,1.1730319987404094,341.0,0.629999999999999,-56944444.44449997
2016-03-31,517933.0,517933.0,7.233333,1.542553,1.42875954701085,0.4986363636363639,1.26818181818182,16998916666.6667,26.0118293451827,26.8888622011389,-2.53,296652000000.0,107595000000.0,24.8733333333333,831456000000.0,1.3211695652173898,93.31869,430380000000.0,36110803.0,23723200.0,Canada,0.5916837982739898,0.7430273111164176,-0.18186978449641344,3.4377599112833446,2.203483990439481,1.2294397546295022,-0.3806168520673836,0.6279761190886468,8.430652222391766,514886.5,514545.5,514113.0,7.133333,7.066667,6.866667,1.3077284076910891,1.1711225032827537,1.12524136094278,16961583333.3333,17018527777.7778,17029888888.8889,0.5130333333333329,0.5008047619047619,0.757040909090909,-0.0004884801702150664,83095689.98306732,0.34125371449823527,7.0916665000000005,1.2489115452574269,3046.5,-0.09333333333340121,37333333.33340073
2016-06-30,515353.0,515353.0,7.133333,1.551407,1.4875077174374445,0.5069,1.16818181818182,16902472222.2222,24.3779093695184,26.1283259213087,-2.53,298062000000.0,108741000000.0,24.41,844136000000.0,1.2887,97.93118,434964000000.0,36216499.87665031,23766000.0,Canada,-0.4981339285197173,0.5155941132356734,-0.20566041758615095,-0.7050847457625742,2.1407398523036747,2.200428102509644,-5.864734583255626,-2.214381546412336,8.022445597578853,517933.0,514886.5,512709.5,7.233333,7.133333,6.933333,1.42875954701085,1.3077284076910891,1.0880357230450144,16998916666.6667,16961583333.3333,16937305555.5556,0.4986363636363639,0.5130333333333329,0.7446772727272729,-0.0004909256373786512,84401177.44536269,0.26655598681139536,7.1416664999999995,1.3487795438555343,-2580.0,-0.4633333333332992,-96444444.44449997
2016-09-30,520701.3,520701.3,6.966667,1.231333,1.5075547258095081,0.4993809523809519,1.08619047619048,16929944444.4444,25.5151664030028,26.533354295428,-2.53,300092500000.0,108719500000.0,24.86,875802000000.0,1.30972272727273,102.1077,434878000000.0,36322857.32539963,23809300.0,Canada,1.0377935124080029,1.196356784774144,-0.5205111422685316,2.1503903574851213,2.0662035423061553,1.5908687404804889,-5.974099953849565,-2.139068902815733,8.599126546585412,515353.0,517933.0,514545.5,7.133333,7.233333,7.066667,1.4875077174374445,1.42875954701085,1.1711225032827537,16902472222.2222,16998916666.6667,17018527777.7778,0.5069,0.4986363636363639,0.5008047619047619,-0.0004858831733279713,83517748.08321008,0.5119537104592065,7.1166665,1.432887599487223,5348.299999999988,0.4499999999999993,27472222.222200394
2016-12-31,523622.5,523622.5,6.866667,1.391807,1.5305504183355672,0.495425,1.732,16931388888.8889,26.1276926919078,25.7706224336301,-2.53,302211500000.0,108949500000.0,25.16,895146000000.0,1.33537727272727,106.4306,435798000000.0,36432112.29611041,23838900.0,Canada,0.5610126189429465,1.696684609132304,-0.17801666183522302,0.7743658210946469,2.0089634180815885,2.0888725429335064,-0.14774444858693947,-5.215214647115274,9.712172020237686,520701.3,515353.0,514886.5,6.966667,7.133333,7.133333,1.5075547258095081,1.4875077174374445,1.3077284076910891,16929944444.4444,16902472222.2222,16961583333.3333,0.4993809523809519,0.5069,0.5130333333333329,-0.0004831725145500814,83227516.00628315,1.0379157045646348,7.05,1.4885931021483425,2921.2000000000116,0.3000000000000007,1444444.4444999695
2017-03-31,530210.8,530210.8,6.733333,1.911996,1.5968841285297,0.4950434782608699,1.7143478260869598,17155305555.5556,26.3390937537359,26.1040405171285,-2.53,305399750000.0,110030500000.0,25.68,915745000000.0,1.33834782608696,108.2026,440122000000.0,36545075.0,23881100.0,Canada,1.2582156037985515,2.3705382742555514,0.919993267544883,3.2430983650497236,2.9488255599153135,2.2635810214229224,1.2581368430890638,-2.918761225892097,10.13751780010006,523622.5,520701.3,517933.0,6.866667,6.966667,7.233333,1.5305504183355672,1.5075547258095081,1.42875954701085,16931388888.8889,16929944444.4444,16998916666.6667,0.495425,0.4993809523809519,0.4986363636363639,-0.00047716870346662115,83008871.18859139,1.4447934453494182,6.925000000000001,1.530624247528055,6588.300000000047,0.5199999999999996,223916666.66669846
2017-06-30,535791.5,535791.5,6.533333,1.320559,1.7355895261614758,0.4941045454545449,1.50272727272727,17389361111.1111,26.4227002563356,27.0647975136384,-2.53,309308750000.0,110186500000.0,25.56,944515000000.0,1.3298045454545502,106.7628,440746000000.0,36667786.24872052,23936300.0,Canada,1.0525436298166602,3.965922387179277,2.8805779562161904,4.711183941007779,3.773292133851336,1.3293054137813787,8.387884522099176,3.5841239700932004,11.891330306964765,530210.8,523622.5,515353.0,6.733333,6.866667,7.133333,1.5968841285297,1.5305504183355672,1.4875077174374445,17155305555.5556,16931388888.8889,16902472222.2222,0.4950434782608699,0.495425,0.5069,-0.0004721986071074289,82260730.15342721,2.307375513835319,6.775,1.5926446997090626,5580.699999999953,-0.120000000000001,234055555.55550003
2017-09-30,535959.8,535959.8,6.233333,1.371636,1.92212577703344,0.97019,2.0495,17161694444.4444,24.2043149720416,25.6802281496644,-2.53,312276000000.0,111010000000.0,25.5133333333333,945972000000.0,1.22879047619048,106.5621,444040000000.0,36799252.6807277,23995100.0,Canada,0.0314114725597614,2.9303748617489633,1.3688763171107121,2.6280504156608986,4.059914859584968,2.1067977685695682,-5.137538240028605,-3.2152970041582796,8.012084923304585,535791.5,530210.8,520701.3,6.533333,6.733333,6.966667,1.7355895261614758,1.5968841285297,1.5075547258095081,17389361111.1111,17155305555.5556,16929944444.4444,0.4941045454545449,0.4950434782608699,0.4993809523809519,-0.00047205032914782034,82849497.29438663,2.7408800330790237,6.5916665000000005,1.6962874625150457,168.30000000004657,-0.04666666666669883,-227666666.66669846
2017-12-31,538679.0,538679.0,6.166667,1.787102,2.114281242455737,0.9960789473684208,1.91526315789474,17396638888.8889,25.1015280982058,26.1752099554526,-2.53,314078500000.0,111957000000.0,25.45,961536000000.0,1.27694285714286,112.2785,447828000000.0,36935955.0025963,24043500.0,Canada,0.5073514841971161,2.8754493934084246,2.7478549045986123,1.152623211446735,3.9267201943010033,2.7604532375091306,-3.9274979455794834,1.5699563441452735,7.416667225234774,535959.8,535791.5,523622.5,6.233333,6.533333,6.866667,1.92212577703344,1.7355895261614758,1.5305504183355672,17161694444.4444,17389361111.1111,16931388888.8889,0.97019,0.4941045454545449,0.495425,-0.0004696674642969189,83134482.68820578,3.035571229148054,6.4166665,1.842220168545088,2719.1999999999534,-0.0633333333333006,234944444.44449997
2018-03-31,544941.3,544941.3,5.9,2.056027,2.26822567248104,1.2394,2.1885714285714295,17640583333.333298,25.3507549382257,26.3821323130959,-2.53,316185000000.0,113025750000.0,25.35,958880000000.0,1.293,107.9901,452103000000.0,37072620.0,24106400.0,Canada,1.1625290757575568,2.7782346191363994,2.828732931664657,-1.2850467289719614,3.5315189354280685,2.722199753704646,-3.7523645450786125,1.0653208869520814,4.7103724290058935,538679.0,535959.8,530210.8,6.166667,6.233333,6.733333,2.114281242455737,1.92212577703344,1.5968841285297,17396638888.8889,17161694444.4444,17155305555.5556,0.9960789473684208,0.97019,0.4950434782608699,-0.0004642701883670773,82963614.61317025,3.137495315368266,6.20833325,2.010055554532923,6262.300000000047,-0.09999999999999787,243944444.44439697
2018-06-30,549192.0,549192.0,5.9,2.300025,2.3532225650553693,1.2481,2.20904761904762,17813833333.333298,26.5056060798154,26.955985264733,-2.53,318038250000.0,114171500000.0,24.9333333333333,982117000000.0,1.31239047619048,113.3493,456686000000.0,37211696.146323025,24181400.0,Canada,0.7800289682576844,2.5010661796613043,2.4409880242867388,-2.451747522170178,2.8222609286028932,3.6165954994486604,0.3137674146680869,-0.4020434619936397,3.9810908243913534,544941.3,538679.0,535791.5,5.9,6.166667,6.533333,2.26822567248104,2.114281242455737,1.7355895261614758,17640583333.333298,17396638888.8889,17389361111.1111,1.2394,0.9960789473684208,0.4941045454545449,-0.00046067677606374455,83155981.8788329,2.771281263488773,6.050000000000001,2.164463814256396,4250.699999999953,-0.4166666666666998,173250000.0
2018-09-30,551962.3,551962.3,5.9,2.680623,2.3423684828098783,1.49646315789474,2.35368421052632,17838722222.222202,26.7467214885487,26.6776983309074,-2.53,319789750000.0,114565500000.0,25.1033333333333,994153000000.0,1.3037450000000002,112.5069,458262000000.0,37351426.63070409,24231500.0,Canada,0.5044319655056917,2.9857649771493966,3.944993776514716,-1.6070028743140896,2.406124710192259,3.2028646067921773,10.503939150700337,3.884195169255289,5.093279716524379,549192.0,544941.3,535959.8,5.9,5.9,6.233333,2.3532225650553693,2.26822567248104,1.92212577703344,17813833333.333298,17640583333.333298,17161694444.4444,1.2481,1.2394,0.97019,-0.00045836463830953663,83024148.56956716,2.7851287923388814,5.96666675,2.269524490700506,2770.3000000000466,0.16999999999999815,24888888.88890457
2018-12-31,553262.5,553262.5,5.633333,2.035623,2.2124737999083286,1.74997368421053,2.05789473684211,17816194444.4444,25.9200612354758,26.5938839637809,-2.53,319835500000.0,115359000000.0,25.9166666666667,1025416000000.0,1.3446809523809498,100.9393,461436000000.0,37488547.85808849,24266100.0,Canada,0.23555956629646158,2.7072709350095314,2.4117046875271164,1.833660772757173,1.8329812451345795,3.038666630938658,3.2608896720056846,1.5995058264703044,6.643537007454747,551962.3,549192.0,538679.0,5.9,5.9,6.166667,2.3423684828098783,2.3532225650553693,2.114281242455737,17838722222.222202,17813833333.333298,17396638888.8889,1.49646315789474,1.2481,0.9960789473684208,-0.0004572874539662457,83402724.74639073,2.743084177739158,5.833333250000001,2.294072630063654,1300.1999999999534,0.8133333333334001,-22527777.777801514
2019-03-31,554594.0,554594.0,5.766667,1.611685,1.94926902411596,1.74693333333333,1.71238095238095,17774527777.777798,25.1590542074792,27.048435549726,-2.53,321565500000.0,114848250000.0,25.8066666666667,993962000000.0,1.33681904761905,112.4168,459393000000.0,37618495.0,24295300.0,Canada,0.24066333792729377,1.7713283981228622,0.7592971383854508,1.801446416831154,1.7016936287300055,1.6124644162945234,-0.756193380487602,2.5255852283757596,3.6586434173202065,553262.5,551962.3,544941.3,5.633333,5.9,5.9,2.2124737999083286,2.3423684828098783,2.26822567248104,17816194444.4444,17838722222.222202,17640583333.333298,1.74997368421053,1.49646315789474,1.2394,-0.00045618957291279746,82834109.27633548,2.491357622485774,5.800000000000001,2.2143334679723843,1331.5,-0.10999999999999943,-41666666.66660309
2019-06-30,560665.5,560665.5,5.6,2.148389,1.5506551517459697,1.742595,1.4625,17856833333.333298,26.544061435218,26.4184236470242,-2.53,322350750000.0,114767750000.0,25.9766666666667,1029835000000.0,1.32873,113.8331,459071000000.0,37743358.787662484,24349900.0,Canada,1.0947648189486348,2.0891600751649753,0.24138544015419594,4.184491978609883,1.3559689754298443,0.5222406642638511,0.14508385617291175,-1.9942198826325308,4.858687916001858,554594.0,553262.5,549192.0,5.766667,5.633333,5.9,1.94926902411596,2.2124737999083286,2.3532225650553693,17774527777.777798,17816194444.4444,17813833333.333298,1.74693333333333,1.74997368421053,1.2481,-0.00045124945265938423,81879659.0837139,2.3883810963616914,5.7250000000000005,2.013691614645034,6071.5,0.16999999999999815,82305555.55550003
2019-09-30,562233.3,562233.3,5.666667,1.939334,1.1202740959562196,1.74658,1.364,17721777777.777798,25.7026552696346,25.7662770250371,-2.53,323893000000.0,115702000000.0,26.0966666666667,1063172000000.0,1.32430952380952,116.2679,462808000000.0,37857954.795801654,24434100.0,Canada,0.27963197307485643,1.8608154941016863,-0.655565140751635,3.9569778249903154,1.2831086674916836,0.9920089381183717,-3.903529706850628,-3.4164165684952508,6.942492755139296,560665.5,554594.0,551962.3,5.6,5.766667,5.9,1.5506551517459697,1.94926902411596,2.3423684828098783,17856833333.333298,17774527777.777798,17838722222.222202,1.742595,1.74693333333333,1.49646315789474,-0.00044999113357390954,82316006.54034543,2.107143725599764,5.66666675,1.7081680179316197,1567.8000000000466,0.120000000000001,-135055555.55550003
2019-12-31,563838.5,563838.5,5.7,2.094763,0.7974895050243005,1.74805,1.6045,17596861111.1111,24.9629816218645,24.8812688708629,-2.53,326216000000.0,116739250000.0,26.5566666666667,1100753000000.0,1.3170363636363602,118.7978,466957000000.0,37955168.22842857,24500000.0,Canada,0.28550425597344553,1.911570005196439,-1.231089692118259,2.469453376205788,1.9949317696128066,1.1964822857341018,-3.6924280576211777,-6.439883302681427,7.346969425091876,562233.3,560665.5,553262.5,5.666667,5.6,5.633333,1.1202740959562196,1.5506551517459697,2.2124737999083286,17721777777.777798,17856833333.333298,17816194444.4444,1.74658,1.742595,1.74997368421053,-0.0004487100472919107,82817508.91434339,1.9082184931464907,5.6833335,1.3544219442106125,1605.1999999999534,0.46000000000000085,-124916666.66669846
2020-03-31,552844.0,552844.0,6.6,1.80917,0.716999632307807,0.953381818181818,0.8190909090909091,16901500000.0,24.8993713330676,25.2183376340026,-2.53,319451500000.0,116599500000.0,26.6466666666667,1139676000000.0,1.39525,95.94145,466398000000.0,38028638.0,24559300.0,Canada,-1.9499377924707129,-0.3155461472716947,-4.911679166347705,3.2549728752260254,-0.6574088327261474,1.5248382104211533,-1.0321646921624184,-6.766002833542584,14.659916576287625,563838.5,562233.3,554594.0,5.7,5.666667,5.766667,0.7974895050243005,1.1202740959562196,1.94926902411596,17596861111.1111,17721777777.777798,17774527777.777798,1.74805,1.74658,1.74693333333333,-0.0004576336181635325,84363400.88704951,1.3864998567978515,5.891666750000001,1.0463545962585743,-10994.5,0.08999999999999986,-695361111.1110992
2020-06-30,492031.5,492031.5,13.5,0.02445586,0.9742134102073943,0.238577272727273,0.561363636363636,14096944444.4444,21.0455511396218,22.2362262219162,-2.53,274286750000.0,112400750000.0,26.6566666666667,1280465000000.0,1.3550318181818202,107.9628,449603000000.0,38077953.52463759,24590000.0,Canada,-10.999938499829975,-12.241523689258571,-21.055742743985427,2.617733863723859,-14.910466316582172,-2.0624260735267574,-20.714653290776795,-15.830609278533103,24.336908339685493,552844.0,563838.5,560665.5,6.6,5.7,5.6,0.716999632307807,0.7974895050243005,1.5506551517459697,16901500000.0,17596861111.1111,17856833333.333298,0.953381818181818,1.74805,1.742595,-0.0005141947212729266,91376873.22864492,-2.196171084308035,7.86666675,0.9022441608739304,-60812.5,0.00999999999999801,-2804555555.555599
2020-09-30,536725.3,536725.3,10.03333,0.2682927,1.5506030435272096,0.228038095238095,0.5595238095238101,16659888888.8889,23.9622984183284,25.1988084491143,-2.53,308820000000.0,118655250000.0,26.7966666666667,1361606000000.0,1.32217727272727,113.2146,474621000000.0,38117768.13146349,24610400.0,Canada,9.083524123963628,-4.536906654230544,-5.9919997993680525,2.6823349086728676,-4.653697363018039,2.552462360201213,-6.771116964566226,-2.2023693037662717,28.070152336592756,492031.5,552844.0,562233.3,13.5,6.6,5.666667,0.9742134102073943,0.716999632307807,1.1202740959562196,14096944444.4444,16901500000.0,17721777777.777798,0.238577272727273,0.953381818181818,1.74658,-0.00047137707128767724,88429034.36823268,-3.7956016213910924,8.958332500000001,1.0098263977666777,44693.80000000005,0.14000000000000057,2562944444.4445
2020-12-31,546807.0,546807.0,8.833332999999998,0.7816315999999999,2.3855613759396554,0.1993,0.730952380952381,17046000000.0,23.9241472657436,25.0088777342993,-2.53,310494250000.0,120252250000.0,27.5633333333333,1414341000000.0,1.2810086956521698,122.2525,481009000000.0,38166175.296935834,24597800.0,Canada,1.8783724188146111,-3.0206344547241804,-3.1304509800516134,3.7906363750468186,-4.819429457782576,3.0092706608959796,-4.161499502972077,0.5128712048356743,28.488498327962763,536725.3,492031.5,563838.5,10.03333,13.5,5.7,1.5506030435272096,0.9742134102073943,0.7974895050243005,16659888888.8889,14096944444.4444,17596861111.1111,0.228038095238095,0.238577272727273,1.74805,-0.0004626861031405962,87966869.48045655,-5.028652736371248,9.74166575,1.4068443654955165,10081.699999999953,0.7666666666666018,386111111.11109924
2021-03-31,556122.3,556122.3,8.466666,1.436222,3.39519318527533,0.180426086956522,1.49652173913043,17204638888.8889,25.0279611188414,24.5562411795229,-2.53,311390500000.0,121976750000.0,27.88,1448999000000.0,1.25737391304348,130.1205,487907000000.0,38239864.0,24583300.0,Canada,1.7035809709824656,0.5929882570851808,1.7935620441315914,4.628471353515007,-2.523387744305472,4.611726465379351,0.516437881317211,-2.625456380546587,27.141310337323944,546807.0,536725.3,552844.0,8.833332999999998,10.03333,6.6,2.3855613759396554,1.5506030435272096,0.716999632307807,17046000000.0,16659888888.8889,16901500000.0,0.1993,0.228038095238095,0.953381818181818,-0.0004549359016892506,87733759.28280523,-4.801519135282028,10.20833225,2.076392753737397,9315.300000000047,0.3166666666666984,158638888.88890076
2021-06-30,555470.5,555470.5,8.133333,3.3496330000000003,4.529510313414259,0.1878818181818179,1.425,16893611111.1111,24.4701992661092,24.1356838594289,-2.53,310674500000.0,122935500000.0,27.3266666666667,1544045000000.0,1.22186363636364,140.2464,491742000000.0,38355271.00860984,24574000.0,Canada,-0.11720443506761935,12.893280206653435,19.838814557922603,2.5134425409528705,13.266317093333901,9.372490841920534,16.272551399425804,8.54217626028908,20.584709461016114,556122.3,546807.0,492031.5,8.466666,8.833332999999998,13.5,3.39519318527533,2.3855613759396554,0.9742134102073943,17204638888.8889,17046000000.0,14096944444.4444,0.180426086956522,0.1993,0.238577272727273,-0.0004554697324160329,88527113.50107701,1.4821818386959733,8.8666655,2.9652169795391137,-651.8000000000466,-0.553333333333299,-311027777.7778015
2021-09-30,566660.5,566660.5,7.166667,4.062272,5.616500896760974,0.1870449999999999,1.263,16911666666.6667,24.873908452422,24.0616664384823,-2.53,325566500000.0,123552000000.0,27.6366666666667,1586188000000.0,1.26674545454545,143.1405,494208000000.0,38513673.86959633,24610600.0,Canada,2.0145084212392916,5.577378223087304,1.5112812543769172,3.1347182485383707,5.422738164626639,4.126871756622652,3.804351394757388,-4.512681672739848,16.4939049916055,555470.5,556122.3,536725.3,8.133333,8.466666,10.03333,4.529510313414259,3.39519318527533,1.5506030435272096,16893611111.1111,17204638888.8889,16659888888.8889,0.1878818181818179,0.180426086956522,0.228038095238095,-0.00044647544693868723,87214125.56548409,4.010753058025435,8.14999975,3.9816914428475547,11190.0,0.3099999999999987,18055555.55560112
2021-12-31,576806.0,576806.0,6.166667,4.726127,6.44210735141832,0.1604285714285708,1.45,17336750000.0,25.9443222754849,25.1450897424045,-2.53,327464750000.0,124693250000.0,27.8566666666667,1612933000000.0,1.27957826086957,146.0664,498773000000.0,38710273.118838504,24678600.0,Canada,1.7904018367258745,5.486213600045353,1.705678751613271,1.0642157455559298,5.465640668063898,3.6930701920338205,8.444083658663736,0.5446546204605829,14.041309698297644,566660.5,555470.5,546807.0,7.166667,8.133333,8.833332999999998,5.616500896760974,4.529510313414259,2.3855613759396554,16911666666.6667,16893611111.1111,17046000000.0,0.1870449999999999,0.1878818181818179,0.1993,-0.00043862234442776246,86471534.62342624,6.137465071717819,7.483333250000001,4.995827936717221,10145.5,0.22000000000000242,425083333.33329964
2022-03-31,583642.0,583642.0,5.766667,5.831533,6.80280115341609,0.40775652173913,2.13217391304348,17760000000.0,26.6076086414356,25.1319453205916,-2.53,329361250000.0,126276750000.0,28.5233333333333,1614038000000.0,1.26578695652174,150.8203,505107000000.0,38935934.0,24740700.0,Canada,1.1851471725328855,4.94849783941409,3.227973075736923,2.307508369201239,5.771129819310472,3.52526198640315,6.311530991651648,2.3444310424380888,11.389862932962691,576806.0,566660.5,556122.3,6.166667,7.166667,8.466666,6.44210735141832,5.616500896760974,3.39519318527533,17336750000.0,16911666666.6667,17204638888.8889,0.1604285714285708,0.1870449999999999,0.180426086956522,-0.00043348491027033696,86543977.30115378,7.226342467300046,6.8083335,5.847729928752411,6836.0,0.6666666666666003,423250000.0
2022-06-30,589642.8,589642.8,5.166667,7.546722999999998,6.586760721994628,1.42881363636364,3.3154545454545494,17888555555.5556,28.428045869597,26.6334851436099,-2.53,336329250000.0,126539500000.0,28.6466666666667,1624709000000.0,1.2813636363636398,137.703,506158000000.0,39193491.899574704,24816500.0,Canada,1.0281645255139304,6.15195586444286,5.889471693770165,4.830446450353731,8.257758522183178,2.931618613012521,16.174149464198884,10.348997354824064,5.224200071889107,583642.0,576806.0,555470.5,5.766667,6.166667,8.133333,6.80280115341609,6.44210735141832,4.529510313414259,17760000000.0,17336750000.0,16893611111.1111,0.40775652173913,0.1604285714285708,0.1878818181818179,-0.0004290733304977182,85841461.98342453,5.541011381747403,6.066667,6.3620425308975035,6000.800000000047,0.1233333333333988,128555555.55559921
2022-09-30,592680.3,592680.3,5.033333,7.152875,5.897864927982049,3.1017684210526295,3.14789473684211,17729194444.4444,28.081783644396,26.9213377614177,-2.53,336808000000.0,128191000000.0,29.3433333333333,1591906000000.0,1.33272272727273,133.5429,512764000000.0,39477660.37082352,24913100.0,Canada,0.5151423878999362,4.591779381128558,4.834105318484472,6.175370884090947,3.452904398947676,3.754694379694379,12.896546588606771,11.884760061181264,0.36048690319179233,589642.8,583642.0,566660.5,5.166667,5.766667,7.166667,6.586760721994628,6.80280115341609,5.616500896760974,17888555555.5556,17760000000.0,16911666666.6667,1.42881363636364,0.40775652173913,0.1870449999999999,-0.00042687431993268537,86516120.07350336,5.294611671257716,5.5333334999999995,6.432383538702772,3037.5,0.6966666666666015,-159361111.11119843
2022-12-31,591868.3,591868.3,5.033333,6.665124,4.924538863078887,4.1245,2.9415,17512916666.666702,27.5176964285966,26.6920884814386,-2.53,337407750000.0,127770000000.0,30.1466666666667,1553268000000.0,1.35929090909091,137.6451,511080000000.0,39778891.84859045,25019100.0,Canada,-0.1370047224448001,2.611328592282325,1.0161458558651582,8.220653344501594,3.0363573483863426,2.467455134901053,6.064425720607081,6.152289591654347,-3.6991617134747745,592680.3,589642.8,576806.0,5.033333,5.166667,6.166667,5.897864927982049,6.586760721994628,6.44210735141832,17729194444.4444,17888555555.5556,17336750000.0,3.1017684210526295,1.42881363636364,0.1604285714285708,-0.00042745996026480885,86350291.10361207,4.575890419316959,5.25,6.052991416617913,-812.0,0.8033333333333985,-216277777.77769852
2023-03-31,599885.3,599885.3,5.066667,5.147392,3.87900159788427,4.49231304347826,2.9934782608695696,17671777777.777798,27.5103070042525,26.6383732058765,-2.53,341848750000.0,127791750000.0,31.0633333333333,1502241000000.0,1.36821304347826,138.4465,513658000000.0,40083484.0,25197200.0,Canada,1.3545243088707304,2.7830930604720194,-0.49674674674663466,8.90499006661214,3.7914296232480327,1.1997457964352032,3.3926324420268994,5.994075930328502,-6.9265407629807925,591868.3,592680.3,583642.0,5.033333,5.033333,5.766667,4.924538863078887,5.897864927982049,6.80280115341609,17512916666.666702,17729194444.4444,17760000000.0,4.1245,3.1017684210526295,0.40775652173913,-0.0004217472906904036,85626035.51045507,4.03453922458144,5.075,5.322041527734958,8017.0,0.9166666666666003,158861111.11109543
2023-06-30,600741.0,600741.0,5.233333,3.519578,2.910153090697677,4.683945454545452,3.33818181818182,17853861111.1111,26.1525731256759,26.4336185755794,-2.53,341975750000.0,128247750000.0,31.1933333333333,1505344000000.0,1.32878181818182,138.5384,514806000000.0,40394810.84370107,25391700.0,Canada,0.14264393543230725,1.8821903701698561,-0.19394771331173732,8.889923202233874,1.6788608186769416,1.3499737236198905,-8.004323457050045,-0.7504333997327195,-7.346854113567414,599885.3,591868.3,589642.8,5.066667,5.033333,5.166667,3.87900159788427,4.924538863078887,6.586760721994628,17671777777.777798,17512916666.666702,17888555555.5556,4.49231304347826,4.1245,1.42881363636364,-0.00042114655067658106,85695166.46941029,2.9670978510131905,5.0916665,4.40288961991072,855.6999999999534,0.129999999999999,182083333.33330154
2023-09-30,599386.0,599386.0,5.5,3.686737,2.2071531039687193,4.991785,3.816,17634555555.5556,26.1427833525024,25.7296262370953,-2.53,342157500000.0,130519250000.0,30.2366666666667,1511102000000.0,1.35370476190476,140.2214,520749000000.0,40706222.97544253,25600100.0,Canada,-0.22555477318844108,1.1314194178547732,-0.5338025322321305,3.0444166761333546,1.5882936272297643,1.8162351491134432,-6.9048330990918005,-4.426643040117795,-5.075927850011242,600741.0,599885.3,592680.3,5.233333,5.066667,5.033333,2.910153090697677,3.87900159788427,5.897864927982049,17853861111.1111,17671777777.777798,17729194444.4444,4.683945454545452,4.49231304347826,3.1017684210526295,-0.00042209861424858107,86880407.6171282,2.102007860194744,5.20833325,3.4802116639073883,-1355.0,-0.9566666666665995,-219305555.55550003
2023-12-31,599156.5,599156.5,5.733333,3.211109,1.9707811844089307,5.01547894736842,3.2342105263157896,17634555555.5556,26.1427833525024,25.7296262370953,-2.53,342157500000.0,130519250000.0,30.2366666666667,1513408000000.0,1.34144285714286,143.7925,517447000000.0,41007433.78686117,25814700.0,Canada,-0.038289182596862315,1.2313888072734924,0.6945667086991847,0.29854046881909735,1.407718109616618,2.151717930656649,-4.9964686530424185,-3.6057959459132816,-2.566202355292202,599386.0,600741.0,591868.3,5.5,5.233333,5.033333,2.2071531039687193,2.910153090697677,4.924538863078887,17634555555.5556,17853861111.1111,17512916666.666702,4.991785,4.683945454545452,4.1245,-0.00042226029426368567,86362578.05765271,1.7570229139425357,5.38333325,2.741772244239899,-229.5,0.0,0.0
2024-03-31,600215.5,600215.5,5.9,2.846668,2.38158383281171,5.00289,3.444,17634555555.5556,26.1427833525024,25.7296262370953,-2.53,342157500000.0,130519250000.0,30.2366666666667,1513408000000.0,1.35399523809524,152.4622,520170000000.0,41288599.0,26053600.0,Canada,0.17674847890325474,0.05504385588377403,-0.21063088666158913,-2.66122974568066,0.09031772092189527,2.1343318328452376,-4.970950166200295,-3.4114206665620594,0.7433560926642269,599156.5,599386.0,599885.3,5.733333,5.5,5.066667,1.9707811844089307,2.2071531039687193,3.87900159788427,17634555555.5556,17634555555.5556,17671777777.777798,5.01547894736842,4.991785,4.49231304347826,-0.00042151527243131835,86663873.22553316,1.0750106127954744,5.5916665000000005,2.367417802971759,1059.0,0.0,0.0
2024-06-30,604005.5,604005.5,6.3,2.741181,2.38158383281171,4.80132,3.3915,17634555555.5556,26.1427833525024,25.7296262370953,-2.53,342157500000.0,130519250000.0,30.2366666666667,1513408000000.0,1.370685,152.3224,520170000000.0,41288599.0,26306900.0,Canada,0.63143987451173,0.5434122192425672,-1.2283368521278426,-3.066894635605688,0.053147043321044585,1.7711811708197578,-0.03743330771490694,-2.6632461858040135,0.5356915097147308,600215.5,599156.5,600741.0,5.9,5.733333,5.233333,2.38158383281171,1.9707811844089307,2.910153090697677,17634555555.5556,17634555555.5556,17853861111.1111,5.00289,5.01547894736842,4.683945454545452,-0.00041887035796859466,86120076.72115569,0.7403160750636522,5.858333249999999,2.2352754885002675,3790.0,0.0,0.0
2024-09-30,607606.3,607606.3,6.566667,2.040816,2.38158383281171,4.29742222222222,2.94444444444444,17634555555.5556,26.1427833525024,25.7296262370953,-2.53,342157500000.0,130519250000.0,30.2366666666667,1513408000000.0,1.35413333333333,164.0318,520170000000.0,41288599.0,26532400.0,Canada,0.5961535118471639,1.3714534540346435,0.0,0.0,0.0,0.0,0.0,0.0,0.15260386128799208,604005.5,600215.5,599386.0,6.3,5.9,5.5,2.38158383281171,2.38158383281171,2.2071531039687193,17634555555.5556,17634555555.5556,17634555555.5556,4.80132,5.00289,4.991785,-0.0004163880460093978,85609711.42004287,0.8003245841086197,6.125,2.2788831707110146,3600.8000000000466,0.0,0.0
2024-12-31,610704.3,610704.3,6.733333,1.91297,2.38158383281171,3.46852,3.1615,17634555555.5556,26.1427833525024,25.7296262370953,-2.53,342157500000.0,130519250000.0,30.2366666666667,1513408000000.0,1.4253681818181798,175.2943,520170000000.0,41288599.0,26667700.0,Canada,0.5098696310423367,1.9273428561652928,0.0,0.0,0.0,0.0,0.0,0.0,0.0,607606.3,604005.5,599156.5,6.566667,6.3,5.733333,2.38158383281171,2.38158383281171,1.9707811844089307,17634555555.5556,17634555555.5556,17634555555.5556,4.29742222222222,4.80132,5.01547894736842,-0.00041427577962034975,85175427.7806788,0.9743130963315698,6.375,2.38158383281171,3098.0,0.0,0.0
2025-03-31,614059.8,614059.8,6.633333,2.285594,2.38158383281171,2.84069523809524,3.0104761904761896,17634555555.5556,26.1427833525024,25.7296262370953,-2.53,342157500000.0,130519250000.0,30.2366666666667,1513408000000.0,1.43589047619048,172.9629,520170000000.0,41288599.0,26764000.0,Canada,0.5494475804411314,2.306554895699975,0.0,0.0,0.0,0.0,0.0,0.0,0.0,610704.3,607606.3,600215.5,6.733333,6.566667,5.9,2.38158383281171,2.38158383281171,2.38158383281171,17634555555.5556,17634555555.5556,17634555555.5556,3.46852,4.29742222222222,5.00289,-0.0004120119897117512,84709990.78591368,1.53719085628562,6.55833325,2.38158383281171,3355.5,0.0,0.0
2025-06-30,614059.8,614059.8,6.933333,2.285594,2.38158383281171,2.744125,3.314,17634555555.5556,26.1427833525024,25.7296262370953,-2.53,342157500000.0,130519250000.0,30.2366666666667,1513408000000.0,1.3673714285714298,185.0524,520170000000.0,41288599.0,26829400.0,Canada,0.0,1.6646040474797008,0.0,0.0,0.0,0.0,0.0,0.0,0.0,614059.8,610704.3,604005.5,6.633333,6.733333,6.3,2.38158383281171,2.38158383281171,2.38158383281171,17634555555.5556,17634555555.5556,17634555555.5556,2.84069523809524,3.46852,4.80132,-0.0004120119897117512,84709990.78591368,1.8174888133449034,6.7166665,2.38158383281171,0.0,0.0,0.0
2025-09-30,614059.8,614059.8,6.933333,2.285594,2.38158383281171,2.7519588235294106,3.425,17634555555.5556,26.1427833525024,25.7296262370953,-2.53,342157500000.0,130519250000.0,30.2366666666667,1513408000000.0,1.3801761904761898,194.7787,520170000000.0,41288599.0,26853800.0,Canada,0.0,1.0621186778346337,0.0,0.0,0.0,0.0,0.0,0.0,0.0,614059.8,614059.8,607606.3,6.933333,6.633333,6.566667,2.38158383281171,2.38158383281171,2.38158383281171,17634555555.5556,17634555555.5556,17634555555.5556,2.744125,2.84069523809524,4.29742222222222,-0.0004120119897117512,84709990.78591368,1.740155119294901,6.808333,2.38158383281171,0.0,0.0,0.0
