,building_permits,business_loan_rate,capital_formation,consumer_sentiment,country,cpi_all_items,cpi_annual_growth,credit_spread,employment_level,exchange_rate_usd,exports_volume,gdp_nominal,gdp_real,government_spending,household_consumption,imports_volume,industrial_production_index,interest_rate_10y,interest_rate_10y_fred,interest_rate_2y,interest_rate_3m,interest_rate_5y,interest_rate_long_term,interest_rate_real_return,interest_rate_short_term,money_supply_broad,overnight_rate,population_total,population_working_age,real_interest_rate,stock_market_index,term_spread,trade_balance,unemployment_change,unemployment_rate,yield_curve_slope
1980-03-31 23:59:59.999999999,,,,,canada,33.36844666666667,,,,,24.1247227220462,274776566028.053,223045750000.0,,,21.9119921550553,57.1123,,,,,,,,,,,24515667.0,,,,,,,7.566667,
1980-06-30 23:59:59.999999999,,,,,canada,34.29023,,,,,22.9147858052837,,222948250000.0,,,21.3085851454702,54.90294,,,,,,,,,,,,,,,,,0.1666660000000002,7.733333,
1980-09-30 23:59:59.999999999,,,,,canada,35.26468666666667,,,,,23.2857874656204,,222763000000.0,,,20.498193393498,54.94860666666667,,,,,,,,,,,,,,,,,-0.233333,7.5,
1980-12-31 23:59:59.999999999,,,,,canada,36.239133333333335,,,,,23.7784780083728,,225845250000.0,,,21.7910749529868,56.56712666666667,,,,,,,,,,,,,,,,,-0.233333,7.266667,
1981-03-31 23:59:59.999999999,,,,,canada,37.476956666666666,,,,,22.9603874107558,307246642755.859,230710750000.0,,,21.4595087758579,56.46697,,,,,,,,,,,24819915.0,,,,,,0.13333300000000037,7.4,
1981-06-30 23:59:59.999999999,,,,,canada,38.58309666666667,,,,,23.1995232366342,,233233250000.0,,,22.3983977243734,57.19544333333334,,,,,,,,,,,,,,,,,-0.233333,7.166667,
1981-09-30 23:59:59.999999999,,,,,canada,39.7419,,,,,22.2143691082617,,231136250000.0,,,21.592043284302,56.19911,,,,,,,,,,,,,,,,,0.2999999999999998,7.466667,
1981-12-31 23:59:59.999999999,,,,,canada,40.71635666666666,,,,,22.5465054817775,,230073250000.0,,,20.8333198802638,54.979000000000006,,,,,,,,,,,,,,,,,0.9666659999999991,8.433333,
1982-03-31 23:59:59.999999999,,,,,canada,41.74348,,,,,21.7652940765214,314647807408.608,227440250000.0,,,18.5084715151008,53.89432,,,,,,,,,,,25116942.0,,,,,,0.5,8.933333,
1982-06-30 23:59:59.999999999,,,,,canada,43.033973333333336,,,,,22.2237808406822,,224821750000.0,,,17.7817022171047,51.96038333333333,,,,,,,,,,,,,,,,,1.466667000000001,10.4,
1982-09-30 23:59:59.999999999,,,,,canada,43.955756666666666,,,,,22.6689516099095,,222828000000.0,,,17.5798052285977,50.89444666666666,,,,,,,,,,,,,,,,,1.6999999999999993,12.1,
1982-12-31 23:59:59.999999999,,,,,canada,44.640510000000006,,,,,20.4844282996519,,220771750000.0,,,16.0822606892144,50.28486,,,,,,,,,,,,,,,,,0.8666700000000009,12.96667,
1983-03-31 23:59:59.999999999,,,,,canada,44.95654666666667,,,,,20.9710219698101,341866277182.733,224379750000.0,,,16.8681682560126,51.39568666666667,,,,,,,,,,,25366451.0,,,,,,-0.33333999999999975,12.63333,
1983-06-30 23:59:59.999999999,,,,,canada,45.56228333333333,,,,,21.5191432782405,,228806250000.0,,,17.3223433625042,53.250723333333326,,,,,,,,,,,,,,,,,-0.23333000000000048,12.4,
1983-09-30 23:59:59.999999999,,,,,canada,46.299710000000005,,,,,21.1124491684037,,231376750000.0,,,17.8806069380095,55.73850000000001,,,,,,,,,,,,,,,,,-0.7333300000000005,11.66667,
1983-12-31 23:59:59.999999999,,,,,canada,46.72109666666666,,,,,22.4913215718923,,234253250000.0,,,19.7984104397244,57.52992,,,,,,,,,,,,,,,,,-0.36666999999999916,11.3,
1984-03-31 23:59:59.999999999,,,,,canada,47.274166666666666,,,,,23.4464781386263,356718400123.543,238310500000.0,,,20.1018332814058,58.71223333333334,,,,,,,,,,,25607053.0,,,,,,0.0,11.3,
1984-06-30 23:59:59.999999999,,,,,canada,47.66921666666667,,,,,24.1888854414548,,242935250000.0,,,20.6471890924908,61.48015333333333,,,,,,,,,,,,,,,,,0.1999999999999993,11.5,
1984-09-30 23:59:59.999999999,,,,,canada,48.06426666666666,,,,,25.3200985345014,,243979750000.0,,,21.4320874183183,62.33271333333335,,,,,,,,,,,,,,,,,-0.06667000000000023,11.43333,
1984-12-31 23:59:59.999999999,,,,,canada,48.43297333333334,,,,,24.1273665131682,,247787500000.0,,,20.3933078909809,62.803403333333335,,,,,,,,,,,,,,,,,-0.16666000000000025,11.26667,
1985-03-31 23:59:59.999999999,,,,,canada,48.98604,,,,,24.2922981630687,366186012449.652,251594500000.0,,,19.9392242841853,63.947766666666666,,,,,,,,,,,25842116.0,,,,,,-0.4666699999999988,10.8,
1985-06-30 23:59:59.999999999,,,,,canada,49.56544666666667,,,,,24.1349262430804,,252403750000.0,,,20.8926795220795,64.21169333333333,,,,,,,,,,,,,,,,,-0.10000000000000142,10.7,
1985-09-30 23:59:59.999999999,,,,,canada,50.03950666666666,,,,,23.2429246079197,,255608000000.0,,,21.2685134835564,64.70694666666667,,,,,,,,,,,,,,,,,-0.3999999999999986,10.3,
1985-12-31 23:59:59.999999999,,,,,canada,50.43455333333333,,,,,23.8295781999542,,259505000000.0,,,21.3621090743636,65.60297333333334,,,,,,,,,,,,,,,,,-0.06667000000000023,10.23333,
1986-03-31 23:59:59.999999999,,,,,canada,51.09296333333333,,,,,22.9622145264668,379006836991.724,259373500000.0,,,21.3315542255096,65.39321666666666,,,,,,,,,,,26100278.0,,,,,,-0.3999970000000008,9.833333,
1986-06-30 23:59:59.999999999,,,,,canada,51.51435,,,,,22.7206572949199,,260864250000.00003,,,21.2874061743572,64.03563666666668,,,,,,,,,,,,,,,,,-0.233333,9.6,
1986-09-30 23:59:59.999999999,,,,,canada,52.12009333333333,,,,,22.8696767379578,,261192250000.0,,,21.7975934517747,63.59093333333334,,,,,,,,,,,,,,,,,-0.03333299999999895,9.566667,
1986-12-31 23:59:59.999999999,,,,,canada,52.64682666666666,,,,,23.0992574609811,,259301500000.0,,,21.041802474131,63.79801,,,,,,,,,,,,,,,,,-0.1333340000000014,9.433333,
1987-03-31 23:59:59.999999999,,,,,canada,53.14722333333333,,,,,21.846931313848,433134238310.709,265295000000.00003,,,19.7033760253691,65.40455666666666,,,,,,,,,,,26446601.0,,,,,,0.03333300000000072,9.466666,
1987-06-30 23:59:59.999999999,,,,,canada,53.91098333333333,,,,,21.3250854746044,,268693500000.0,,,19.8825561312608,65.71068666666666,,,,,,,,,,,,,,,,,-0.466666,9.0,
1987-09-30 23:59:59.999999999,,,,,canada,54.49038333333332,,,,,21.5670471737038,,272798750000.0,,,20.3128180442855,67.58510333333334,,,,,,,,,,,,,,,,,-0.4333329999999993,8.566667,
1987-12-31 23:59:59.999999999,,,,,canada,54.859096666666666,,,,,22.3565865449174,,276323000000.0,,,21.0022827984423,69.38565666666666,,,,,,,,,,,,,,,,,-0.40000000000000036,8.166667,
1988-03-31 23:59:59.999999999,,,,,canada,55.33315666666667,,,,,22.5247975277765,509380027626.554,280349000000.0,,,22.8147731067128,70.93661666666667,,,,,,,,,,,26791747.0,,,,,,-0.266667,7.9,
1988-06-30 23:59:59.999999999,,,,,canada,56.04424666666667,,,,,22.5102387759833,,282836750000.0,,,20.6040233881977,71.48824666666667,,,,,,,,,,,,,,,,,-0.20000000000000018,7.7,
1988-09-30 23:59:59.999999999,,,,,canada,56.64999,,,,,21.5239977700066,,282878750000.0,,,20.1918934671329,71.16557999999999,,,,,,,,,,,,,,,,,0.09999999999999964,7.8,
1988-12-31 23:59:59.999999999,,,,,canada,57.09771333333333,,,,,21.8380667879789,,284820000000.0,,,20.2186725625245,70.86591,,,,,,,,,,,,,,,,,-0.09999999999999964,7.7,
1989-03-31 23:59:59.999999999,,,,,canada,57.80879333333333,,,,,21.5009753718605,567211993243.243,288111000000.0,,,20.5855888807608,71.46856000000001,,,,,,,,,,,27276781.0,,,,,,-0.16666700000000034,7.533333,
1989-06-30 23:59:59.999999999,,,,,canada,58.80958666666667,,,,,20.5370025321294,,289231750000.0,,,20.5775524341885,71.23171666666667,,,,,,,,,,,,,,,,,0.13333399999999873,7.666666999999999,
1989-09-30 23:59:59.999999999,,,,,canada,59.65236,,,,,20.0757437434843,,290276000000.0,,,19.3319119110865,70.21964000000001,,,,,,,,,,,,,,,,,-0.29999999999999893,7.366667,
1989-12-31 23:59:59.999999999,,,,,canada,60.073746666666665,,,,,20.5258707753012,,289698250000.0,,,20.0480306268643,70.26845333333334,,,,,,,,,,,,,,,,,0.10000000000000053,7.466667,
1990-03-31 23:59:59.999999999,,,,,canada,60.94285,,,,,21.0786093350753,596075591360.987,292484250000.0,,,20.2115248985444,69.77870666666666,,,,,,,,,,,27691138.0,,,,,,0.1666660000000002,7.633333,
1990-06-30 23:59:59.999999999,,,,,canada,61.52225333333333,,,,,21.6294434924614,,291310750000.0,,,19.7363518222488,69.72154333333333,,,,,,,,,,,,,,,,,0.0333339999999982,7.666666999999999,
1990-09-30 23:59:59.999999999,,,,,canada,62.12799666666666,,,,,21.4845116127072,,289223000000.0,,,18.8586810074475,68.79386666666666,,,,,,,,,,,,,,,,,0.5000000000000018,8.166667,
1990-12-31 23:59:59.999999999,,,,,canada,63.04977333333334,,,,,21.4870372921833,,286647750000.0,,,19.5448700284743,66.97835333333333,,,,,,,,,,,,,,,,,0.966666,9.133333,
1991-03-31 23:59:59.999999999,,,,,canada,64.867,,,,,20.5001671450473,612527712315.615,282524000000.0,,,19.1297506656984,65.94611333333333,,,,,,,,,,,28037420.0,,,,,,1.0333369999999995,10.16667,
1991-06-30 23:59:59.999999999,,,,,canada,65.34106,,,,,20.8506040719983,,283880000000.0,,,18.8018335965517,66.06799666666667,,,,,,,,,,,,,,,,,0.16666000000000025,10.33333,
1991-09-30 23:59:59.999999999,,,,,canada,65.73611,,,,,21.1490984625338,,284256500000.0,,,19.6150375427783,66.67458666666666,,,,,,,,,,,,,,,,,0.09999999999999964,10.43333,
1991-12-31 23:59:59.999999999,,,,,canada,65.63076333333333,,,,,20.7173461475331,,284756000000.0,,,19.6579672739828,66.07713,,,,,,,,,,,,,,,,,-0.09999999999999964,10.33333,
1992-03-31 23:59:59.999999999,,,,,canada,65.89413,,,,,21.6492771912429,594387358318.855,284957000000.0,,,20.0107604421359,66.35648666666667,,,,,,,,,,,28371264.0,,,,,,0.2666699999999995,10.6,
1992-06-30 23:59:59.999999999,,,,,canada,66.23650666666667,,,,,22.459789798865,,285281750000.0,,,20.3348891351309,66.75017333333334,,,,,,,,,,,,,,,,,0.40000000000000036,11.0,
1992-09-30 23:59:59.999999999,,,,,canada,66.52620999999999,,,,,22.8380677881551,,286827000000.0,,,20.7258265665272,66.55238333333334,,,,,,,,,,,,,,,,,0.5333299999999994,11.53333,
1992-12-31 23:59:59.999999999,,,,,canada,66.81591333333334,,,,,23.6830498314387,,288461250000.0,,,21.3218172718923,67.92681666666667,,,,,,,,,,,,,,,,,0.20000000000000107,11.73333,
1993-03-31 23:59:59.999999999,,,,,canada,67.28996333333333,,,,,24.2099755842344,579053561739.4,290292750000.0,,,21.8248604813394,69.11716333333334,,,,,,,,,,,28684764.0,,,,,,-0.5999999999999996,11.13333,
1993-06-30 23:59:59.999999999,,,,,canada,67.42164666666666,,,,,25.0505527530321,,292937000000.0,,,22.4499839003971,69.49446999999999,,,,,,,,,,,,,,,,,0.5,11.63333,
1993-09-30 23:59:59.999999999,,,,,canada,67.68501333333333,,,,,25.1495597732472,,295738500000.0,,,22.8330231392354,70.11066333333333,,,,,,,,,,,,,,,,,-0.20000000000000107,11.43333,
1993-12-31 23:59:59.999999999,,,,,canada,68.02739,,,,,25.9654070809523,,297003500000.0,,,23.8577272631424,70.97236,,,,,,,,,,,,,,,,,-0.13332999999999906,11.3,
1994-03-31 23:59:59.999999999,,,,,canada,67.65867666666666,,,,,25.6471185106956,579944346807.264,301382750000.0,,,23.5298502826614,71.81295333333334,,,,,,,,,,,29000663.0,,,,,,-0.2666700000000013,11.03333,
1994-06-30 23:59:59.999999999,,,,,canada,67.42164666666666,,,,,28.0290942500574,,305782500000.0,,,25.4844703060001,73.83508,,,,,,,,,,,,,,,,,-0.3999999999999986,10.63333,
1994-09-30 23:59:59.999999999,,,,,canada,67.79035999999999,,,,,29.2267577773782,,309702750000.0,,,25.8707466682651,75.34273333333333,,,,,,,,,,,,,,,,,-0.5,10.13333,
1994-12-31 23:59:59.999999999,,,,,canada,68.00105333333333,,,,,30.9398757751718,,311952500000.0,,,27.4137752408768,76.74062666666667,,,,,,,,,,,,,,,,,-0.3666640000000001,9.766666,
1995-03-31 23:59:59.999999999,,,,,canada,68.68580666666668,,,,,31.819916210745,605961090061.207,314818750000.0,,,27.8029350511911,78.48999333333335,,,,,,,,,,,29302311.0,,,,,,-0.13333300000000037,9.633333,
1995-06-30 23:59:59.999999999,,,,,canada,69.23887666666667,,,,,31.4550657774089,,314952500000.0,,,27.5832231412935,77.85197,,,,,,,,,,,,,,,,,-0.13333300000000037,9.5,
1995-09-30 23:59:59.999999999,,,,,canada,69.37055333333332,,,,,30.9868231497666,,315368750000.0,,,26.5074623998771,77.51748666666667,,,,,,,,,,,,,,,,,-0.0666670000000007,9.433333,
1995-12-31 23:59:59.999999999,,,,,canada,69.39689,,,,,31.8850454394062,,316641500000.0,,,26.609078365133,77.38131,,,,,,,,,,,,,,,,,-0.1333329999999986,9.3,
1996-03-31 23:59:59.999999999,,,,,canada,69.68659000000001,,,,,31.4860318783996,630607994132.747,317101000000.0,,,27.0104997820442,77.78,,,,,,,,,,,29610218.0,,,,,,0.1999999999999993,9.5,
1996-06-30 23:59:59.999999999,,,,,canada,70.23966,,,,,32.6000581542589,,319358500000.0,,,26.6115764494011,78.16509333333333,,,,,,,,,,,,,,,,,-0.0666670000000007,9.433333,
1996-09-30 23:59:59.999999999,,,,,canada,70.34500666666666,,,,,32.7733926786838,,322040750000.0,,,27.2548302920383,79.39501333333334,,,,,,,,,,,,,,,,,0.23333400000000104,9.666667,
1996-12-31 23:59:59.999999999,,,,,canada,70.76639333333334,,,,,31.4559748427673,,324592250000.0,,,27.3034819068453,79.60000666666667,,,,,,,,,,,,,,,,,0.16666599999999931,9.833333,
1997-03-31 23:59:59.999999999,,,,,canada,71.16144333333334,,,,,32.805770240023,654986999855.554,328941500000.0,,,28.7118782436294,81.07128999999999,,,,,,,,,,,29905948.0,,,,,,-0.40000000000000036,9.433333,
1997-06-30 23:59:59.999999999,,,,,canada,71.37213666666666,,,,,32.6207344353867,,332643250000.0,,,30.0108515341134,82.01537,,,,,,,,,,,,,,,,,-0.1333329999999986,9.3,
1997-09-30 23:59:59.999999999,,,,,canada,71.55649333333334,,,,,32.9073686886618,,336586750000.0,,,30.5585580846932,83.45159,,,,,,,,,,,,,,,,,-0.4333330000000011,8.866667,
1997-12-31 23:59:59.999999999,,,,,canada,71.50382,,,,,33.1215827182406,,339839500000.0,,,31.0570358665772,84.43426666666666,,,,,,,,,,,,,,,,,-0.1000009999999989,8.766666,
1998-03-31 23:59:59.999999999,,,,,canada,71.89886,,,,,32.8327477070699,634000000000.0,344638000000.0,,,31.1841919427527,84.99875333333334,,,,,,,,,,,30155173.0,,,,,,-0.1666660000000011,8.6,
1998-06-30 23:59:59.999999999,,,,,canada,72.08321666666667,,,,,33.3433702732642,,344820500000.0,,,31.4958747321463,85.05294333333333,,,,,,,,,,,,,,,,,-0.266667,8.333333,
1998-09-30 23:59:59.999999999,,,,,canada,72.16222666666667,,,,,33.942220025733,,347962500000.0,,,31.2721222914306,84.97660666666667,,,,,,,,,,,,,,,,,-0.13333300000000037,8.2,
1998-12-31 23:59:59.999999999,,,,,canada,72.29391,,,,,35.2699119870456,,352677250000.0,,,32.9247317240974,86.64383333333335,,,,,,,,,,,,,,,,,-0.16666599999999931,8.033334,
1999-03-31 23:59:59.999999999,,,,,canada,72.45192999999999,,,,,35.0267831508142,678412196271.118,359045000000.0,,,31.8381526598581,88.44595333333332,,,,,,,,,,,30401286.0,,,,,,-0.13333399999999962,7.9,
1999-06-30 23:59:59.999999999,,,,,canada,73.24203,,,,,34.490289406662,,362006250000.0,,,31.4135582172904,89.03078666666666,,,,,,,,,,,,,,,,,0.0,7.9,
1999-09-30 23:59:59.999999999,,,,,canada,73.74242666666667,,,,,35.4608404124907,,367680500000.0,,,31.4432081213503,91.27704666666666,,,,,,,,,,,,,,,,,-0.40000000000000036,7.5,
1999-12-31 23:59:59.999999999,,,,,canada,74.00579333333333,,,,,36.0264671638866,,372831500000.0,,,32.4402202522988,93.12898666666666,,,,,,,,,,,,,,,,,-0.5333329999999998,6.966667,
2000-03-31 23:59:59.999999999,7.9853622503067605,8.35,79528250000.0,100.798468460955,canada,74.37450666666666,2.71943995691976,2.3217391304347794,14697500.0,1.46035444669565,36.8558047744882,744773415931.587,378669000000.0,318113000000.0,189204500000.0,32.2436057963648,94.97113,6.02826086956522,6.02826086956522,,,,,,5.0804347826087,225082000000.0,5.5,30685730.0,20440100.0,2.28056004308024,66.82956,,2.03,-0.10000000000000053,6.866667,
2000-06-30 23:59:59.999999999,6.28241748167733,8.45,80404750000.0,101.103478883784,canada,75.03292333333333,,2.5545454545454493,14746800.0,1.47670108727273,37.358710916751,383125.8,383125750000.0,321619000000.0,190842750000.0,32.6354679802956,96.38226,5.89545454545455,5.89545454545455,,,,,,5.74772727272727,230062000000.0,6.0,,20511100.0,,69.41068,,2.2,-0.1999999999999993,6.666667,
2000-09-30 23:59:59.999999999,-9.29667740632021,8.25,80780750000.0,100.650395023368,canada,75.74401333333333,,2.5205,14812200.0,1.48519488555,37.0477317948096,387053.0,387053000000.0,323123000000.0,193285750000.0,31.9238559131656,97.73073333333332,5.7295,5.7295,,,,,,5.7525,235280000000.0,6.0,,20578300.0,,75.42291999999999,,2.7,0.233333,6.9,
2000-12-31 23:59:59.999999999,-3.79512787637492,7.95,81273750000.0,99.7956248781473,canada,76.27074,,2.5478947368421103,14920000.0,1.5224434587,38.1422215945202,387818.5,387818500000.0,325095000000.0,193721500000.0,32.3052044347151,98.27792,5.40210526315789,5.40210526315789,,,,,,5.75,241495000000.0,6.0,,20642600.0,,62.87749,,3.05,0.0,6.9,
2001-03-31 23:59:59.999999999,-10.1065113215102,7.25,82314750000.0,100.111564617719,,2.76204,2.52512013979906,1.9100000000000001,14888700.0,1.55839912240909,37.6486446060783,390001.5,390001.5,329259000000.0,195233750000.0,30.57565543462,19108472222.2222,5.34,5.30136363636364,4.83,,5.09,5.63,3.39,5.0619,246074000000.0,5.25,31020855.0,20704700.0,3.22487986020094,54.83681,,3.64,0.09999999999999964,7.0,0.5099999999999998
2001-06-30 23:59:59.999999999,1.43285249352854,7.75,83349000000.0,100.171292295179,,3.580204,,1.96,14922500.0,1.5244648591428602,36.1893378207241,391228.0,391228.0,333396000000.0,195586250000.0,30.7064517807886,18879444444.4444,5.79,5.71809523809524,4.9,,5.47,5.9,3.56,4.492319047619048,250389000000.0,4.75,,20786800.0,,55.11724,,2.46,,7.1,0.8899999999999997
2001-09-30 23:59:59.999999999,-1.90962789078684,7.15,83588250000.0,99.5039382838153,,2.7121,,1.8473684210526304,14972800.0,1.56669978435,33.8856203525804,390953.0,390953.0,334353000000.0,196123500000.0,29.6479464420568,18477444444.4444,5.30263157894737,5.30263157894737,4.66,,5.29,5.91,3.69,3.72707894736842,259557000000.00003,3.75,,20859700.0,,48.65707,,1.35,,7.166667,1.0300000000000002
2001-12-31 23:59:59.999999999,0.413833483880651,6.85,83701500000.0,99.998930661906,,1.070442,,1.44157894736842,14965600.0,1.577009054,33.4606857038283,393297.8,393297.8,334806000000.0,198551500000.0,28.9649335200918,18216638888.8889,5.40842105263158,5.40842105263158,2.97,,4.17,5.31,3.57,2.2413052631578902,269505000000.0,2.5,,20920500.0,,52.62984,,1.05,,7.633333,1.9599999999999995
2002-03-31 23:59:59.999999999,1.15980796006678,7.3,84283500000.0,101.458577300004,,1.550655,2.25839440940855,1.88,15120500.0,1.5861408127619,33.3842090727059,399048.5,399048.5,337134000000.0,201565500000.0,29.0474349237036,18914916666.666702,5.42,5.667000000000001,3.42,,4.72,5.78,3.72,1.993885,274278000000.00003,2.25,31359199.0,20993400.0,-0.008394409408550185,54.83158,,2.37,,7.933333,2.0
2002-06-30 23:59:59.999999999,-3.7377203688801606,7.25,84628250000.0,101.575082927993,,1.355473,,1.8260000000000005,15284300.0,1.53095145545,33.1752638520202,401406.3,401406.3,338513000000.0,204148750000.0,29.2211769705842,19158583333.333298,5.4239999999999995,5.4239999999999995,4.14,,4.97,5.87,3.59,2.48379,277003000000.0,2.75,,21074800.0,,50.9911,,1.77,,7.7,1.4400000000000004
2002-09-30 23:59:59.999999999,-8.402746550618339,6.7,85463750000.0,100.92247267469,,2.335816,,1.8144999999999998,15405200.0,1.5746910927618998,33.3371091829549,404877.3,404877.3,341855000000.0,204583500000.0,29.5385601722053,19112027777.7778,4.8855,4.8855,3.13,,4.16,5.7,3.45,2.745535,282817000000.0,3.0,,21138300.0,,44.37339,,1.33,,7.533333,2.01
2002-12-31 23:59:59.999999999,-1.9116556221834902,6.7,86111500000.0,100.725876136195,,3.792279,,1.7325,15524700.0,1.55872269515789,32.9397928390833,407101.0,407101.0,344446000000.0,206607500000.0,29.1210831090449,18802083333.333298,4.9675,4.9675,3.26,,4.2,5.57,3.46,2.7430000000000003,283074000000.0,3.0,,21186000.0,,46.06395,,1.18,,7.566667,1.8100000000000005
2003-03-31 23:59:59.999999999,6.18819751225536,6.85,87055750000.0,100.624672364772,,4.479131,2.75856321360112,1.8528571428571396,15609700.0,1.4752132502381,32.2503055784873,409366.0,409366.0,348223000000.0,207538250000.0,28.1394589820877,18670972222.2222,4.99714285714286,4.99714285714286,,,,,,2.98250952380952,283057000000.0,3.25,31642461.0,21239700.0,0.24143678639888,44.45478,,1.07,,7.466667,
2003-06-30 23:59:59.999999999,3.87339486630907,5.8,87365500000.0,100.693847225043,,2.774992,,1.51190476190476,15627100.0,1.35173424066667,30.0641178941926,408772.3,408772.3,349462000000.0,209287750000.0,27.4635297159293,18576805555.5556,4.28809523809524,4.28809523809524,3.65,,4.18,5.4,3.13,3.2439238095238103,286165000000.0,3.5,,21309800.0,,49.01316,,0.22,,7.666667,1.2500000000000004
2003-09-30 23:59:59.999999999,8.78051271382776,6.3,87591000000.0,100.886044622355,,2.084023,,1.5428571428571392,15674700.0,1.36345263422727,29.7910825433761,410300.5,410300.5,350364000000.0,211121500000.0,25.7450711120436,18605194444.4444,4.757142857142861,4.757142857142861,2.98,,3.85,5.4,3.16,2.75954761904762,294963000000.0,3.0,,21373100.0,,52.77692,,1.59,,7.8,1.85
2003-12-31 23:59:59.999999999,-3.0532582840072995,6.45,88279750000.0,101.198833652801,,1.7445689999999998,,1.5899999999999999,15821100.0,1.31215870195238,29.4262792210445,413121.0,413121.0,353119000000.0,211375000000.0,25.8410035792735,19070944444.4444,4.86,4.729047619047621,3.2,,4.12,5.35,2.93,2.748176190476189,297280000000.0,3.0,,21427800.0,,56.14394,,1.69,,7.433333,1.6600000000000001
2004-03-31 23:59:59.999999999,18.0709771006999,5.7,88850000000.0,101.180321239573,,0.9093862,1.85725871857256,1.3600000000000003,15836300.0,1.32795310113043,30.0541267813389,416125.0,416125.0,355400000000.0,214067750000.0,25.6764304714646,18910444444.4444,4.34,4.260434782608701,2.36,,3.4,5.02,2.5,2.25863913043478,306122000000.0,2.5,31938807.0,21488900.0,0.89274128142744,60.08792,,2.03,,7.3,1.98
2004-06-30 23:59:59.999999999,20.627639348628303,6.7,88690250000.0,100.63724969582,,2.212101,,1.9000000000000004,15923900.0,1.35804805781818,32.3965401446224,421055.5,421055.5,354761000000.0,215016250000.0,27.3772802428645,19023555555.5556,4.8,4.93272727272727,3.12,,4.0,5.32,2.31,1.99920909090909,315344000000.0,2.25,,21561400.0,,58.80555,,2.64,,7.166667,1.6799999999999997
2004-09-30 23:59:59.999999999,-7.15345977255952,6.3,89419250000.0,100.996372490104,,2.009073,,1.7000000000000002,15978900.0,1.28748604195455,31.2839849646314,426033.8,426033.8,357677000000.0,217061500000.0,27.0965164116376,19214138888.8889,4.6,4.60238095238095,2.95,,3.98,5.08,2.31,2.20042380952381,316179000000.0,2.5,,21629800.0,,59.22698,,2.27,,7.0,1.6499999999999995
2004-12-31 23:59:59.999999999,-1.28804407251164,6.05,89903250000.0,101.164153020131,,2.296991,,1.63,16022800.0,1.2179425717826102,29.7365772303011,429108.5,429108.5,359613000000.0,218868750000.0,26.3998888141148,19237916666.666702,4.42,4.32047619047619,3.0,,3.74,4.95,2.22,2.49874761904762,321653000000.0,2.75,,21684700.0,,63.723780000000005,,2.14,,7.133333,1.42
2005-03-31 23:59:59.999999999,-2.66772038519844,6.25,89421750000.0,101.30875902649,,2.124236,2.21355203439768,1.9699999999999998,16046500.0,1.21538963243478,30.0058826768208,430611.3,430611.3,357687000000.0,221979750000.0,27.0039787759975,19457166666.666702,4.28,4.35818181818182,2.93,2.56,3.63,4.74,2.1,2.48621818181818,328193000000.0,2.75,32242732.0,21749800.0,0.5364479656023202,67.57674,1.7200000000000002,0.81,,6.933333,1.35
2005-06-30 23:59:59.999999999,2.0608750297744503,5.7,89738000000.0,101.219781935495,,1.909612,,1.9000000000000004,16101800.0,1.24034910831818,30.4209464364308,433723.5,433723.5,358952000000.0,223920000000.0,27.2926705191739,19375277777.7778,3.8,3.82818181818182,2.78,2.48,3.19,4.28,1.79,2.4932136363636404,333710000000.0,2.75,,21827200.0,,68.76427,1.3199999999999998,1.0,,6.8333330000000005,1.02
2005-09-30 23:59:59.999999999,2.28626540822773,5.8,90245500000.0,99.9708163735514,,2.604828,,2.07,16172200.0,1.1779826223636398,30.6435108894134,438979.8,438979.8,360982000000.0,225459250000.0,26.5001614483588,19425166666.666702,3.73,3.8685714285714305,2.85,2.86,3.27,4.1,1.71,2.706419047619049,335806000000.0,3.0,,21900500.0,,76.09395999999998,0.8700000000000001,2.13,,6.7,0.8799999999999999
2005-12-31 23:59:59.999999999,41.4356185464493,6.3,91251000000.0,100.892517761001,,2.213789,,2.25,16232300.0,1.162057111,31.6519535386366,443339.5,443339.5,365004000000.0,227629750000.0,26.3974749495725,19568333333.333298,4.05,4.041,3.76,3.37,3.89,4.18,1.64,3.197755,340190000000.0,3.5,,21955600.0,,77.82488999999998,0.6799999999999997,3.34,,6.533333,0.29000000000000004
2006-03-31 23:59:59.999999999,9.56982892450478,6.45,91616250000.0,101.532846400297,,2.363694,2.00202539534162,2.3,16347300.0,1.15732184304348,30.0610840108401,446939.0,446939.0,366465000000.0,230819000000.0,26.2775067750678,19719083333.333298,4.15,4.199565217391299,3.95,3.86,4.08,4.17,1.5,3.65477826086957,350940000000.0,4.0,32571193.0,22013800.0,1.74797460465838,83.49016999999996,0.2900000000000005,1.77,,6.6,0.20000000000000018
2006-06-30 23:59:59.999999999,-1.87394427391307,6.95,92593750000.0,101.399634035339,,2.560899,,2.5600000000000005,16432500.0,1.11409280713636,29.1717268748709,447162.5,447162.5,370375000000.0,232868750000.0,26.5509728211142,19258333333.333298,4.39,4.44136363636364,4.15,4.32,4.26,4.44,1.8,4.23559090909091,359272000000.0,4.5,,22083000.0,,79.09191,0.0699999999999994,1.13,,6.3333330000000005,0.23999999999999932
2006-09-30 23:59:59.999999999,-6.32267843707404,6.7,92894250000.0,101.100233551523,,1.733746,,2.62,16468000.0,1.11611179271429,29.1057427026797,448421.3,448421.3,371577000000.0,235332500000.0,26.7885677530473,18868722222.2222,4.08,4.06857142857143,3.94,4.15,3.98,4.17,1.63,4.24365,367115000000.0,4.5,,22152200.0,,82.20487,-0.07000000000000028,1.25,,6.5,0.14000000000000012
2006-12-31 23:59:59.999999999,-2.4198667545881603,6.45,93476750000.0,101.420084997835,,1.361386,,2.5900000000000003,16549599.999999998,1.15297758019048,29.3688257708792,450207.0,450207.0,373907000000.0,237703750000.0,26.4971441095775,18596305555.5556,3.86,3.9663157894736805,3.79,4.16,3.74,3.96,1.56,4.253321052631581,376251000000.0,4.5,,22207200.0,,89.5492,-0.30000000000000027,1.31,,6.366667,0.06999999999999984
2007-03-31 23:59:59.999999999,22.7284516352911,6.49,93851250000.0,101.479085231662,,1.816502,2.13838399266837,2.4700000000000006,16664800.0,1.16868522513636,30.1030197585951,453080.3,453080.3,375405000000.0,239562500000.0,26.8005449577192,18673388888.8889,4.02,4.04590909090909,3.96,4.16,3.93,4.09,1.74,4.23000909090909,384263000000.0,4.5,32888886.0,22257900.0,2.36161600733163,90.84308,-0.14000000000000057,0.95,,6.3333330000000005,0.05999999999999961
2007-06-30 23:59:59.999999999,4.69707516683154,7.24,94290250000.0,101.342392606617,,2.192448,,2.7300000000000004,16728200.0,1.06607575242857,29.5542340157249,457455.8,457455.8,377161000000.0,243147000000.0,26.0639142667949,18689222222.2222,4.51,4.612857142857139,4.6,4.42,4.58,4.38,1.99,4.25049523809524,393690000000.0,4.5,,22319800.0,,97.18142,0.08999999999999986,1.42,,6.2,-0.08999999999999986
2007-09-30 23:59:59.999999999,5.41582791559677,7.19,95605500000.0,101.55294522604,,2.13025,,2.83368421052632,16836200.0,1.02635048055,27.8733548723083,459169.8,459169.8,382422000000.0,245408750000.0,25.7215303795612,18449750000.0,4.356315789473681,4.356315789473681,4.64,3.97,4.57,4.45,2.06,4.444547368421048,402146000000.0,4.75,,22385500.0,,96.61527,0.3863157894736804,0.24,,6.0,-0.1200000000000001
2007-12-31 23:59:59.999999999,3.7324540349251603,7.54,95638000000.0,101.201658815453,,2.411477,,3.52421052631579,16907100.0,1.0018955773,26.7075514737228,459773.3,459773.3,382552000000.0,249944000000.0,24.719153784213,18201611111.11109,4.01578947368421,4.01578947368421,4.07,3.86,4.16,4.34,2.05,4.27504736842105,402643000000.0,4.5,,22439000.0,,95.35424,0.15578947368421003,0.51,,6.1,0.17999999999999972
2008-03-31 23:59:59.999999999,-8.43510004635274,7.19,96494250000.0,100.610260255454,,1.7840939999999998,2.37027067444298,3.6810000000000005,16972100.0,1.00299197842857,27.8383627639718,460118.3,460118.3,385977000000.0,252062250000.0,25.1139439661491,17681027777.777798,3.509,3.509,3.13,1.72,3.44,4.13,1.91,3.510385,411393000000.0,3.75,33247298.0,22491000.0,1.8797293255570202,92.21645,1.789,0.93,,6.133333,0.6800000000000002
2008-06-30 23:59:59.999999999,-4.95703220611701,7.15,98600250000.0,98.7331422800494,,2.353993,,3.3900000000000006,16996200.0,1.01638095238095,29.6223549105546,461794.8,461794.8,394401000000.0,252579750000.0,26.0561519641742,17780722222.222202,3.76,3.76,2.73,2.6,3.04,4.06,1.7,2.9950380952381,424607000000.0,3.25,,22563400.0,,102.6479,1.1599999999999997,1.21,,6.166667,0.8300000000000001
2008-09-30 23:59:59.999999999,-7.02826830581167,6.85,98564500000.0,98.524408788312,,3.4266980000000005,,3.30904761904762,17025400.0,1.0586818181818198,30.4286779910676,465589.5,465589.5,394258000000.0,252816250000.0,26.407012756475,17640250000.0,3.5409523809523797,3.5409523809523797,2.88,1.92,3.19,4.06,1.5,2.9939714285714305,435155000000.0,3.25,,22630000.0,,87.24745,1.6209523809523798,0.94,,6.233333,0.77
2008-12-31 23:59:59.999999999,-4.84624366739651,6.75,99993250000.0,96.8925006310827,,1.907601,,3.61,16972300.0,1.2371,28.7625485821307,460187.3,460187.3,399973000000.0,249857000000.0,27.1947510297064,16807000000.0,3.14,2.94571428571429,1.58,0.83,2.26,3.75,2.57,1.7110380952381,451954000000.0,1.75,,22684800.0,,58.98987,2.31,-2.7,,6.7,1.56
2009-03-31 23:59:59.999999999,9.04706756780116,5.55,100003000000.0,97.1550565252642,,1.247772,0.299466803009305,2.66409090909091,16756400.000000002,1.26413636363636,23.9024371448827,449802.8,449802.8,400012000000.0,249020500000.0,24.0686551522188,15366805555.5556,2.88590909090909,2.88590909090909,,0.39,,,,0.5153954545454551,459321000000.0,0.75,33630069.0,22739800.0,0.9505331969906949,57.98178000000001,2.4959090909090897,-2.78,,8.0,
2009-06-30 23:59:59.999999999,2.29253020548549,5.85,100787500000.0,98.494204789789,,0.05822416,,2.3999999999999995,16712700.0,1.12617272727273,22.1359933044363,444950.8,444950.8,403150000000.0,250923000000.0,22.7093526071884,14749777777.7778,3.45,3.45909090909091,1.26,0.24,2.51,4.03,2.02,0.2441227272727269,472537000000.0,0.5,,22809600.0,,72.33576999999998,3.21,-2.8,,8.633333,2.1900000000000004
2009-09-30 23:59:59.999999999,13.259613989834198,5.49,101321750000.0,99.5254830133674,,-0.8643041999999999,,2.14,16743800.0,1.08104545454545,22.8076105729614,446940.8,446940.8,405287000000.0,253324250000.0,23.2399529569035,14886027777.7778,3.35,3.36571428571429,1.24,0.22,2.57,3.88,1.8,0.2394809523809519,491861000000.0,0.5,,22877900.0,,78.41675999999998,3.13,-3.36,,8.666667,2.1100000000000003
2009-12-31 23:59:59.999999999,0.7104697997227221,5.49,102153250000.0,99.81849622075,,0.7897045999999999,,2.24,16797400.0,1.05469565217391,22.7350387046657,452133.8,452133.8,408613000000.0,254903500000.0,22.994269376531,15106888888.8889,3.25,3.4161904761904798,1.09,0.19,2.38,3.87,1.54,0.243090476190476,506972000000.0,0.5,,22927500.0,,80.86482999999998,3.06,-2.74,,8.599999999999998,2.16
2010-03-31 23:59:59.999999999,12.2017421382089,5.85,103068500000.0,100.217153649708,,1.61385,1.77687154092627,2.4499999999999997,16861700.0,1.02304347826087,23.456088445967,457611.5,457611.5,412274000000.0,257744500000.00003,23.3559200794145,15479416666.6667,3.4,3.4904347826087005,1.35,0.28,2.52,4.02,1.58,0.244539130434783,519057000000.0,0.5,34005902.0,22977000.0,-1.27687154092627,83.45537,3.12,-3.21,,8.366666999999998,2.05
2010-06-30 23:59:59.999999999,-2.48011251191388,5.89,102951250000.0,99.6107481978856,,1.396567,,2.5999999999999996,17024600.0,1.03809090909091,24.0527933028477,460007.8,460007.8,411805000000.0,259960250000.0,24.382739348189,15771972222.2222,3.29,3.29772727272727,1.73,0.5,2.61,3.71,1.44,0.4918909090909089,532427000000.0,0.75,,23044700.0,,81.45685,2.79,-3.47,,8.133333,1.56
2010-09-30 23:59:59.999999999,8.268931531526329,5.39,103315750000.0,99.1517663246686,,1.830863,,2.5399999999999996,17058400.0,1.03286363636364,23.7555573169238,463228.0,463228.0,413263000000.0,262054250000.00003,24.873289571339,15846000000.0,2.85,2.8814285714285695,1.26,0.87,2.1,3.5,1.38,0.9511714285714292,540594000000.00006,1.25,,23107100.0,,84.8238,1.98,-4.71,,8.199999999999998,1.59
2010-12-31 23:59:59.999999999,23.2781332026547,5.19,104031500000.0,99.6077958009433,,2.263494,,2.0200000000000005,17117400.0,1.00769565217391,24.4796620489108,468424.5,468424.5,416126000000.0,264563000000.0,24.3007191098929,15753944444.4444,3.17,3.2047619047618996,1.67,0.98,2.44,3.58,1.17,0.9971714285714292,550280000000.0,1.25,,23147300.0,,92.64738,2.19,-2.68,,7.933333,1.5
2011-03-31 23:59:59.999999999,19.666198284963397,5.34,104115250000.0,99.8860985248203,,2.598903,2.91213508872347,2.05,17173700.0,0.976695652173913,24.6292417742262,471992.0,471992.0,416461000000.0,265141000000.00003,24.8506518016608,16027944444.4444,3.29,3.26652173913043,1.79,0.92,2.6,3.7,1.23,0.99414347826087,558922000000.0,1.25,34339221.0,23179000.0,-1.66213508872347,97.16712,2.37,-2.84,,7.8,1.5
2011-06-30 23:59:59.999999999,1.4942423132141798,5.39,104509500000.0,99.5346772558782,,3.357245,,2.3999999999999995,17218800.0,0.9772272727272728,24.3717539884036,472848.8,472848.8,418038000000.0,266356750000.0,25.031786763887,16055250000.0,2.99,2.98772727272727,1.45,0.93,2.24,3.45,1.02,0.997581818181818,567932000000.0,1.25,,23217700.0,,91.54075,2.06,-3.18,,7.733333,1.5400000000000003
2011-09-30 23:59:59.999999999,-5.25261968369724,5.19,104965000000.0,98.7472249302584,,2.996575,,2.8000000000000003,17272000.0,1.0018181818181802,25.6954956690418,479318.5,479318.5,419860000000.0,267503500000.0,25.2082600680499,16335916666.6667,2.39,2.19666666666667,1.0,0.83,1.58,3.03,0.82,0.998304761904762,588000000000.0,1.25,,23255500.0,,84.74576,1.56,-2.51,,7.433333,1.3900000000000001
2011-12-31 23:59:59.999999999,8.3860339404818,5.29,105195000000.0,98.5758830695748,,2.6958,,3.16,17258200.0,1.02318181818182,25.9844430959342,483127.8,483127.8,420780000000.0,269105250000.0,25.6023169857119,16609638888.8889,2.13,1.992,0.93,0.83,1.4,2.69,0.59,0.99917,596155000000.0,1.25,,23284900.0,,82.75748,1.2999999999999998,-2.44,,7.533333,1.1999999999999997
2012-03-31 23:59:59.999999999,-6.6652877999179605,5.24,105334250000.0,98.9864059602924,,2.3360540000000003,1.51567823124525,3.24,17338600.0,0.993454545454545,25.5511040592358,483432.8,483432.8,421337000000.0,270614250000.00003,25.5838732425404,16579333333.3333,2.0,2.1068181818181797,1.1,0.92,1.45,2.61,0.45,0.9996909090909092,611193000000.0,1.25,34713395.0,23311500.0,-0.2656782312452499,86.92336999999996,1.08,-3.08,,7.566667,0.8999999999999999
2012-06-30 23:59:59.999999999,10.4766299571377,5.24,105047500000.0,98.9756753519117,,1.582454,,3.62,17414700.0,1.0277619047619,25.19443821386,485004.3,485004.3,420190000000.0,270987750000.0,25.6690768033144,16614000000.0,1.62,1.74761904761905,0.88,0.86,1.06,2.21,0.3,1.00080476190476,632008000000.0,1.25,,23355400.0,,80.17008,0.7600000000000001,-3.62,,7.466667,0.7400000000000001
2012-09-30 23:59:59.999999999,0.275810483237466,5.24,105698750000.0,99.23311534894,,1.219174,,3.40210526315789,17534500.0,0.9783,24.3755503551771,485668.0,485668.0,422795000000.0,272643500000.00003,25.2086815729615,16478694444.4444,1.8378947368421101,1.8378947368421101,1.1,0.99,1.3,2.29,0.34,1.0006842105263198,636174000000.0,1.25,,23389800.0,,85.56170999999999,0.8478947368421101,-3.77,,7.366666999999999,0.6099999999999999
2012-12-31 23:59:59.999999999,-8.092352292943241,5.24,105627500000.0,99.2824670632895,,0.939486,,3.47210526315789,17609500.0,0.9895714285714292,24.5322071251323,486667.5,486667.5,422510000000.0,274114500000.00003,24.7016155621497,16206972222.2222,1.76789473684211,1.76789473684211,1.07,0.92,1.33,2.38,0.36,1.00036315789474,645790000000.0,1.25,,23416900.0,,85.765,0.84789473684211,-3.18,,7.366666999999999,0.71
2013-03-31 23:59:59.999999999,0.5591515988669,5.14,104522250000.0,99.2072166561933,,0.9075907,0.938291897815245,3.34,17610400.0,1.02409523809524,24.8839008463143,491023.8,491023.8,418089000000.0,275949750000.0,24.9980712302141,16351222222.2222,1.8,1.8515,0.94,0.97,1.3,2.49,0.51,1.00565,669691000000.0,1.25,35080992.0,23438500.0,0.311708102184755,89.09896999999998,0.8300000000000001,-3.22,,7.166667,0.8600000000000001
2013-06-30 23:59:59.999999999,-10.400726836818,5.14,104056750000.0,99.4447699919021,,0.7652364,,2.8954999999999997,17682100.0,1.031325,24.8005928149807,493851.5,493851.5,416227000000.0,278480750000.0,24.9084698758396,16288666666.6667,2.2445,2.2445,0.91,1.03,1.15,2.35,0.4,1.010085,676324000000.0,1.25,,23479700.0,,85.23156999999999,1.2145,-3.27,,7.166667,0.7699999999999999
2013-09-30 23:59:59.999999999,1.9403923764878601,5.34,104578000000.0,100.027136320703,,1.14974,,2.642,17659600.0,1.03522380952381,24.5405317219786,497912.5,497912.5,418312000000.0,280429000000.0,25.0342496554119,16372000000.0,2.698,2.698,1.19,0.98,1.82,3.04,1.09,0.99782,687343000000.0,1.25,,23512200.0,,89.34368,1.718,-2.98,,7.233333,1.3599999999999999
2013-12-31 23:59:59.999999999,-6.66631820554404,5.34,105221000000.0,99.5625288930309,,0.9307418,,2.6664999999999996,17668900.0,1.06354090909091,25.0139152997945,503123.5,503123.5,420884000000.0,282100750000.0,25.0778325653191,16595861111.1111,2.6735,2.6735,1.13,0.91,1.78,3.08,1.1,1.001315,705300000000.0,1.25,,23532700.0,,93.14001,1.7635,-3.25,,7.266667,1.38
2014-03-31 23:59:59.999999999,-5.1904487158028205,4.99,105524250000.0,99.9271614531509,,1.390025,1.90663590717867,2.5357142857142905,17699400.0,1.11068571428571,25.6861486809965,503973.8,503973.8,422097000000.0,282902000000.0,25.1459979668461,16584833333.3333,2.4542857142857097,2.4542857142857097,,0.89,,,,0.996480952380952,717899000000.0,1.25,35434066.0,23552300.0,-0.65663590717867,99.59733,1.5642857142857096,-2.53,,7.233333,
2014-06-30 23:59:59.999999999,2.34355152747468,4.79,105129750000.0,99.9396200002889,,2.22403,,2.4914285714285698,17720500.0,1.08258095238095,26.7461542020636,508567.8,508567.8,420519000000.0,285482500000.0,25.892585209042,16839250000.0,2.2985714285714303,2.2985714285714303,1.05,0.95,1.64,2.9,0.89,0.9998714285714292,725893000000.0,1.25,,23594600.0,,104.3338,1.3485714285714303,,,7.2,1.3099999999999998
2014-09-30 23:59:59.999999999,6.75021529092435,4.79,105177750000.0,99.857836520462,,2.0838970000000003,,2.60904761904762,17756000.0,1.1007136363636398,26.6008406032003,513442.8,513442.8,420711000000.0,287607500000.0,25.6312270582066,17023055555.5556,2.18095238095238,2.18095238095238,1.07,0.92,1.46,2.66,0.58,0.9993333333333329,740468000000.0,1.25,,23612600.0,,107.1606,1.26095238095238,,,7.033333,1.05
2014-12-31 23:59:59.999999999,-0.58838002715254,4.79,104859500000.0,99.9225179169311,,1.925685,,2.9000000000000004,17821700.0,1.15436956521739,26.5771441509794,516991.5,516991.5,419438000000.0,289764750000.0,26.0216570073448,17121500000.0,1.89,1.85190476190476,0.95,0.91,1.38,2.44,0.6,1.00460952380952,753656000000.0,1.25,,23617700.0,,100.1089,0.9799999999999999,,,6.766667,0.94
2015-03-31 23:59:59.999999999,4.4579503621460095,4.74,106288250000.0,99.8978521859411,,1.075269,1.12524136094278,3.3186363636363603,17854100.0,1.2612045454545502,26.1112130222245,514113.0,514113.0,425153000000.0,290256250000.0,26.7210603235398,17029888888.8889,1.42136363636364,1.42136363636364,,0.54,,,,0.757040909090909,766809000000.0,1.0,35704498.0,23616300.0,-0.12524136094278004,104.0623,0.8813636363636399,,,6.866667,
2015-06-30 23:59:59.999999999,12.7743430452548,4.64,106399750000.0,99.7141504952912,,0.902096,,3.01,17836700.0,1.2357636363636395,25.8966809745481,512709.5,512709.5,425599000000.0,291815000000.0,26.7200088668561,16937305555.5556,1.63,1.78,0.56,0.58,0.9,2.23,0.52,0.7446772727272729,781445000000.0,1.0,,23638800.0,,103.4648,1.0499999999999998,,,6.933333,1.0699999999999998
2015-09-30 23:59:59.999999999,-8.97586430157032,4.64,107017000000.0,99.2654984974921,,1.193001,,3.21,17890200.0,1.32664090909091,27.136317111008,514545.5,514545.5,428068000000.0,294017500000.0,27.1133270427175,17018527777.7778,1.43,1.4814285714285702,0.42,0.43,0.72,2.18,0.69,0.5008047619047619,806454000000.0,0.75,,23668700.0,,93.99223,1.0,,,7.066667,1.01
2015-12-31 23:59:59.999999999,12.3177934356003,4.64,106720250000.0,99.0062359930811,,1.330495,,3.1399999999999997,17867400.0,1.3717043478260902,26.1663520244216,514886.5,514886.5,426881000000.0,296259750000.0,27.1885644280206,16961583333.3333,1.5,1.4595238095238101,0.6,0.52,0.86,2.23,0.68,0.5130333333333329,815904000000.0,0.75,,23689300.0,,91.58231,0.98,,,7.133333,0.9
2016-03-31 23:59:59.999999999,6.39170535543516,4.64,107595000000.0,98.9658300072987,,1.542553,1.42875954701085,3.4099999999999997,17892800.0,1.3211695652173898,26.0118293451827,517933.0,517933.0,430380000000.0,296652000000.0,26.8888622011389,16998916666.6667,1.23,1.26818181818182,0.53,0.44,0.71,2.03,0.65,0.4986363636363639,831456000000.0,0.75,36110803.0,23723200.0,-0.6787595470108501,93.31869,0.79,,,7.233333,0.7
2016-06-30 23:59:59.999999999,-3.6854277825832797,4.64,108741000000.0,99.8699491065694,,1.551407,,3.34,17954500.0,1.2887,24.3779093695184,515353.0,515353.0,434964000000.0,298062000000.0,26.1283259213087,16902472222.2222,1.3,1.16818181818182,0.59,0.49,0.72,1.95,0.41,0.5069,844136000000.0,0.75,,23766000.0,,97.93118,0.81,,,7.133333,0.7100000000000001
2016-09-30 23:59:59.999999999,5.533605395986281,4.64,108719500000.0,99.8583060944461,,1.231333,,3.6399999999999997,18032500.0,1.30972272727273,25.5151664030028,520701.3,520701.3,434878000000.0,300092500000.0,26.533354295428,16929944444.4444,1.0,1.08619047619048,0.56,0.51,0.64,1.62,0.21,0.4993809523809519,875802000000.0,0.75,,23809300.0,,102.1077,0.49,,,6.966667,0.43999999999999995
2016-12-31 23:59:59.999999999,-9.40016298513695,4.64,108949500000.0,99.9844723520548,,1.391807,,2.9799999999999995,18104000.0,1.33537727272727,26.1276926919078,523622.5,523622.5,435798000000.0,302211500000.0,25.7706224336301,16931388888.8889,1.66,1.732,0.75,0.48,1.07,2.25,0.43,0.495425,895146000000.0,0.75,,23838900.0,,106.4306,1.18,,,6.866667,0.9099999999999999
2017-03-31 23:59:59.999999999,-4.15442286098246,4.64,110030500000.0,100.565691321027,,1.911996,1.5968841285297,2.96,18241500.0,1.33834782608696,26.3390937537359,530210.8,530210.8,440122000000.0,305399750000.0,26.1040405171285,17155305555.5556,1.68,1.7143478260869598,0.76,0.54,1.15,2.39,0.66,0.4950434782608699,915745000000.0,0.75,36545075.0,23881100.0,-0.8468841285297,108.2026,1.14,,,6.733333,0.9199999999999999
2017-06-30 23:59:59.999999999,-0.00618138469219395,4.64,110186500000.0,100.778493614804,,1.320559,,3.21,18371400.0,1.3298045454545502,26.4227002563356,535791.5,535791.5,440746000000.0,309308750000.0,27.0647975136384,17389361111.1111,1.43,1.50272727272727,0.7,0.65,0.95,2.05,0.48,0.4941045454545449,944515000000.0,0.75,,23936300.0,,106.7628,0.7799999999999999,,,6.533333,0.73
2017-09-30 23:59:59.999999999,-1.25459344962051,4.89,111010000000.0,101.020944537476,,1.371636,,2.9799999999999995,18442500.0,1.22879047619048,24.2043149720416,535959.8,535959.8,444040000000.0,312276000000.0,25.6802281496644,17161694444.4444,1.91,2.0495,1.34,0.99,1.59,2.3,0.71,0.97019,945972000000.0,1.25,,23995100.0,,106.5621,0.9199999999999999,,,6.233333,0.5699999999999998
2017-12-31 23:59:59.999999999,0.31648205716355393,4.99,111957000000.0,101.895135929787,,1.787102,,3.0900000000000003,18619700.0,1.27694285714286,25.1015280982058,538679.0,538679.0,447828000000.0,314078500000.0,26.1752099554526,17396638888.8889,1.9,1.91526315789474,1.52,1.05,1.69,2.2,0.54,0.9960789473684208,961536000000.0,1.25,,24043500.0,,112.2785,0.8499999999999999,,,6.166667,0.3799999999999999
2018-03-31 23:59:59.999999999,2.87083141389427,5.14,113025750000.0,,,2.056027,2.26822567248104,2.9699999999999998,18630100.0,1.293,25.3507549382257,544941.3,544941.3,452103000000.0,316185000000.0,26.3821323130959,17640583333.333298,2.17,2.18857142857143,1.76,1.09,1.99,2.33,0.58,1.2394,958880000000.0,1.5,37072620.0,24106400.0,-0.7682256724810399,107.9901,1.0799999999999998,,,5.9,0.4099999999999999
2018-06-30 23:59:59.999999999,-0.9591915244203492,5.34,114171500000.0,,,2.300025,,3.0999999999999996,18677600.0,1.31239047619048,26.5056060798154,549192.0,549192.0,456686000000.0,318038250000.0,26.955985264733,17813833333.333298,2.24,2.20904761904762,1.92,1.25,2.11,2.27,0.53,1.2481,982117000000.0,1.5,,24181400.0,,113.3493,0.9900000000000002,,,5.9,0.3200000000000003
2018-09-30 23:59:59.999999999,6.574083437743179,5.34,114565500000.0,,,2.680623,,2.98631578947368,18797500.0,1.3037450000000002,26.7467214885487,551962.3,551962.3,458262000000.0,319789750000.0,26.6776983309074,17838722222.222202,2.35368421052632,2.35368421052632,2.08,1.51,2.25,2.37,0.64,1.49646315789474,994153000000.0,1.75,,24231500.0,,112.5069,0.8436842105263198,,,5.9,0.2799999999999998
2018-12-31 23:59:59.999999999,0.879864753739354,5.34,115359000000.0,,,2.035623,,3.2821052631578898,18892800.0,1.3446809523809498,25.9200612354758,553262.5,553262.5,461436000000.0,319835500000.0,26.5938839637809,17816194444.4444,2.05789473684211,2.05789473684211,2.32,1.67,2.41,2.52,0.82,1.74997368421053,1025416000000.0,2.0,,24266100.0,,100.9393,0.3878947368421102,,,5.633333,0.16000000000000014
2019-03-31 23:59:59.999999999,-0.9441037703670664,5.34,114848250000.0,,,1.611685,1.94926902411596,3.4,18932900.0,1.33681904761905,25.1590542074792,554594.0,554594.0,459393000000.0,321565500000.0,27.048435549726,17774527777.777798,1.94,1.71238095238095,1.77,1.66,1.81,2.2,0.72,1.74693333333333,993962000000.0,2.0,37618495.0,24295300.0,0.050730975884039964,112.4168,0.28,,,5.766667,0.16999999999999993
2019-06-30 23:59:59.999999999,-4.5402174030242906,5.34,114767750000.0,,,2.148389,,3.8775,19078600.0,1.32873,26.544061435218,560665.5,560665.5,459071000000.0,322350750000.0,26.4184236470242,17856833333.333298,1.4625,1.4625,1.57,1.66,1.55,1.96,0.49,1.742595,1029835000000.0,2.0,,24349900.0,,113.8331,-0.1975,,,5.6,0.1299999999999999
2019-09-30 23:59:59.999999999,-10.64664788826517,5.19,115702000000.0,,,1.939334,,3.8260000000000005,19142800.0,1.32430952380952,25.7026552696346,562233.3,562233.3,462808000000.0,323893000000.0,25.7662770250371,17721777777.777798,1.364,1.364,1.47,1.64,1.36,1.63,0.29,1.74658,1063172000000.0,2.0,,24434100.0,,116.2679,-0.2759999999999998,,,5.666667,-0.08000000000000007
2019-12-31 23:59:59.999999999,9.579232894985587,,116739250000.0,,,2.094763,,,19186500.0,1.3170363636363602,24.9629816218645,563838.5,563838.5,466957000000.0,326216000000.0,24.8812688708629,17596861111.1111,1.6045,1.6045,1.55,1.66,1.46,1.6,0.37,1.74805,1100753000000.0,2.0,,24500000.0,,118.7978,-0.05549999999999988,,,5.7,-0.1100000000000001
2020-03-31 23:59:59.999999999,-18.956476332153407,,116599500000.0,,,1.80917,0.716999632307807,,18058200.0,1.39525,24.8993713330676,552844.0,552844.0,466398000000.0,319451500000.0,25.2183376340026,16901500000.0,0.8190909090909091,0.8190909090909091,,0.49,,,,0.953381818181818,1139676000000.0,1.0,38028638.0,24559300.0,1.283000367692193,95.94145,0.3290909090909091,,,6.6,
2020-06-30 23:59:59.999999999,1.7957381827010173,,112400750000.0,,,0.02445586,,,17469400.0,1.3550318181818202,21.0455511396218,492031.5,492031.5,449603000000.0,274286750000.0,22.2362262219162,14096944444.4444,0.53,0.561363636363636,0.29,0.21,0.39,1.12,0.09,0.238577272727273,1280465000000.0,0.5,,24590000.0,,107.9628,0.32000000000000006,,,13.5,0.24000000000000005
2020-09-30 23:59:59.999999999,7.918229076080393,,118655250000.0,,,0.2682927,,,18555900.0,1.32217727272727,23.9622984183284,536725.3,536725.3,474621000000.0,308820000000.0,25.1988084491143,16659888888.8889,0.58,0.5595238095238101,0.27,0.12,0.36,1.1,-0.23,0.228038095238095,1361606000000.0,0.5,,24610400.0,,113.2146,0.45999999999999996,,,10.03333,0.30999999999999994
2020-12-31 23:59:59.999999999,0.3281757653138587,,120252250000.0,,,0.7816315999999999,,,18591700.0,1.2810086956521698,23.9241472657436,546807.0,546807.0,481009000000.0,310494250000.0,25.0088777342993,17046000000.0,0.74,0.730952380952381,0.26,0.07,0.46,1.23,-0.29,0.1993,1414341000000.0,0.5,,24597800.0,,122.2525,0.6699999999999999,,,8.833332999999998,0.48
2021-03-31 23:59:59.999999999,15.612658837062911,,121976750000.0,,,1.436222,3.39519318527533,,18873000.0,1.25737391304348,25.0279611188414,556122.3,556122.3,487907000000.0,311390500000.0,24.5562411795229,17204638888.8889,1.35,1.49652173913043,0.25,0.09,0.81,1.77,0.11,0.180426086956522,1448999000000.0,0.5,38239864.0,24583300.0,-2.89519318527533,130.1205,1.26,,,8.466666,1.1
2021-06-30 23:59:59.999999999,1.6069872013203312,,122935500000.0,,,3.3496330000000003,,,18894400.0,1.22186363636364,24.4701992661092,555470.5,555470.5,491742000000.0,310674500000.0,24.1356838594289,16893611111.1111,1.5,1.425,0.32,0.15,0.91,2.03,0.22,0.1878818181818179,1544045000000.0,0.5,,24574000.0,,140.2464,1.35,,,8.133333,1.18
2021-09-30 23:59:59.999999999,11.083794385419507,,123552000000.0,,,4.062272,,,19251100.0,1.26674545454545,24.873908452422,566660.5,566660.5,494208000000.0,325566500000.0,24.0616664384823,16911666666.6667,1.18,1.263,0.41,0.12,0.79,1.74,0.06,0.1870449999999999,1586188000000.0,0.5,,24610600.0,,143.1405,1.06,,,7.166667,0.77
2021-12-31 23:59:59.999999999,0.8406195650845101,,124693250000.0,,,4.726127,,,19508800.0,1.27957826086957,25.9443222754849,576806.0,576806.0,498773000000.0,327464750000.0,25.1450897424045,17336750000.0,1.5,1.45,0.95,0.16,1.35,1.82,-0.06,0.1604285714285708,1612933000000.0,0.5,,24678600.0,,146.0664,1.34,,,6.166667,0.55
2022-03-31 23:59:59.999999999,3.8748101202519702,,126276750000.0,,,5.831533,6.80280115341609,,19647800.0,1.26578695652174,26.6076086414356,583642.0,583642.0,505107000000.0,329361250000.0,25.1319453205916,17760000000.0,1.71,2.13217391304348,1.33,0.58,1.48,1.99,0.24,0.40775652173913,1614038000000.0,0.75,38935934.0,24740700.0,-6.30280115341609,150.8203,1.13,,,5.766667,0.3799999999999999
2022-06-30 23:59:59.999999999,2.251051839668873,,126539500000.0,,,7.546722999999998,,,19750800.0,1.2813636363636398,28.428045869597,589642.8,589642.8,506158000000.0,336329250000.0,26.6334851436099,17888555555.5556,2.98,3.31545454545455,2.79,2.09,2.86,2.88,1.08,1.42881363636364,1624709000000.0,1.75,,24816500.0,,137.703,0.8900000000000001,,,5.166667,0.18999999999999995
2022-09-30 23:59:59.999999999,-18.96774110497381,,128191000000.0,,,7.152875,,,19796100.0,1.33272272727273,28.081783644396,592680.3,592680.3,512764000000.0,336808000000.0,26.9213377614177,17729194444.4444,3.18,3.14789473684211,3.66,3.55,3.37,3.09,1.29,3.101768421052629,1591906000000.0,3.5,,24913100.0,,133.5429,-0.36999999999999966,,,5.033333,-0.48
2022-12-31 23:59:59.999999999,-2.1453080584663438,,127770000000.0,,,6.665124,,,19998500.0,1.35929090909091,27.5176964285966,591868.3,591868.3,511080000000.0,337407750000.0,26.6920884814386,17512916666.666702,2.83,2.9415,3.79,4.25,3.05,2.87,0.96,4.1245,1553268000000.0,4.5,,25019100.0,,137.6451,-1.42,,,5.033333,-0.96
2023-03-31 23:59:59.999999999,1.9444582849371996,,127791750000.0,,,5.147392,3.87900159788427,,20214100.0,1.36821304347826,27.5103070042525,599885.3,599885.3,513658000000.0,341848750000.0,26.6383732058765,17671777777.777798,3.41,2.9934782608695696,4.27,4.3,3.59,3.25,1.36,4.49231304347826,1502241000000.0,4.75,40083484.0,25197200.0,0.6209984021157302,138.4465,-0.8899999999999997,,,5.066667,-0.8599999999999994
2023-06-30 23:59:59.999999999,12.12915344093032,,128247750000.0,,,3.519578,,,20332900.0,1.32878181818182,26.1525731256759,600741.0,600741.0,514806000000.0,341975750000.0,26.4336185755794,17853861111.1111,3.16,3.33818181818182,4.2,4.89,3.41,3.09,1.31,4.683945454545452,1505344000000.0,5.0,,25391700.0,,138.5384,-1.7299999999999995,,,5.233333,-1.04
2023-09-30 23:59:59.999999999,10.374444259953016,,130519250000.0,,,3.686737,,,20465300.0,1.35370476190476,26.1427833525024,599386.0,599386.0,520749000000.0,342157500000.0,25.7296262370953,17634555555.5556,3.56,3.8160000000000003,4.55,5.07,3.83,3.41,1.75,4.991785,1511102000000.0,5.25,,25600100.0,,140.2214,-1.5100000000000002,,,5.5,-0.9899999999999998
2023-12-31 23:59:59.999999999,-20.55597611407983,,,,,3.211109,,,20532800.0,1.34144285714286,,599156.5,599156.5,517447000000.0,,,,3.43,3.2342105263157896,4.07,4.89,3.5,3.23,1.57,5.01547894736842,1513408000000.0,5.25,,25814700.0,,143.7925,-1.4599999999999995,,,5.733333,-0.6400000000000001
2024-03-31 23:59:59.999999999,-7.025534897870612,,,,,2.846668,2.38158383281171,,20614500.0,1.35399523809524,,600215.5,600215.5,520170000000.0,,,,3.43,3.444,4.1,4.99,3.5,3.32,1.58,5.00289,,5.25,41288599.0,26053600.0,2.86841616718829,152.4622,-1.56,,,5.9,-0.6699999999999995
2024-06-30 23:59:59.999999999,-10.00416535111323,,,,,2.741181,,,20715900.0,1.370685,,604005.5,604005.5,,,,,3.3915,3.3915,4.3,4.64,3.81,3.63,1.78,4.80132,,5.0,,26306900.0,,152.3224,-1.2484999999999995,,,6.3,-0.54
2024-09-30 23:59:59.999999999,7.590976170825981,,,,,2.040816,,,20779300.0,1.35413333333333,,607606.3,607606.3,,,,,2.94444444444444,2.94444444444444,3.36,4.02,3.02,3.17,1.39,4.29742222222222,,4.5,,26532400.0,,164.0318,-1.0755555555555594,,,6.566667,-0.25
2024-12-31 23:59:59.999999999,21.20953197634818,,,,,1.91297,,,20917400.0,1.4253681818181798,,610704.3,610704.3,,,,,3.1615,3.1615,3.09,3.15,3.06,3.34,1.59,3.46852,,3.5,,26667700.0,,175.2943,0.011500000000000288,,,6.733333,0.18999999999999995
2025-03-31 23:59:59.999999999,1.9659670495402088,,,,,2.285594,,,20961900.0,1.43589047619048,,614059.8,614059.8,,,,,3.0104761904761896,3.0104761904761896,,,,,,2.84069523809524,,,,26764000.0,,172.9629,,,,6.633333,
2025-06-30 23:59:59.999999999,,,,,,,,,21061200.0,1.3673714285714298,,,,,,,,3.3139999999999996,3.3139999999999996,,,,,,2.744125,,,,26829400.0,,185.0524,,,,6.933333,
2025-09-30 23:59:59.999999999,,,,,,,,,20954900.0,1.3801761904761898,,,,,,,,3.4225,3.4225,,,,,,2.7519588235294106,,,,26853800.0,,194.7787,,,,,
