,bond_corporate,bond_gov_10y,bond_gov_2y,bond_gov_5y,building_permits,capital_formation,consumer_sentiment,country,cpi_all_items,cpi_annual_growth,credit_spread,credit_spread_change,employment_level,exchange_rate_usd,exports_volume,gdp_nominal,gdp_real,government_spending,household_consumption,imports_volume,industrial_production_index,interest_rate_long_term,interest_rate_short_term,money_supply_broad,population_total,population_working_age,stock_market_index,trade_balance,unemployment_rate,yield_curve_curvature,yield_curve_slope
1980-03-31 23:59:59.999999999,,,,,-7.32224527263026,,99.7479083164319,canada,33.36844666666667,,,,10897800.0,,24.1247227220462,274776566028.053,223045750000.0,,,21.9119921550553,57.1123,,,,24515667.0,,,,7.566667,,
1980-06-30 23:59:59.999999999,,,,,33.1579885877318,,99.6156837369295,canada,34.29023,,,,10936800.0,,22.9147858052837,,222948250000.0,,,21.3085851454702,54.90294,,,,,,,,7.733333,,
1980-09-30 23:59:59.999999999,,,,,6.46024476004804,,100.146984265563,canada,35.26468666666667,,,,11051900.0,,23.2857874656204,,222763000000.0,,,20.498193393498,54.94860666666667,,,,,,,,7.5,,
1980-12-31 23:59:59.999999999,,,,,-6.322964300173219,,100.04655812322,canada,36.239133333333335,,,,11140000.0,,23.7784780083728,,225845250000.0,,,21.7910749529868,56.56712666666667,,,,,,,,7.266667,,
1981-03-31 23:59:59.999999999,,,,,8.749164504560179,,99.2545215328695,canada,37.476956666666666,,,,11278700.0,,22.9603874107558,307246642755.859,230710750000.0,,,21.4595087758579,56.46697,,,,24819915.0,,,,7.4,,
1981-06-30 23:59:59.999999999,,,,,-4.212136028379129,,98.3818033705497,canada,38.58309666666667,,,,11375600.0,,23.1995232366342,,233233250000.0,,,22.3983977243734,57.19544333333334,,,,,,,,7.166667,,
1981-09-30 23:59:59.999999999,,,,,-15.311937533780801,,97.4612196626979,canada,39.7419,,,,11328700.0,,22.2143691082617,,231136250000.0,,,21.592043284302,56.19911,,,,,,,,7.466667,,
1981-12-31 23:59:59.999999999,,,,,47.5605505265493,,97.5541191109566,canada,40.71635666666666,,,,11236000.0,,22.5465054817775,,230073250000.0,,,20.8333198802638,54.979000000000006,,,,,,,,8.433333,,
1982-03-31 23:59:59.999999999,,,,,-4.44711273170322,,97.1178212292458,canada,41.74348,,,,11140500.0,,21.7652940765214,314647807408.608,227440250000.0,,,18.5084715151008,53.89432,,,,25116942.0,,,,8.933333,,
1982-06-30 23:59:59.999999999,,,,,-6.89985169032558,,96.6863696845534,canada,43.033973333333336,,,,10940600.0,,22.2237808406822,,224821750000.0,,,17.7817022171047,51.96038333333333,,,,,,,,10.4,,
1982-09-30 23:59:59.999999999,,,,,10.931798224217,,97.3159351186192,canada,43.955756666666666,,,,10806700.0,,22.6689516099095,,222828000000.0,,,17.5798052285977,50.89444666666666,,,,,,,,12.1,,
1982-12-31 23:59:59.999999999,,,,,7.70399369385799,,99.0182999143992,canada,44.640510000000006,,,,10774100.0,,20.4844282996519,,220771750000.0,,,16.0822606892144,50.28486,,,,,,,,12.96667,,
1983-03-31 23:59:59.999999999,,,,,12.4940512236649,,100.9161209607,canada,44.95654666666667,,,,10874900.0,,20.9710219698101,341866277182.733,224379750000.0,,,16.8681682560126,51.39568666666667,,,,25366451.0,,,,12.63333,,
1983-06-30 23:59:59.999999999,,,,,-7.23808292919714,,101.783297799148,canada,45.56228333333333,,,,11021400.0,,21.5191432782405,,228806250000.0,,,17.3223433625042,53.250723333333326,,,,,,,,12.4,,
1983-09-30 23:59:59.999999999,,,,,8.458280145660959,,101.740550322994,canada,46.299710000000005,,,,11174200.0,,21.1124491684037,,231376750000.0,,,17.8806069380095,55.73850000000001,,,,,,,,11.66667,,
1983-12-31 23:59:59.999999999,,,,,-0.47982931532841994,,101.903494234007,canada,46.72109666666666,,,,11187400.0,,22.4913215718923,,234253250000.0,,,19.7984104397244,57.52992,,,,,,,,11.3,,
1984-03-31 23:59:59.999999999,,,,,-4.871424289290769,,101.757179571246,canada,47.274166666666666,,,,11205900.0,,23.4464781386263,356718400123.543,238310500000.0,,,20.1018332814058,58.71223333333334,,,,25607053.0,,,,11.3,,
1984-06-30 23:59:59.999999999,,,,,3.41652906470672,,101.524079796083,canada,47.66921666666667,,,,11314500.0,,24.1888854414548,,242935250000.0,,,20.6471890924908,61.48015333333333,,,,,,,,11.5,,
1984-09-30 23:59:59.999999999,,,,,1.0441700632445,,101.29295487102,canada,48.06426666666666,,,,11373800.0,,25.3200985345014,,243979750000.0,,,21.4320874183183,62.33271333333335,,,,,,,,11.43333,,
1984-12-31 23:59:59.999999999,,,,,-0.468906840637895,,101.254096399726,canada,48.43297333333334,,,,11430300.0,,24.1273665131682,,247787500000.0,,,20.3933078909809,62.803403333333335,,,,,,,,11.26667,,
1985-03-31 23:59:59.999999999,,,,,11.9588510823332,,101.634140969901,canada,48.98604,,,,11531400.0,,24.2922981630687,366186012449.652,251594500000.0,,,19.9392242841853,63.947766666666666,,,,25842116.0,,,,10.8,,
1985-06-30 23:59:59.999999999,,,,,4.10953549904295,,101.941173739553,canada,49.56544666666667,,,,11627000.0,,24.1349262430804,,252403750000.0,,,20.8926795220795,64.21169333333333,,,,,,,,10.7,,
1985-09-30 23:59:59.999999999,,,,,5.89582529336589,,102.214918190584,canada,50.03950666666666,,,,11723300.0,,23.2429246079197,,255608000000.0,,,21.2685134835564,64.70694666666667,,,,,,,,10.3,,
1985-12-31 23:59:59.999999999,,,,,-4.772311630358731,,102.133750595713,canada,50.43455333333333,,,,11860500.0,,23.8295781999542,,259505000000.0,,,21.3621090743636,65.60297333333334,,,,,,,,10.23333,,
1986-03-31 23:59:59.999999999,,,,,-10.6187106048878,,101.5309632369,canada,51.09296333333333,,,,11926300.0,,22.9622145264668,379006836991.724,259373500000.0,,,21.3315542255096,65.39321666666666,,,,26100278.0,,,,9.833333,,
1986-06-30 23:59:59.999999999,,,,,1.3879244722526398,,102.051322930067,canada,51.51435,,,,12016900.0,,22.7206572949199,,260864250000.00003,,,21.2874061743572,64.03563666666668,,,,,,,,9.6,,
1986-09-30 23:59:59.999999999,,,,,-6.62139804483079,,102.079959369616,canada,52.12009333333333,,,,12035200.0,,22.8696767379578,,261192250000.0,,,21.7975934517747,63.59093333333334,,,,,,,,9.566667,,
1986-12-31 23:59:59.999999999,,,,,-2.21293260190523,,102.536976553981,canada,52.64682666666666,,,,12079700.0,,23.0992574609811,,259301500000.0,,,21.041802474131,63.79801,,,,,,,,9.433333,,
1987-03-31 23:59:59.999999999,,,,,14.2590011842372,,103.010540100472,canada,53.14722333333333,,,,12182000.0,,21.846931313848,433134238310.709,265295000000.00003,,,19.7033760253691,65.40455666666666,,,,26446601.0,,,,9.466666,,
1987-06-30 23:59:59.999999999,,,,,-1.0464737330490799,,102.723902881483,canada,53.91098333333333,,,,12319400.0,,21.3250854746044,,268693500000.0,,,19.8825561312608,65.71068666666666,,,,,,,,9.0,,
1987-09-30 23:59:59.999999999,,,,,2.3815770149512203,,102.169305603095,canada,54.49038333333332,,,,12421900.0,,21.5670471737038,,272798750000.0,,,20.3128180442855,67.58510333333334,,,,,,,,8.566667,,
1987-12-31 23:59:59.999999999,,,,,-2.02048594796922,,102.323852410576,canada,54.859096666666666,,,,12583300.0,,22.3565865449174,,276323000000.0,,,21.0022827984423,69.38565666666666,,,,,,,,8.166667,,
1988-03-31 23:59:59.999999999,,,,,7.311022656530019,,102.446394823516,canada,55.33315666666667,,,,12662600.0,,22.5247975277765,509380027626.554,280349000000.0,,,22.8147731067128,70.93661666666667,,,,26791747.0,,,,7.9,,
1988-06-30 23:59:59.999999999,,,,,6.4680944732479,,101.752379304397,canada,56.04424666666667,,,,12698100.0,,22.5102387759833,,282836750000.0,,,20.6040233881977,71.48824666666667,,,,,,,,7.7,,
1988-09-30 23:59:59.999999999,,,,,3.9127367004693103,,102.059736322425,canada,56.64999,,,,12732800.0,,21.5239977700066,,282878750000.0,,,20.1918934671329,71.16557999999999,,,,,,,,7.8,,
1988-12-31 23:59:59.999999999,,,,,13.086576192403701,,102.043209481311,canada,57.09771333333333,,,,12849400.0,,21.8380667879789,,284820000000.0,,,20.2186725625245,70.86591,,,,,,,,7.7,,
1989-03-31 23:59:59.999999999,,,,,-7.184749281490429,,101.066404346254,canada,57.80879333333333,,,,12982400.0,,21.5009753718605,567211993243.243,288111000000.0,,,20.5855888807608,71.46856000000001,,,,27276781.0,,,,7.533333,,
1989-06-30 23:59:59.999999999,,9.299,9.703,9.391,-0.68960132611019,,99.7654002183616,canada,58.80958666666667,,,,12979400.0,,20.5370025321294,,289231750000.0,,,20.5775524341885,71.23171666666667,,,,,,,,7.666666999999999,0.21999999999999886,-0.4039999999999999
1989-09-30 23:59:59.999999999,,9.745,10.358,9.944,-1.69104419684465,,99.8726692593051,canada,59.65236,,,,13029500.0,,20.0757437434843,,290276000000.0,,,19.3319119110865,70.21964000000001,,,,,,,,7.366667,0.21499999999999808,-0.6130000000000013
1989-12-31 23:59:59.999999999,,9.564,10.607,9.846,2.74058360954325,,99.2065377630319,canada,60.073746666666665,,,,13066800.0,,20.5258707753012,,289698250000.0,,,20.0480306268643,70.26845333333334,,,,,,,,7.466667,0.4789999999999992,-1.0429999999999993
1990-03-31 23:59:59.999999999,,11.137,12.569,11.597,-7.07787904689646,,99.0817691366633,canada,60.94285,,,,13126100.0,,21.0786093350753,596075591360.987,292484250000.0,,,20.2115248985444,69.77870666666666,,,,27691138.0,,,,7.633333,0.5120000000000022,-1.4320000000000004
1990-06-30 23:59:59.999999999,,10.693,11.702,11.17,-12.188659394016499,,98.1703592177287,canada,61.52225333333333,,,,13134400.0,,21.6294434924614,,291310750000.0,,,19.7363518222488,69.72154333333333,,,,,,,,7.666666999999999,0.054999999999999716,-1.0090000000000003
1990-09-30 23:59:59.999999999,,11.183,10.975,11.077,-12.794864723414,,97.445122659211,canada,62.12799666666666,,,,13089500.0,,21.4845116127072,,289223000000.0,,,18.8586810074475,68.79386666666666,,,,,,,,8.166667,0.0039999999999995595,0.20800000000000018
1990-12-31 23:59:59.999999999,,10.281,10.416,10.231,-8.5879949185673,,97.4947681009538,canada,63.04977333333334,,,,12934700.0,,21.4870372921833,,286647750000.0,,,19.5448700284743,66.97835333333333,,,,,,,,9.133333,0.2350000000000012,-0.1349999999999998
1991-03-31 23:59:59.999999999,,9.534,9.271,9.404,-3.4924247812789,,98.7934948538535,canada,64.867,,,,12809200.0,,20.5001671450473,612527712315.615,282524000000.0,,,19.1297506656984,65.94611333333333,,,,28037420.0,,,,10.16667,-0.0029999999999983373,0.2629999999999999
1991-06-30 23:59:59.999999999,,10.085,9.369,9.757,0.8509748407438441,,99.35361791938,canada,65.34106,,,,12886300.0,,20.8506040719983,,283880000000.0,,,18.8018335965517,66.06799666666667,,,,,,,,10.33333,-0.05999999999999872,0.7160000000000011
1991-09-30 23:59:59.999999999,,9.086,8.218,8.728,8.81157065150495,,99.0822131875341,canada,65.73611,,,,12855400.0,,21.1490984625338,,284256500000.0,,,19.6150375427783,66.67458666666666,,,,,,,,10.43333,-0.15199999999999925,0.8680000000000003
1991-12-31 23:59:59.999999999,,8.1,7.024,7.614,-26.9662444693373,,98.1155893946481,canada,65.63076333333333,,,,12810200.0,,20.7173461475331,,284756000000.0,,,19.6579672739828,66.07713,,,,,,,,10.33333,-0.10400000000000009,1.0759999999999996
1992-03-31 23:59:59.999999999,,8.743,7.979,8.483,-1.3420603212314899,,98.1907633961923,canada,65.89413,,,,12744900.0,,21.6492771912429,594387358318.855,284957000000.0,,,20.0107604421359,66.35648666666667,,,,28371264.0,,,,10.6,-0.24400000000000066,0.7640000000000002
1992-06-30 23:59:59.999999999,,8.18,6.37,7.475,-1.32634356995607,,99.0116177962203,canada,66.23650666666667,,,,12717300.0,,22.459789798865,,285281750000.0,,,20.3348891351309,66.75017333333334,,,,,,,,11.0,-0.39999999999999947,1.8099999999999996
1992-09-30 23:59:59.999999999,,7.885,6.936,7.366,0.7069569524721541,,98.5594569125757,canada,66.52620999999999,,,,12700100.0,,22.8380677881551,,286827000000.0,,,20.7258265665272,66.55238333333334,,,,,,,,11.53333,0.08900000000000041,0.9489999999999998
1992-12-31 23:59:59.999999999,,7.87,6.99,7.34,0.67351261533576,,97.9878015773223,canada,66.81591333333334,,,,12721900.0,,23.6830498314387,,288461250000.0,,,21.3218172718923,67.92681666666667,,,,,,,,11.73333,0.1800000000000006,0.8799999999999999
1993-03-31 23:59:59.999999999,,7.526,6.433,6.903,-2.2712970841212003,,98.2000896920875,canada,67.28996333333333,,,,12780700.0,,24.2099755842344,579053561739.4,290292750000.0,,,21.8248604813394,69.11716333333334,,,,28684764.0,,,,11.13333,0.15300000000000047,1.093
1993-06-30 23:59:59.999999999,,7.349,5.893,6.695,4.5005503144654195,,97.4197759994916,canada,67.42164666666666,,,,12780000.0,,25.0505527530321,,292937000000.0,,,22.4499839003971,69.49446999999999,,,,,,,,11.63333,-0.14800000000000058,1.4560000000000004
1993-09-30 23:59:59.999999999,,7.051,5.671,6.45,-0.318714437549102,,97.6916777681809,canada,67.68501333333333,,,,12840500.0,,25.1495597732472,,295738500000.0,,,22.8330231392354,70.11066333333333,,,,,,,,11.43333,-0.17799999999999994,1.38
1993-12-31 23:59:59.999999999,,6.627,4.597,5.703,-2.21947917604898,,98.5914794329886,canada,68.02739,,,,12848400.0,,25.9654070809523,,297003500000.0,,,23.8577272631424,70.97236,,,,,,,,11.3,-0.18200000000000038,2.0299999999999994
1994-03-31 23:59:59.999999999,,7.991,6.802,7.585,7.5593265686096,,99.4499511376819,canada,67.65867666666666,,,,12928600.0,,25.6471185106956,579944346807.264,301382750000.0,,,23.5298502826614,71.81295333333334,,,,29000663.0,,,,11.03333,-0.37700000000000067,1.189
1994-06-30 23:59:59.999999999,,9.286,8.468,8.954,1.3428638210922301,,99.435875558308,canada,67.42164666666666,,,,13041500.0,,28.0290942500574,,305782500000.0,,,25.4844703060001,73.83508,,,,,,,,10.63333,-0.1540000000000017,0.8179999999999996
1994-09-30 23:59:59.999999999,,8.832,7.494,8.354,-0.8706692769245021,,99.9922259432979,canada,67.79035999999999,,,,13176900.0,,29.2267577773782,,309702750000.0,,,25.8707466682651,75.34273333333333,,,,,,,,10.13333,-0.3819999999999979,1.338000000000001
1994-12-31 23:59:59.999999999,,9.14,8.64,9.01,11.4206654498686,,99.2161745636742,canada,68.00105333333333,,,,13245800.0,,30.9398757751718,,311952500000.0,,,27.4137752408768,76.74062666666667,,,,,,,,9.766666,-0.23999999999999844,0.5
1995-03-31 23:59:59.999999999,,8.6,7.88,8.24,0.306053765459521,,98.4320644459689,canada,68.68580666666668,,,,13290500.0,,31.819916210745,605961090061.207,314818750000.0,,,27.8029350511911,78.48999333333335,,,,29302311.0,,,,9.633333,-8.881784197001252e-16,0.7199999999999998
1995-06-30 23:59:59.999999999,,7.93,6.97,7.5,-0.10367242818458,,98.1105361918358,canada,69.23887666666667,,,,13278200.0,,31.4550657774089,,314952500000.0,,,27.5832231412935,77.85197,,,,,,,,9.5,-0.10000000000000053,0.96
1995-09-30 23:59:59.999999999,,7.78,6.9,7.39,-3.75554090113066,,98.1753947215122,canada,69.37055333333332,,,,13331200.0,,30.9868231497666,,315368750000.0,,,26.5074623998771,77.51748666666667,,,,,,,,9.433333,-0.09999999999999876,0.8799999999999999
1995-12-31 23:59:59.999999999,,7.08,5.86,6.55,-7.12293265713131,,97.406530770985,canada,69.39689,,,,13356800.0,,31.8850454394062,,316641500000.0,,,26.609078365133,77.38131,,,,,,,,9.3,-0.15999999999999925,1.2199999999999998
1996-03-31 23:59:59.999999999,,7.63,6.11,7.0,-10.8757982394802,,98.5148906631705,canada,69.68659000000001,,,,13377200.0,,31.4860318783996,630607994132.747,317101000000.0,,,27.0104997820442,77.78,,,,29610218.0,,,,9.5,-0.2599999999999998,1.5199999999999996
1996-06-30 23:59:59.999999999,,7.7,5.94,6.98,3.4205398898772996,,98.5971601589489,canada,70.23966,,,,13412900.0,,32.6000581542589,,319358500000.0,,,26.6115764494011,78.16509333333333,,,,,,,,9.433333,-0.3200000000000003,1.7599999999999998
1996-09-30 23:59:59.999999999,,7.14,5.02,6.27,0.491947088562789,,98.9013751266784,canada,70.34500666666666,,,,13414400.0,,32.7733926786838,,322040750000.0,,,27.2548302920383,79.39501333333334,,,,,,,,9.666667,-0.3799999999999999,2.12
1996-12-31 23:59:59.999999999,,6.41,4.07,5.47,-1.1277684970630901,,98.8825775890295,canada,70.76639333333334,,,,13465700.0,,31.4559748427673,,324592250000.0,,,27.3034819068453,79.60000666666667,,,,,,,,9.833333,-0.4599999999999991,2.34
1997-03-31 23:59:59.999999999,,6.77,4.94,6.0,-8.12918557202441,,99.6737579341137,canada,71.16144333333334,,,,13569800.0,,32.805770240023,654986999855.554,328941500000.0,,,28.7118782436294,81.07128999999999,,,,29905948.0,,,,9.433333,-0.29000000000000004,1.8299999999999992
1997-06-30 23:59:59.999999999,,6.34,4.66,5.62,-6.306767730225481,,100.686765713549,canada,71.37213666666666,,,,13690000.0,,32.6207344353867,,332643250000.0,,,30.0108515341134,82.01537,,,,,,,,9.3,-0.2400000000000002,1.6799999999999997
1997-09-30 23:59:59.999999999,,5.744,4.501,5.213,16.731314424526598,,101.070298897675,canada,71.55649333333334,,,,13815900.0,,32.9073686886618,,336586750000.0,,,30.5585580846932,83.45159,,,,,,,,8.866667,-0.18100000000000005,1.2429999999999994
1997-12-31 23:59:59.999999999,,5.615,5.047,5.353,-1.15276403036542,,100.458364202116,canada,71.50382,,,,13874900.0,,33.1215827182406,,339839500000.0,,,31.0570358665772,84.43426666666666,,,,,,,,8.766666,-0.043999999999999595,0.5680000000000005
1998-03-31 23:59:59.999999999,,5.373,4.914,5.169,2.7505148499777206,,100.804326897195,canada,71.89886,,,,13949400.0,,32.8327477070699,634000000000.0,344638000000.0,,,31.1841919427527,84.99875333333334,,,,30155173.0,,,,8.6,-0.05099999999999927,0.4590000000000005
1998-06-30 23:59:59.999999999,,5.355,5.213,5.295,0.7069953321956609,,99.8978946028285,canada,72.08321666666667,,,,14005800.0,,33.3433702732642,,344820500000.0,,,31.4958747321463,85.05294333333333,,,,,,,,8.333333,-0.021999999999999353,0.14200000000000035
1998-09-30 23:59:59.999999999,,4.961,4.879,4.781,4.03127981302088,,99.1577241799688,canada,72.16222666666667,,,,14140700.0,,33.942220025733,,347962500000.0,,,31.2721222914306,84.97660666666667,,,,,,,,8.2,0.27800000000000047,0.08200000000000074
1998-12-31 23:59:59.999999999,,4.909,4.703,4.745,-0.9878151955111558,,99.8754261671456,canada,72.29391,,,,14200000.0,,35.2699119870456,,352677250000.0,,,32.9247317240974,86.64383333333335,,,,,,,,8.033334,0.12199999999999989,0.20599999999999952
1999-03-31 23:59:59.999999999,,5.081,4.829,4.964,-1.44366302711395,,100.981802986069,canada,72.45192999999999,,,,14278700.0,,35.0267831508142,678412196271.118,359045000000.0,,,31.8381526598581,88.44595333333332,,,,30401286.0,,,,7.9,-0.018000000000000682,0.25200000000000067
1999-06-30 23:59:59.999999999,,5.473,5.093,5.351,2.86377425306887,,100.609195469609,canada,73.24203,,,,14373000.0,,34.490289406662,,362006250000.0,,,31.4135582172904,89.03078666666666,,,,,,,,7.9,-0.13600000000000012,0.3799999999999999
1999-09-30 23:59:59.999999999,,5.722,5.404,5.619,-3.64632870740425,,100.463078810147,canada,73.74242666666667,,,,14474600.0,,35.4608404124907,,367680500000.0,,,31.4432081213503,91.27704666666666,,,,,,,,7.5,-0.11199999999999921,0.3180000000000005
1999-12-31 23:59:59.999999999,,6.255,5.928,6.195,3.70278521814137,,100.650527285383,canada,74.00579333333333,,,,14611300.0,,36.0264671638866,,372831500000.0,,,32.4402202522988,93.12898666666666,,,,,,,,6.966667,-0.20700000000000074,0.32699999999999996
2000-03-31 23:59:59.999999999,,5.922,5.936,6.034,7.9853622503067605,79528250000.0,100.798468460955,canada,74.37450666666666,2.71943995691976,,,18.27,1.46035444669565,36.8558047744882,744773415931.587,378669000000.0,318113000000.0,189204500000.0,32.2436057963648,94.97113,6.02826086956522,5.0804347826087,225082000000.0,30685730.0,20440100.0,66.82956,2.03,6.866667,-0.20999999999999996,-0.014000000000000234
2000-06-30 23:59:59.999999999,,5.856,5.945,5.978,6.28241748167733,80404750000.0,101.103478883784,canada,75.03292333333333,,,,18.3233333333333,1.47670108727273,37.358710916751,383125.8,383125750000.0,321619000000.0,190842750000.0,32.6354679802956,96.38226,5.895454545454551,5.74772727272727,230062000000.0,,20511100.0,69.41068,2.2,6.666667,-0.15499999999999936,-0.08900000000000041
2000-09-30 23:59:59.999999999,,5.739,5.69,5.757,-9.29667740632021,80780750000.0,100.650395023368,canada,75.74401333333333,,,,18.2966666666667,1.48519488555,37.0477317948096,387053.0,387053000000.0,323123000000.0,193285750000.0,31.9238559131656,97.73073333333332,5.7295,5.7525,235280000000.0,,20578300.0,75.42291999999999,2.7,6.9,-0.08499999999999908,0.04899999999999949
2000-12-31 23:59:59.999999999,,5.399,5.261,5.324,-3.79512787637492,81273750000.0,99.7956248781473,canada,76.27074,,,,18.27,1.5224434587,38.1422215945202,387818.5,387818500000.0,325095000000.0,193721500000.0,32.3052044347151,98.27792,5.40210526315789,5.75,241495000000.0,,20642600.0,62.87749,3.05,6.9,0.012000000000000455,0.1379999999999999
2001-03-31 23:59:59.999999999,,5.408,4.705,5.084,-10.1065113215102,82314750000.0,100.111564617719,,2.76204,2.52512013979906,,,18.2366666666667,1.55839912240909,37.6486446060783,390001.5,390001.5,329259000000.0,195233750000.0,30.57565543462,19108472222.2222,5.30136363636364,5.0619,246074000000.0,31020855.0,20704700.0,54.83681,3.64,7.0,-0.05499999999999883,0.7030000000000003
2001-06-30 23:59:59.999999999,,5.903,5.038,5.607,1.43285249352854,83349000000.0,100.171292295179,,3.580204,,,,18.4966666666667,1.5244648591428602,36.1893378207241,391228.0,391228.0,333396000000.0,195586250000.0,30.7064517807886,18879444444.4444,5.71809523809524,4.492319047619048,250389000000.0,,20786800.0,55.11724,2.46,7.1,-0.2730000000000006,0.8649999999999993
2001-09-30 23:59:59.999999999,,5.336,3.668,4.65,-1.90962789078684,83588250000.0,99.5039382838153,,2.7121,,,,18.3533333333333,1.56669978435,33.8856203525804,390953.0,390953.0,334353000000.0,196123500000.0,29.6479464420568,18477444444.4444,5.30263157894737,3.72707894736842,259557000000.00003,,20859700.0,48.65707,1.35,7.166667,-0.29600000000000026,1.6680000000000001
2001-12-31 23:59:59.999999999,,5.357,3.15,4.617,0.413833483880651,83701500000.0,99.998930661906,,1.070442,,,,18.4566666666667,1.577009054,33.4606857038283,393297.8,393297.8,334806000000.0,198551500000.0,28.9649335200918,18216638888.8889,5.40842105263158,2.2413052631578902,269505000000.0,,20920500.0,52.62984,1.05,7.633333,-0.7269999999999999,2.2070000000000003
2002-03-31 23:59:59.999999999,,5.787,4.492,5.283,1.15980796006678,84283500000.0,101.458577300004,,1.550655,2.25839440940855,,,18.4666666666667,1.5861408127619,33.3842090727059,399048.5,399048.5,337134000000.0,201565500000.0,29.0474349237036,18914916666.666702,5.667000000000001,1.993885,274278000000.00003,31359199.0,20993400.0,54.83158,2.37,7.933333,-0.2870000000000008,1.295
2002-06-30 23:59:59.999999999,,5.433,3.927,4.744,-3.7377203688801606,84628250000.0,101.575082927993,,1.355473,,,,18.5133333333333,1.53095145545,33.1752638520202,401406.3,401406.3,338513000000.0,204148750000.0,29.2211769705842,19158583333.333298,5.424,2.48379,277003000000.0,,21074800.0,50.9911,1.77,7.7,-0.12799999999999967,1.5059999999999998
2002-09-30 23:59:59.999999999,,4.901,3.334,4.142,-8.402746550618339,85463750000.0,100.92247267469,,2.335816,,,,18.62,1.5746910927618998,33.3371091829549,404877.3,404877.3,341855000000.0,204583500000.0,29.5385601722053,19112027777.7778,4.8855,2.745535,282817000000.0,,21138300.0,44.37339,1.33,7.533333,-0.04900000000000082,1.5669999999999997
2002-12-31 23:59:59.999999999,102.6646,4.796,3.093,3.962,-1.9116556221834902,86111500000.0,100.725876136195,,3.792279,,97.86859999999999,,18.8733333333333,1.55872269515789,32.9397928390833,407101.0,407101.0,344446000000.0,206607500000.0,29.1210831090449,18802083333.333298,4.9675,2.7430000000000003,283074000000.0,,21186000.0,46.06395,1.18,7.566667,-0.03500000000000014,1.7030000000000003
2003-03-31 23:59:59.999999999,101.7391,5.083,3.756,4.408,6.18819751225536,87055750000.0,100.624672364772,,4.479131,2.75856321360112,96.6561,-1.2124999999999915,18.8833333333333,1.4752132502381,32.2503055784873,409366.0,409366.0,348223000000.0,207538250000.0,28.1394589820877,18670972222.2222,4.99714285714286,2.98250952380952,283057000000.0,31642461.0,21239700.0,44.45478,1.07,7.466667,0.022999999999999243,1.3270000000000004
2003-06-30 23:59:59.999999999,107.0444,4.453,3.018,3.613,3.87339486630907,87365500000.0,100.693847225043,,2.774992,,102.5914,5.935299999999998,19.3033333333333,1.35173424066667,30.0641178941926,408772.3,408772.3,349462000000.0,209287750000.0,27.4635297159293,18576805555.5556,4.28809523809524,3.2439238095238103,286165000000.0,,21309800.0,49.01316,0.22,7.666667,0.2450000000000001,1.4350000000000005
2003-09-30 23:59:59.999999999,109.055,4.562,2.965,3.775,8.78051271382776,87591000000.0,100.886044622355,,2.084023,,104.49300000000001,1.9016000000000162,19.6,1.36345263422727,29.7910825433761,410300.5,410300.5,350364000000.0,211121500000.0,25.7450711120436,18605194444.4444,4.757142857142861,2.75954761904762,294963000000.0,,21373100.0,52.77692,1.59,7.8,-0.022999999999999687,1.5970000000000004
2003-12-31 23:59:59.999999999,110.5767,4.658,2.967,3.911,-3.0532582840072995,88279750000.0,101.198833652801,,1.7445689999999998,,105.9187,1.425699999999992,19.8333333333333,1.31215870195238,29.4262792210445,413121.0,413121.0,353119000000.0,211375000000.0,25.8410035792735,19070944444.4444,4.729047619047621,2.748176190476189,297280000000.0,,21427800.0,56.14394,1.69,7.433333,-0.19699999999999962,1.6910000000000003
2004-03-31 23:59:59.999999999,114.2131,4.327,2.435,3.354,18.0709771006999,88850000000.0,101.180321239573,,0.9093862,1.85725871857256,109.8861,3.967399999999998,20.0266666666667,1.32795310113043,30.0541267813389,416125.0,416125.0,355400000000.0,214067750000.0,25.6764304714646,18910444444.4444,4.260434782608701,2.25863913043478,306122000000.0,31938807.0,21488900.0,60.08792,2.03,7.3,0.053999999999999826,1.892
2004-06-30 23:59:59.999999999,112.097,4.84,3.239,4.095,20.627639348628303,88690250000.0,100.63724969582,,2.212101,,107.25699999999999,-2.629100000000008,19.9633333333333,1.35804805781818,32.3965401446224,421055.5,421055.5,354761000000.0,215016250000.0,27.3772802428645,19023555555.5556,4.93272727272727,1.99920909090909,315344000000.0,,21561400.0,58.80555,2.64,7.166667,-0.11099999999999977,1.601
2004-09-30 23:59:59.999999999,115.3154,4.622,3.289,4.034,-7.15345977255952,89419250000.0,100.996372490104,,2.009073,,110.6934,3.436400000000006,19.8366666666667,1.28748604195455,31.2839849646314,426033.8,426033.8,357677000000.0,217061500000.0,27.0965164116376,19214138888.8889,4.60238095238095,2.20042380952381,316179000000.0,,21629800.0,59.22698,2.27,7.0,-0.15699999999999958,1.3329999999999997
2004-12-31 23:59:59.999999999,119.3835,4.306,3.0,3.679,-1.28804407251164,89903250000.0,101.164153020131,,2.296991,,115.0775,4.384100000000004,20.3166666666667,1.2179425717826102,29.7365772303011,429108.5,429108.5,359613000000.0,218868750000.0,26.3998888141148,19237916666.666702,4.320476190476192,2.49874761904762,321653000000.0,,21684700.0,63.723780000000005,2.14,7.133333,-0.0519999999999996,1.306
2005-03-31 23:59:59.999999999,120.642,4.32,3.275,3.748,-2.66772038519844,89421750000.0,101.30875902649,,2.124236,2.21355203439768,116.322,1.2445000000000022,20.52,1.21538963243478,30.0058826768208,430611.3,430611.3,357687000000.0,221979750000.0,27.0039787759975,19457166666.666702,4.35818181818182,2.48621818181818,328193000000.0,32242732.0,21749800.0,67.57674,0.81,6.933333,0.09899999999999975,1.0450000000000004
2005-06-30 23:59:59.999999999,125.93,3.751,2.839,3.166,2.0608750297744503,89738000000.0,101.219781935495,,1.909612,,122.179,5.856999999999999,20.5266666666667,1.24034910831818,30.4209464364308,433723.5,433723.5,358952000000.0,223920000000.0,27.2926705191739,19375277777.7778,3.82818181818182,2.4932136363636404,333710000000.0,,21827200.0,68.76427,1.0,6.8333330000000005,0.258,0.9119999999999999
2005-09-30 23:59:59.999999999,126.3934,3.968,3.36,3.63,2.28626540822773,90245500000.0,99.9708163735514,,2.604828,,122.4254,0.24639999999999418,20.6166666666667,1.1779826223636398,30.6435108894134,438979.8,438979.8,360982000000.0,225459250000.0,26.5001614483588,19425166666.666702,3.868571428571431,2.706419047619049,335806000000.0,,21900500.0,76.09395999999998,2.13,6.7,0.06800000000000006,0.6080000000000001
2005-12-31 23:59:59.999999999,126.9291,3.979,3.858,3.922,41.4356185464493,91251000000.0,100.892517761001,,2.213789,,122.9501,0.5247000000000099,20.5933333333333,1.162057111,31.6519535386366,443339.5,443339.5,365004000000.0,227629750000.0,26.3974749495725,19568333333.333298,4.041,3.197755,340190000000.0,,21955600.0,77.82488999999998,3.34,6.533333,-0.007000000000000117,0.121
2006-03-31 23:59:59.999999999,126.3519,4.262,3.992,4.157,9.56982892450478,91616250000.0,101.532846400297,,2.363694,2.00202539534162,122.0899,-0.8602000000000061,20.5,1.15732184304348,30.0610840108401,446939.0,446939.0,366465000000.0,230819000000.0,26.2775067750678,19719083333.333298,4.199565217391299,3.65477826086957,350940000000.0,32571193.0,22013800.0,83.49016999999996,1.77,6.6,-0.0600000000000005,0.2699999999999996
2006-06-30 23:59:59.999999999,125.3482,4.584,4.405,4.473,-1.87394427391307,92593750000.0,101.399634035339,,2.560899,,120.7642,-1.3256999999999977,20.3233333333333,1.11409280713636,29.1717268748709,447162.5,447162.5,370375000000.0,232868750000.0,26.5509728211142,19258333333.333298,4.44136363636364,4.23559090909091,359272000000.0,,22083000.0,79.09191,1.13,6.3333330000000005,0.04300000000000015,0.17899999999999938
2006-09-30 23:59:59.999999999,131.173,4.001,3.906,3.902,-6.32267843707404,92894250000.0,101.100233551523,,1.733746,,127.172,6.407799999999995,20.5366666666667,1.11611179271429,29.1057427026797,448421.3,448421.3,371577000000.0,235332500000.0,26.7885677530473,18868722222.2222,4.06857142857143,4.24365,367115000000.0,,22152200.0,82.20487,1.25,6.5,0.1030000000000002,0.0950000000000002
2006-12-31 23:59:59.999999999,132.4438,4.086,4.028,3.993,-2.4198667545881603,93476750000.0,101.420084997835,,1.361386,,128.3578,1.1858000000000004,20.77,1.15297758019048,29.3688257708792,450207.0,450207.0,373907000000.0,237703750000.0,26.4971441095775,18596305555.5556,3.966315789473681,4.253321052631581,376251000000.0,,22207200.0,89.5492,1.31,6.366667,0.1280000000000001,0.05800000000000072
2007-03-31 23:59:59.999999999,133.7998,4.113,3.982,4.016,22.7284516352911,93851250000.0,101.479085231662,,1.816502,2.13838399266837,129.6868,1.3290000000000077,21.0266666666667,1.16868522513636,30.1030197585951,453080.3,453080.3,375405000000.0,239562500000.0,26.8005449577192,18673388888.8889,4.04590909090909,4.23000909090909,384263000000.0,32888886.0,22257900.0,90.84308,0.95,6.3333330000000005,0.06300000000000061,0.13100000000000023
2007-06-30 23:59:59.999999999,130.8737,4.555,4.589,4.559,4.69707516683154,94290250000.0,101.342392606617,,2.192448,,126.3187,-3.3680999999999983,21.6233333333333,1.06607575242857,29.5542340157249,457455.8,457455.8,377161000000.0,243147000000.0,26.0639142667949,18689222222.2222,4.612857142857139,4.25049523809524,393690000000.0,,22319800.0,97.18142,1.42,6.2,0.0259999999999998,-0.034000000000000696
2007-09-30 23:59:59.999999999,131.646,4.344,4.081,4.212,5.41582791559677,95605500000.0,101.55294522604,,2.13025,,127.30199999999999,0.9832999999999856,21.6066666666667,1.02635048055,27.8733548723083,459169.8,459169.8,382422000000.0,245408750000.0,25.7215303795612,18449750000.0,4.356315789473681,4.444547368421048,402146000000.0,,22385500.0,96.61527,0.24,6.0,0.0010000000000012221,0.2629999999999999
2007-12-31 23:59:59.999999999,133.8259,3.99,3.749,3.873,3.7324540349251603,95638000000.0,101.201658815453,,2.411477,,129.83589999999998,2.5338999999999885,22.2466666666667,1.0018955773,26.7075514737228,459773.3,459773.3,382552000000.0,249944000000.0,24.719153784213,18201611111.11109,4.01578947368421,4.27504736842105,402643000000.0,,22439000.0,95.35424,0.51,6.1,-0.007000000000000117,0.2410000000000001
2008-03-31 23:59:59.999999999,136.361,3.44,2.624,2.913,-8.43510004635274,96494250000.0,100.610260255454,,1.7840939999999998,2.37027067444298,132.921,3.0851000000000113,22.4233333333333,1.00299197842857,27.8383627639718,460118.3,460118.3,385977000000.0,252062250000.0,25.1139439661491,17681027777.777798,3.509,3.510385,411393000000.0,33247298.0,22491000.0,92.21645,0.93,6.133333,0.23800000000000043,0.8159999999999998
2008-06-30 23:59:59.999999999,135.9584,3.734,3.245,3.458,-4.95703220611701,98600250000.0,98.7331422800494,,2.353993,,132.2244,-0.6965999999999894,22.08,1.01638095238095,29.6223549105546,461794.8,461794.8,394401000000.0,252579750000.0,26.0561519641742,17780722222.222202,3.76,2.9950380952381,424607000000.0,,22563400.0,102.6479,1.21,6.166667,0.06299999999999972,0.4889999999999999
2008-09-30 23:59:59.999999999,133.445,3.757,2.777,3.156,-7.02826830581167,98564500000.0,98.524408788312,,3.4266980000000005,,129.688,-2.5364000000000146,21.5833333333333,1.0586818181818198,30.4286779910676,465589.5,465589.5,394258000000.0,252816250000.0,26.407012756475,17640250000.0,3.54095238095238,2.9939714285714305,435155000000.0,,22630000.0,87.24745,0.94,6.233333,0.22199999999999998,0.98
2008-12-31 23:59:59.999999999,133.8786,2.684,1.095,1.694,-4.84624366739651,99993250000.0,96.8925006310827,,1.907601,,131.1946,1.5066000000000201,21.91,1.2371,28.7625485821307,460187.3,460187.3,399973000000.0,249857000000.0,27.1947510297064,16807000000.0,2.9457142857142906,1.7110380952381,451954000000.0,,22684800.0,58.98987,-2.7,6.7,0.39100000000000024,1.5890000000000002
2009-03-31 23:59:59.999999999,138.2955,2.782,1.078,1.751,9.04706756780116,100003000000.0,97.1550565252642,,1.247772,0.299466803009305,135.5135,4.318899999999985,21.22,1.26413636363636,23.9024371448827,449802.8,449802.8,400012000000.0,249020500000.0,24.0686551522188,15366805555.5556,2.885909090909089,0.5153954545454551,459321000000.0,33630069.0,22739800.0,57.98178000000001,-2.78,8.0,0.3580000000000003,1.704
2009-06-30 23:59:59.999999999,146.0639,3.364,1.212,2.468,2.29253020548549,100787500000.0,98.494204789789,,0.05822416,,142.69989999999999,7.186399999999992,20.73,1.12617272727273,22.1359933044363,444950.8,444950.8,403150000000.0,250923000000.0,22.7093526071884,14749777777.7778,3.459090909090909,0.2441227272727269,472537000000.0,,22809600.0,72.33576999999998,-2.8,8.633333,-0.3600000000000001,2.152
2009-09-30 23:59:59.999999999,152.4474,3.314,1.269,2.58,13.259613989834198,101321750000.0,99.5254830133674,,-0.8643041999999999,,149.1334,6.433500000000009,20.7,1.08104545454545,22.8076105729614,446940.8,446940.8,405287000000.0,253324250000.0,23.2399529569035,14886027777.7778,3.36571428571429,0.2394809523809519,491861000000.0,,22877900.0,78.41675999999998,-3.36,8.666667,-0.5770000000000002,2.045
2009-12-31 23:59:59.999999999,154.3059,3.613,1.475,2.768,0.7104697997227221,102153250000.0,99.81849622075,,0.7897045999999999,,150.6929,1.559500000000014,20.84,1.05469565217391,22.7350387046657,452133.8,452133.8,408613000000.0,254903500000.0,22.994269376531,15106888888.8889,3.41619047619048,0.243090476190476,506972000000.0,,22927500.0,80.86482999999998,-2.74,8.599999999999998,-0.4479999999999995,2.138
2010-03-31 23:59:59.999999999,157.669,3.569,1.737,2.899,12.2017421382089,103068500000.0,100.217153649708,,1.61385,1.77687154092627,154.10000000000002,3.407100000000014,21.56,1.02304347826087,23.456088445967,457611.5,457611.5,412274000000.0,257744500000.00003,23.3559200794145,15479416666.6667,3.4904347826087005,0.244539130434783,519057000000.0,34005902.0,22977000.0,83.45537,-3.21,8.366666999999998,-0.492,1.8319999999999999
2010-06-30 23:59:59.999999999,160.523,3.081,1.393,2.325,-2.48011251191388,102951250000.0,99.6107481978856,,1.396567,,157.442,3.3419999999999845,21.4166666666667,1.03809090909091,24.0527933028477,460007.8,460007.8,411805000000.0,259960250000.0,24.382739348189,15771972222.2222,3.2977272727272706,0.4918909090909089,532427000000.0,,23044700.0,81.45685,-3.47,8.133333,-0.17600000000000038,1.688
2010-09-30 23:59:59.999999999,165.9248,2.758,1.378,2.025,8.268931531526329,103315750000.0,99.1517663246686,,1.830863,,163.1668,5.724799999999988,22.35,1.03286363636364,23.7555573169238,463228.0,463228.0,413263000000.0,262054250000.00003,24.873289571339,15846000000.0,2.881428571428569,0.9511714285714292,540594000000.00006,,23107100.0,84.8238,-4.71,8.199999999999998,0.08600000000000008,1.3800000000000001
2010-12-31 23:59:59.999999999,164.9299,3.122,1.68,2.42,23.2781332026547,104031500000.0,99.6077958009433,,2.263494,,161.80790000000002,-1.3588999999999771,22.3066666666667,1.00769565217391,24.4796620489108,468424.5,468424.5,416126000000.0,264563000000.0,24.3007191098929,15753944444.4444,3.2047619047619,0.9971714285714292,550280000000.0,,23147300.0,92.64738,-2.68,7.933333,-0.038000000000000034,1.442
2011-03-31 23:59:59.999999999,165.2237,3.35,1.831,2.774,19.666198284963397,104115250000.0,99.8860985248203,,2.598903,2.91213508872347,161.8737,0.06579999999999586,22.4833333333333,0.976695652173913,24.6292417742262,471992.0,471992.0,416461000000.0,265141000000.00003,24.8506518016608,16027944444.4444,3.26652173913043,0.99414347826087,558922000000.0,34339221.0,23179000.0,97.16712,-2.84,7.8,-0.367,1.5190000000000001
2011-06-30 23:59:59.999999999,169.2805,3.11,1.594,2.332,1.4942423132141798,104509500000.0,99.5346772558782,,3.357245,,166.17049999999998,4.296799999999962,22.6533333333333,0.9772272727272728,24.3717539884036,472848.8,472848.8,418038000000.0,266356750000.0,25.031786763887,16055250000.0,2.98772727272727,0.997581818181818,567932000000.0,,23217700.0,91.54075,-3.18,7.733333,0.04000000000000026,1.5159999999999998
2011-09-30 23:59:59.999999999,174.6888,2.155,0.886,1.396,-5.25261968369724,104965000000.0,98.7472249302584,,2.996575,,172.53379999999999,6.3633000000000095,22.34,1.0018181818181802,25.6954956690418,479318.5,479318.5,419860000000.0,267503500000.0,25.2082600680499,16335916666.6667,2.196666666666669,0.998304761904762,588000000000.0,,23255500.0,84.74576,-2.51,7.433333,0.249,1.2689999999999997
2011-12-31 23:59:59.999999999,177.1937,1.941,0.956,1.276,8.3860339404818,105195000000.0,98.5758830695748,,2.6958,,175.2527,2.718900000000019,22.9366666666667,1.02318181818182,25.9844430959342,483127.8,483127.8,420780000000.0,269105250000.0,25.6023169857119,16609638888.8889,1.992,0.99917,596155000000.0,,23284900.0,82.75748,-2.44,7.533333,0.345,0.9850000000000001
2012-03-31 23:59:59.999999999,179.8058,2.111,1.197,1.572,-6.6652877999179605,105334250000.0,98.9864059602924,,2.3360540000000003,1.51567823124525,177.69480000000001,2.4421000000000106,22.87,0.993454545454545,25.5511040592358,483432.8,483432.8,421337000000.0,270614250000.00003,25.5838732425404,16579333333.3333,2.10681818181818,0.9996909090909092,611193000000.0,34713395.0,23311500.0,86.92336999999996,-3.08,7.566667,0.16400000000000015,0.9140000000000001
2012-06-30 23:59:59.999999999,181.6038,1.739,1.026,1.246,10.4766299571377,105047500000.0,98.9756753519117,,1.582454,,179.8648,2.1699999999999875,23.2666666666667,1.0277619047619,25.19443821386,485004.3,485004.3,420190000000.0,270987750000.0,25.6690768033144,16614000000.0,1.74761904761905,1.00080476190476,632008000000.0,,23355400.0,80.17008,-3.62,7.466667,0.27300000000000013,0.7130000000000001
2012-09-30 23:59:59.999999999,186.1302,1.728,1.063,1.294,0.275810483237466,105698750000.0,99.23311534894,,1.219174,,184.4022,4.537399999999991,23.5033333333333,0.9783,24.3755503551771,485668.0,485668.0,422795000000.0,272643500000.00003,25.2086815729615,16478694444.4444,1.8378947368421097,1.0006842105263198,636174000000.0,,23389800.0,85.56170999999999,-3.77,7.366666999999999,0.20299999999999985,0.665
2012-12-31 23:59:59.999999999,187.8385,1.798,1.141,1.382,-8.092352292943241,105627500000.0,99.2824670632895,,0.939486,,186.0405,1.6383000000000152,23.3666666666667,0.9895714285714292,24.5322071251323,486667.5,486667.5,422510000000.0,274114500000.00003,24.7016155621497,16206972222.2222,1.76789473684211,1.00036315789474,645790000000.0,,23416900.0,85.765,-3.18,7.366666999999999,0.17500000000000027,0.657
2013-03-31 23:59:59.999999999,191.157,1.872,1.002,1.299,0.5591515988669,104522250000.0,99.2072166561933,,0.9075907,0.938291897815245,189.285,3.244499999999988,23.4733333333333,1.02409523809524,24.8839008463143,491023.8,491023.8,418089000000.0,275949750000.0,24.9980712302141,16351222222.2222,1.8515,1.00565,669691000000.0,35080992.0,23438500.0,89.09896999999998,-3.22,7.166667,0.27600000000000025,0.8700000000000001
2013-06-30 23:59:59.999999999,187.9439,2.439,1.221,1.799,-10.400726836818,104056750000.0,99.4447699919021,,0.7652364,,185.50490000000002,-3.780099999999976,23.3966666666667,1.031325,24.8005928149807,493851.5,493851.5,416227000000.0,278480750000.0,24.9084698758396,16288666666.6667,2.2445,1.010085,676324000000.0,,23479700.0,85.23156999999999,-3.27,7.166667,0.06200000000000028,1.218
2013-09-30 23:59:59.999999999,188.9295,2.543,1.193,1.861,1.9403923764878601,104578000000.0,100.027136320703,,1.14974,,186.38649999999998,0.8815999999999633,23.2433333333333,1.03522380952381,24.5405317219786,497912.5,497912.5,418312000000.0,280429000000.0,25.0342496554119,16372000000.0,2.698,0.99782,687343000000.0,,23512200.0,89.34368,-2.98,7.233333,0.014000000000000234,1.35
2013-12-31 23:59:59.999999999,190.6917,2.759,1.137,1.943,-6.66631820554404,105221000000.0,99.5625288930309,,0.9307418,,187.9327,1.5462000000000273,22.86,1.06354090909091,25.0139152997945,503123.5,503123.5,420884000000.0,282100750000.0,25.0778325653191,16595861111.1111,2.6735,1.001315,705300000000.0,,23532700.0,93.14001,-3.25,7.266667,0.009999999999999787,1.6219999999999999
2014-03-31 23:59:59.999999999,195.6234,2.458,1.068,1.706,-5.1904487158028205,105524250000.0,99.9271614531509,,1.390025,1.90663590717867,193.1654,5.232699999999994,22.6766666666667,1.11068571428571,25.6861486809965,503973.8,503973.8,422097000000.0,282902000000.0,25.1459979668461,16584833333.3333,2.4542857142857097,0.996480952380952,717899000000.0,35434066.0,23552300.0,99.59733,-2.53,7.233333,0.11400000000000032,1.3900000000000001
2014-06-30 23:59:59.999999999,198.6295,2.237,1.105,1.528,2.34355152747468,105129750000.0,99.9396200002889,,2.22403,,196.3925,3.227100000000007,23.0433333333333,1.08258095238095,26.7461542020636,508567.8,508567.8,420519000000.0,285482500000.0,25.892585209042,16839250000.0,2.2985714285714303,0.9998714285714292,725893000000.0,,23594600.0,104.3338,,7.2,0.28600000000000003,1.1320000000000001
2014-09-30 23:59:59.999999999,199.8809,2.146,1.124,1.626,6.75021529092435,105177750000.0,99.857836520462,,2.0838970000000003,,197.7349,1.3423999999999978,23.83,1.1007136363636398,26.6008406032003,513442.8,513442.8,420711000000.0,287607500000.0,25.6312270582066,17023055555.5556,2.18095238095238,0.9993333333333329,740468000000.0,,23612600.0,107.1606,,7.033333,0.018000000000000238,1.0219999999999998
2014-12-31 23:59:59.999999999,202.8516,1.788,1.012,1.336,-0.58838002715254,104859500000.0,99.9225179169311,,1.925685,,201.06359999999998,3.3286999999999694,24.1633333333333,1.15436956521739,26.5771441509794,516991.5,516991.5,419438000000.0,289764750000.0,26.0216570073448,17121500000.0,1.85190476190476,1.00460952380952,753656000000.0,,23617700.0,100.1089,,6.766667,0.1279999999999999,0.776
2015-03-31 23:59:59.999999999,209.2807,1.357,0.506,0.763,4.4579503621460095,106288250000.0,99.8978521859411,,1.075269,1.12524136094278,207.9237,6.860100000000017,24.0466666666667,1.2612045454545502,26.1112130222245,514113.0,514113.0,425153000000.0,290256250000.0,26.7210603235398,17029888888.8889,1.42136363636364,0.757040909090909,766809000000.0,35704498.0,23616300.0,104.0623,,6.866667,0.33699999999999997,0.851
2015-06-30 23:59:59.999999999,207.5377,1.683,0.484,0.817,12.7743430452548,106399750000.0,99.7141504952912,,0.902096,,205.8547,-2.0689999999999884,24.5833333333333,1.2357636363636395,25.8966809745481,512709.5,512709.5,425599000000.0,291815000000.0,26.7200088668561,16937305555.5556,1.78,0.7446772727272729,781445000000.0,,23638800.0,103.4648,,6.933333,0.5330000000000001,1.199
2015-09-30 23:59:59.999999999,207.1734,1.432,0.519,0.8,-8.97586430157032,107017000000.0,99.2654984974921,,1.193001,,205.7414,-0.1133000000000095,24.3366666666667,1.32664090909091,27.136317111008,514545.5,514545.5,428068000000.0,294017500000.0,27.1133270427175,17018527777.7778,1.4814285714285702,0.5008047619047619,806454000000.0,,23668700.0,93.99223,,7.066667,0.35099999999999987,0.9129999999999999
2015-12-31 23:59:59.999999999,208.2855,1.394,0.481,0.731,12.3177934356003,106720250000.0,99.0062359930811,,1.330495,,206.8915,1.150100000000009,24.9666666666667,1.3717043478260902,26.1663520244216,514886.5,514886.5,426881000000.0,296259750000.0,27.1885644280206,16961583333.3333,1.45952380952381,0.5130333333333329,815904000000.0,,23689300.0,91.58231,,7.133333,0.4129999999999999,0.9129999999999999
2016-03-31 23:59:59.999999999,210.8757,1.227,0.542,0.678,6.39170535543516,107595000000.0,98.9658300072987,,1.542553,1.42875954701085,209.6487,2.757199999999983,24.8733333333333,1.3211695652173898,26.0118293451827,517933.0,517933.0,430380000000.0,296652000000.0,26.8888622011389,16998916666.6667,1.26818181818182,0.4986363636363639,831456000000.0,36110803.0,23723200.0,93.31869,,7.233333,0.41300000000000003,0.685
2016-06-30 23:59:59.999999999,215.4948,1.061,0.518,0.573,-3.6854277825832797,108741000000.0,99.8699491065694,,1.551407,,214.4338,4.7851,24.41,1.2887,24.3779093695184,515353.0,515353.0,434964000000.0,298062000000.0,26.1283259213087,16902472222.2222,1.16818181818182,0.5069,844136000000.0,,23766000.0,97.93118,,7.133333,0.43300000000000005,0.5429999999999999
2016-09-30 23:59:59.999999999,218.9431,0.996,0.521,0.619,5.533605395986281,108719500000.0,99.8583060944461,,1.231333,,217.94709999999998,3.5132999999999868,24.86,1.30972272727273,25.5151664030028,520701.3,520701.3,434878000000.0,300092500000.0,26.533354295428,16929944444.4444,1.08619047619048,0.4993809523809519,875802000000.0,,23809300.0,102.1077,,6.966667,0.279,0.475
2016-12-31 23:59:59.999999999,216.1213,1.721,0.747,1.114,-9.40016298513695,108949500000.0,99.9844723520548,,1.391807,,214.4003,-3.5467999999999904,25.16,1.33537727272727,26.1276926919078,523622.5,523622.5,435798000000.0,302211500000.0,25.7706224336301,16931388888.8889,1.732,0.495425,895146000000.0,,23838900.0,106.4306,,6.866667,0.23999999999999988,0.9740000000000001
2017-03-31 23:59:59.999999999,219.8459,1.625,0.748,1.119,-4.15442286098246,110030500000.0,100.565691321027,,1.911996,1.5968841285297,218.2209,3.820600000000013,25.68,1.33834782608696,26.3390937537359,530210.8,530210.8,440122000000.0,305399750000.0,26.1040405171285,17155305555.5556,1.7143478260869598,0.4950434782608699,915745000000.0,36545075.0,23881100.0,108.2026,,6.733333,0.135,0.877
2017-06-30 23:59:59.999999999,220.9143,1.762,1.103,1.393,-0.00618138469219395,110186500000.0,100.778493614804,,1.320559,,219.1523,0.9313999999999965,25.56,1.3298045454545502,26.4227002563356,535791.5,535791.5,440746000000.0,309308750000.0,27.0647975136384,17389361111.1111,1.50272727272727,0.4941045454545449,944515000000.0,,23936300.0,106.7628,,6.533333,0.07899999999999996,0.659
2017-09-30 23:59:59.999999999,218.6122,2.099,1.517,1.753,-1.25459344962051,111010000000.0,101.020944537476,,1.371636,,216.5132,-2.639099999999985,25.5133333333333,1.22879047619048,24.2043149720416,535959.8,535959.8,444040000000.0,312276000000.0,25.6802281496644,17161694444.4444,2.0495,0.97019,945972000000.0,,23995100.0,106.5621,,6.233333,0.11000000000000032,0.5820000000000003
2017-12-31 23:59:59.999999999,222.1203,2.045,1.689,1.866,0.31648205716355393,111957000000.0,101.895135929787,,1.787102,,220.0753,3.5620999999999867,25.45,1.27694285714286,25.1015280982058,538679.0,538679.0,447828000000.0,314078500000.0,26.1752099554526,17396638888.8889,1.91526315789474,0.9960789473684208,961536000000.0,,24043500.0,112.2785,,6.166667,0.0019999999999997797,0.35599999999999987
2018-03-31 23:59:59.999999999,222.3807,2.091,1.775,1.969,2.87083141389427,113025750000.0,,,2.056027,2.26822567248104,220.28969999999998,0.2143999999999835,25.35,1.293,25.3507549382257,544941.3,544941.3,452103000000.0,316185000000.0,26.3821323130959,17640583333.333298,2.188571428571429,1.2394,958880000000.0,37072620.0,24106400.0,107.9901,,5.9,-0.07200000000000006,0.3160000000000003
2018-06-30 23:59:59.999999999,223.3823,2.168,1.914,2.068,-0.9591915244203492,114171500000.0,,,2.300025,,221.21429999999998,0.9245999999999981,24.9333333333333,1.31239047619048,26.5056060798154,549192.0,549192.0,456686000000.0,318038250000.0,26.955985264733,17813833333.333298,2.20904761904762,1.2481,982117000000.0,,24181400.0,113.3493,,5.9,-0.05400000000000005,0.2540000000000002
2018-09-30 23:59:59.999999999,222.579,2.427,2.214,2.341,6.574083437743179,114565500000.0,,,2.680623,,220.15200000000002,-1.062299999999965,25.1033333333333,1.3037450000000002,26.7467214885487,551962.3,551962.3,458262000000.0,319789750000.0,26.6776983309074,17838722222.222202,2.35368421052632,1.49646315789474,994153000000.0,,24231500.0,112.5069,,5.9,-0.04100000000000037,0.21300000000000008
2018-12-31 23:59:59.999999999,224.2245,1.967,1.863,1.888,0.879864753739354,115359000000.0,,,2.035623,,222.2575,2.105499999999978,25.9166666666667,1.3446809523809498,25.9200612354758,553262.5,553262.5,461436000000.0,319835500000.0,26.5938839637809,17816194444.4444,2.05789473684211,1.74997368421053,1025416000000.0,,24266100.0,100.9393,,5.633333,0.05400000000000027,0.10400000000000009
2019-03-31 23:59:59.999999999,233.3579,1.617,1.549,1.519,-0.9441037703670664,114848250000.0,,,1.611685,1.94926902411596,231.7409,9.483400000000017,25.8066666666667,1.33681904761905,25.1590542074792,554594.0,554594.0,459393000000.0,321565500000.0,27.048435549726,17774527777.777798,1.71238095238095,1.74693333333333,993962000000.0,37618495.0,24295300.0,112.4168,,5.766667,0.1280000000000001,0.06800000000000006
2019-06-30 23:59:59.999999999,239.5538,1.466,1.474,1.393,-4.5402174030242906,114767750000.0,,,2.148389,,238.0878,6.346899999999977,25.9766666666667,1.32873,26.544061435218,560665.5,560665.5,459071000000.0,322350750000.0,26.4184236470242,17856833333.333298,1.4625,1.742595,1029835000000.0,,24349900.0,113.8331,,5.6,0.15399999999999991,-0.008000000000000007
2019-09-30 23:59:59.999999999,241.8317,1.361,1.58,1.398,-10.64664788826517,115702000000.0,,,1.939334,,240.47070000000002,2.382900000000035,26.0966666666667,1.32430952380952,25.7026552696346,562233.3,562233.3,462808000000.0,323893000000.0,25.7662770250371,17721777777.777798,1.364,1.74658,1063172000000.0,,24434100.0,116.2679,,5.666667,0.14500000000000024,-0.21900000000000008
2019-12-31 23:59:59.999999999,242.0765,1.702,1.697,1.687,9.579232894985587,116739250000.0,,,2.094763,,240.3745,-0.09620000000001028,26.5566666666667,1.3170363636363602,24.9629816218645,563838.5,563838.5,466957000000.0,326216000000.0,24.8812688708629,17596861111.1111,1.6045,1.74805,1100753000000.0,,24500000.0,118.7978,,5.7,0.02499999999999991,0.004999999999999893
2020-03-31 23:59:59.999999999,235.929,0.697,0.425,0.586,-18.956476332153407,116599500000.0,,,1.80917,0.716999632307807,235.232,-5.1425000000000125,26.6466666666667,1.39525,24.8993713330676,552844.0,552844.0,466398000000.0,319451500000.0,25.2183376340026,16901500000.0,0.8190909090909091,0.953381818181818,1139676000000.0,38028638.0,24559300.0,95.94145,,6.6,-0.04999999999999999,0.27199999999999996
2020-06-30 23:59:59.999999999,254.3081,0.528,0.292,0.369,1.7957381827010173,112400750000.0,,,0.02445586,,253.7801,18.548100000000005,26.6566666666667,1.3550318181818202,21.0455511396218,492031.5,492031.5,449603000000.0,274286750000.0,22.2362262219162,14096944444.4444,0.561363636363636,0.238577272727273,1280465000000.0,,24590000.0,107.9628,,13.5,0.08200000000000002,0.23600000000000004
2020-09-30 23:59:59.999999999,257.8012,0.561,0.247,0.356,7.918229076080393,118655250000.0,,,0.2682927,,257.2402,3.4601000000000113,26.7966666666667,1.32217727272727,23.9622984183284,536725.3,536725.3,474621000000.0,308820000000.0,25.1988084491143,16659888888.8889,0.5595238095238101,0.228038095238095,1361606000000.0,,24610400.0,113.2146,,10.03333,0.09600000000000009,0.31400000000000006
2020-12-31 23:59:59.999999999,262.4344,0.677,0.201,0.392,0.3281757653138587,120252250000.0,,,0.7816315999999999,,261.75739999999996,4.517199999999946,27.5633333333333,1.2810086956521698,23.9241472657436,546807.0,546807.0,481009000000.0,310494250000.0,25.0088777342993,17046000000.0,0.730952380952381,0.1993,1414341000000.0,,24597800.0,122.2525,,8.833332999999998,0.09400000000000003,0.47600000000000003
2021-03-31 23:59:59.999999999,253.689,1.558,0.226,0.995,15.612658837062911,121976750000.0,,,1.436222,3.39519318527533,252.131,-9.626399999999961,27.88,1.25737391304348,25.0279611188414,556122.3,556122.3,487907000000.0,311390500000.0,24.5562411795229,17204638888.8889,1.49652173913043,0.180426086956522,1448999000000.0,38239864.0,24583300.0,130.1205,,8.466666,-0.20599999999999993,1.332
2021-06-30 23:59:59.999999999,256.7674,1.389,0.45,0.98,1.6069872013203312,122935500000.0,,,3.3496330000000003,,255.3784,3.247399999999999,27.3266666666667,1.22186363636364,24.4701992661092,555470.5,555470.5,491742000000.0,310674500000.0,24.1356838594289,16893611111.1111,1.425,0.1878818181818179,1544045000000.0,,24574000.0,140.2464,,8.133333,-0.12099999999999994,0.9390000000000001
2021-09-30 23:59:59.999999999,256.5878,1.509,0.53,1.106,11.083794385419507,123552000000.0,,,4.062272,,255.07880000000003,-0.29959999999996967,27.6366666666667,1.26674545454545,24.873908452422,566660.5,566660.5,494208000000.0,325566500000.0,24.0616664384823,16911666666.6667,1.263,0.1870449999999999,1586188000000.0,,24610600.0,143.1405,,7.166667,-0.17300000000000026,0.9789999999999999
2021-12-31 23:59:59.999999999,258.964,1.426,0.951,1.257,0.8406195650845101,124693250000.0,,,4.726127,,257.538,2.4591999999999814,27.8566666666667,1.27957826086957,25.9443222754849,576806.0,576806.0,498773000000.0,327464750000.0,25.1450897424045,17336750000.0,1.45,0.1604285714285708,1612933000000.0,,24678600.0,146.0664,,6.166667,-0.1369999999999999,0.475
2022-03-31 23:59:59.999999999,242.4134,2.405,2.29,2.411,3.8748101202519702,126276750000.0,,,5.831533,6.80280115341609,240.0084,-17.529600000000016,28.5233333333333,1.26578695652174,26.6076086414356,583642.0,583642.0,505107000000.0,329361250000.0,25.1319453205916,17760000000.0,2.13217391304348,0.40775652173913,1614038000000.0,38935934.0,24740700.0,150.8203,,5.766667,-0.12700000000000022,0.11499999999999977
2022-06-30 23:59:59.999999999,231.4415,3.223,3.095,3.107,2.251051839668873,126539500000.0,,,7.546722999999998,,228.21849999999998,-11.789900000000017,28.6466666666667,1.2813636363636398,28.428045869597,589642.8,589642.8,506158000000.0,336329250000.0,26.6334851436099,17888555555.5556,3.315454545454549,1.42881363636364,1624709000000.0,,24816500.0,137.703,,5.166667,0.10399999999999965,0.12799999999999967
2022-09-30 23:59:59.999999999,231.485,3.173,3.791,3.329,-18.96774110497381,128191000000.0,,,7.152875,,228.312,0.09350000000003433,29.3433333333333,1.33272272727273,28.081783644396,592680.3,592680.3,512764000000.0,336808000000.0,26.9213377614177,17729194444.4444,3.14789473684211,3.101768421052629,1591906000000.0,,24913100.0,133.5429,,5.033333,0.3059999999999996,-0.6179999999999999
2022-12-31 23:59:59.999999999,234.355,3.3,4.054,3.411,-2.1453080584663438,127770000000.0,,,6.665124,,231.05499999999998,2.7429999999999666,30.1466666666667,1.35929090909091,27.5176964285966,591868.3,591868.3,511080000000.0,337407750000.0,26.6920884814386,17512916666.666702,2.9415,4.1245,1553268000000.0,,25019100.0,137.6451,,5.033333,0.532,-0.7540000000000004
2023-03-31 23:59:59.999999999,240.7737,2.897,3.737,3.019,1.9444582849371996,127791750000.0,,,5.147392,3.87900159788427,237.8767,6.821700000000021,31.0633333333333,1.36821304347826,27.5103070042525,599885.3,599885.3,513658000000.0,341848750000.0,26.6383732058765,17671777777.777798,2.9934782608695696,4.49231304347826,1502241000000.0,40083484.0,25197200.0,138.4465,,5.066667,0.5959999999999996,-0.8400000000000003
2023-06-30 23:59:59.999999999,240.9065,3.269,4.585,3.686,12.12915344093032,128247750000.0,,,3.519578,,237.6375,-0.23920000000001096,31.1933333333333,1.32878181818182,26.1525731256759,600741.0,600741.0,514806000000.0,341975750000.0,26.4336185755794,17853861111.1111,3.33818181818182,4.683945454545452,1505344000000.0,,25391700.0,138.5384,,5.233333,0.4820000000000002,-1.3159999999999998
2023-09-30 23:59:59.999999999,236.062,4.026,4.873,4.249,10.374444259953016,130519250000.0,,,3.686737,,232.036,-5.601499999999987,30.2366666666667,1.35370476190476,26.1427833525024,599386.0,599386.0,520749000000.0,342157500000.0,25.7296262370953,17634555555.5556,3.816,4.991785,1511102000000.0,,25600100.0,140.2214,,5.5,0.4010000000000007,-0.8470000000000004
2023-12-31 23:59:59.999999999,253.5862,3.11,3.89,3.175,-20.55597611407983,,,,3.211109,,250.47619999999998,18.440199999999976,20532800.0,1.34144285714286,,599156.5,599156.5,517447000000.0,,,,3.2342105263157896,5.01547894736842,1513408000000.0,,25814700.0,143.7925,,5.733333,0.6500000000000004,-0.7800000000000002
2024-03-31 23:59:59.999999999,253.771,3.468,4.176,3.526,-7.025534897870612,,,,2.846668,2.38158383281171,250.303,-0.17319999999998004,20614500.0,1.35399523809524,,600215.5,600215.5,520170000000.0,,,,3.444,5.00289,,41288599.0,26053600.0,152.4622,,5.9,0.5920000000000005,-0.7080000000000002
2024-06-30 23:59:59.999999999,256.5723,3.503,3.995,3.514,-10.00416535111323,,,,2.741181,,253.0693,2.766300000000001,20715900.0,1.370685,,604005.5,604005.5,,,,,3.3915,4.80132,,,26306900.0,152.3224,,6.3,0.47000000000000064,-0.492
2024-09-30 23:59:59.999999999,268.3666,2.957,2.912,2.737,7.590976170825981,,,,2.040816,,265.4096,12.340300000000013,20779300.0,1.35413333333333,,607606.3,607606.3,,,,,2.94444444444444,4.29742222222222,,,26532400.0,164.0318,,6.566667,0.3949999999999996,0.04499999999999993
2024-12-31 23:59:59.999999999,270.9738,3.225,2.93,2.966,21.20953197634818,,,,1.91297,,267.74879999999996,2.3391999999999484,20917400.0,1.4253681818181798,,610704.3,610704.3,,,,,3.1615,3.46852,,,26667700.0,175.2943,,6.733333,0.22299999999999986,0.29499999999999993
2025-03-31 23:59:59.999999999,275.6646,2.968,2.457,2.613,1.9659670495402088,,,,2.285594,,272.6966,4.947800000000029,20961900.0,1.43589047619048,,614059.8,614059.8,,,,,3.0104761904761896,2.84069523809524,,,26764000.0,172.9629,,6.633333,0.19899999999999984,0.5110000000000001
2025-06-30 23:59:59.999999999,277.1455,3.274,2.592,2.825,,,,,,,273.8715,1.1749000000000365,21061200.0,1.3673714285714298,,,,,,,,3.314,2.744125,,,26829400.0,185.0524,,6.933333,0.21599999999999975,0.6819999999999999
2025-09-30 23:59:59.999999999,281.9512,3.183,2.474,2.747,,,,,,,278.7682,4.896699999999953,21015300.0,1.3801761904761898,,,,,,,,3.425,2.7519588235294106,,,26853800.0,194.7787,,,0.16300000000000026,0.7089999999999996
