,gdp_real,gdp_nominal,unemployment_rate,cpi_all_items,cpi_annual_growth,interest_rate_short_term,interest_rate_long_term,industrial_production_index,exports_volume,imports_volume,trade_balance,household_consumption,capital_formation,employment_level,money_supply_broad,exchange_rate_usd,stock_market_index,government_spending,population_total,population_working_age
2000-01-01,595801.62895938,529375.0,8.039719999999999,1.548233,1.4402683871974,3.0429,5.53952380952381,79.15593,26.4271544191772,23.8345145374819,-1.42,359976800000.0,120444170000.0,36107510.0,,0.98659965515,86.16581999999998,111969.461169699,82211508.0,24.2477248722868
2000-02-01,,,,,,3.2757,5.508571428571429,80.89561999999998,,,,,,,,1.01583126038095,95.00121,,,
2000-03-01,,,,,,3.5104,5.33304347826087,80.79896999999998,,,,,,,,1.03626881430435,99.83437,,,
2000-04-01,600554.553517019,533170.0,7.8401770000000015,1.105409,,3.685,5.22555555555556,81.95876,27.6302145044029,24.6093327898843,-1.3,363262790000.0,119833370000.0,36162290.0,,1.057506551,92.57018,111407.360767771,,
2000-05-01,,,,,,3.92,5.37818181818182,83.89175,,,,,,,,1.1019083055909098,90.46495,,,
2000-06-01,,,,,,4.2945,5.19136363636364,81.47552,,,,,,,,1.05298371918182,90.39555,,,
2000-07-01,600993.281363363,534089.0,7.717428999999998,1.376327,,4.3086,5.266190476190481,83.50516,28.2435021399487,25.7471475231253,-2.29,362541480000.0,119565230000.0,36264280.0,,1.06541093333333,89.34293000000001,111021.937914454,,
2000-08-01,,,,,,4.4191,5.210434782608701,83.9884,,,,,,,,1.10593816330435,88.97086,,,
2000-09-01,,,,,,4.5905,5.263333333333329,84.08504999999998,,,,,,,,1.1483974475714298,87.19337,,,
2000-10-01,598434.03841842,533250.0,7.601122,1.730921,,4.7627,5.20714285714286,83.7951,30.2154772674795,27.5636211536787,-2.07,359936700000.0,120190920000.0,36407920.0,,1.171642344,82.56457,111873.107544658,,
2000-11-01,,,,,,4.8291,5.15363636363636,84.1817,,,,,,,,1.16781840709524,81.7915,,,
2000-12-01,,,,,,4.8268,4.890526315789471,84.56829999999998,,,,,,,,1.11084724065,76.86001999999996,,,
2001-01-01,611139.006905388,547492.0,7.680814999999998,1.7200939999999996,1.98385731334472,4.7559,4.80318181818182,84.27835,29.3008334179365,25.630767242891,-1.18,367290330000.0,120742130000.0,36357860.0,,1.06510992013636,77.22632,112061.796927931,82349925.0,24.9108166139553
2001-02-01,,,,,,4.9925,4.7775,85.24483999999998,,,,,,,,1.0853814393,76.47830999999998,,,
2001-03-01,,,,,,4.7814,4.6677272727272685,84.1817,,,,,,,,1.10101394831818,70.57133,,,
2001-04-01,609603.501824158,547604.0,7.759282000000002,2.538071,,5.0642,4.827894736842112,83.11855,29.6074821973456,25.633290270593,-0.71,365567120000.0,120429290000.0,36405910.0,,1.118874966,70.48458000000001,111660.319313684,,
2001-05-01,,,,,,4.6536,5.046818181818179,83.89175,,,,,,,,1.143491682,72.59945,,,
2001-06-01,,,,,,4.5395,5.0,83.7951,,,,,,,,1.1708814672381005,70.97619,,,
2001-07-01,609603.484871768,549871.0,7.925639,2.017067,,4.5055,5.01590909090909,81.66881999999998,29.4162703535738,24.6867931190484,0.6,366047990000.0,120161140000.0,36319200.0,,1.16093285659091,68.39285,111242.786938507,,
2001-08-01,,,,,,4.4913,4.82391304347826,83.89175,,,,,,,,1.10859362878261,64.60268,,,
2001-09-01,,,,,,3.9865,4.813,82.73196,,,,,,,,1.09583135555,53.48083,,,
2001-10-01,607702.376077315,553495.0,8.156142,1.6628,,3.9713,4.5995652173913,81.18557,28.7662344761238,23.8819893883739,1.23,365326640000.0,121382720000.0,36302040.0,,1.10384873391304,55.64196999999999,112896.895090898,,
2001-11-01,,,,,,3.5073,4.447727272727271,80.41236999999998,,,,,,,,1.12572307731818,59.63264,,,
2001-12-01,,,,,,3.3389,4.73588235294118,81.28221999999998,,,,,,,,1.11988998488889,60.74888000000001,,,
2002-01-01,604868.801085483,551668.0,8.2924,1.998463,1.42080615551526,3.2936,4.8627272727272715,81.08892,28.9194346612999,23.1386177560262,1.18,361379330000.0,121241180000.0,36173250.0,,1.13291086557143,62.08489,112631.908004017,82488495.0,25.5882956322125
2002-02-01,,,,,,3.283,4.9195,81.28221999999998,,,,,,,,1.1485257019,59.86592,,,
2002-03-01,,,,,,3.264,5.161,81.76546,,,,,,,,1.14076238890476,63.73899,,,
2002-04-01,607208.705535839,553587.0,8.533546000000001,1.294745,,3.3162,5.1552380952381,81.95876,29.4766493699036,23.7901143050636,1.56,358333800000.0,121762610000.0,36134640.0,,1.1276855728181798,62.64397,113033.410677724,,
2002-05-01,,,,,,3.31,5.1677272727272685,81.28221999999998,,,,,,,,1.08912031656522,59.856280000000005,,,
2002-06-01,,,,,,3.3485,5.0175,82.92525,,,,,,,,1.04543044505,54.31367,,,
2002-07-01,611376.721790449,560474.0,8.836838999999998,1.21673,,3.3017,4.86739130434783,81.66881999999998,29.7143744066763,23.3519045917391,2.72,361379330000.0,122239360000.0,36004970.0,,1.00834930243478,49.32436,113402.803829571,,
2002-08-01,,,,,,3.2927,4.5895454545454495,83.40850999999996,,,,,,,,1.02246676136364,45.62287,,,
2002-09-01,,,,,,3.3186,4.38523809523809,82.63531,,,,,,,,1.018930549,40.29811,,,
2002-10-01,609694.892157219,561316.0,9.151052000000002,1.179156,,3.3004,4.46391304347826,81.95876,29.9362349035503,23.881614637496,2.16,363423070000.0,123297120000.0,35933140.0,,1.01855763682609,37.23088,114960.675301069,,
2002-11-01,,,,,,3.3043,4.47761904761905,83.0219,,,,,,,,0.9983914570476192,40.22485,,,
2002-12-01,,,,,,3.0945,4.33555555555556,81.66881999999998,,,,,,,,0.9816505963684208,38.59581,,,
2003-01-01,601413.92100986,556128.0,9.52879,1.130369,1.03422218628562,2.7868,4.18,82.44200999999998,29.8045919259,24.7609009087732,0.7,362150750000.0,122246830000.0,35729580.0,,0.940409409954545,36.67373,113382.731201832,82534176.0,26.3396505481219
2003-02-01,,,,,,2.7635,3.955,82.73196,,,,,,,,0.92759539015,33.06863,,,
2003-03-01,,,,,,2.749,4.0004761904761885,82.73196,,,,,,,,0.926530916619048,31.58996,,,
2003-04-01,602291.32584538,557305.0,9.724536,0.7894737,,2.5605,4.147,82.44200999999998,29.4193434585897,24.0694147427225,1.25,361709970000.0,122425590000.0,35765840.0,,0.919937204636364,35.17,113543.337283207,,
2003-05-01,,,,,,2.5571,3.815238095238101,81.95876,,,,,,,,0.8642839573636361,36.39034,,,
2003-06-01,,,,,,2.2133,3.6166666666666702,81.47552,,,,,,,,0.8568760615238091,39.18766,,,
2003-07-01,607775.34763893,564823.0,9.777946,1.051841,,2.0783,3.97260869565217,83.0219,29.8614545565558,23.281327162988,2.72,363433140000.0,123557780000.0,35727600.0,,0.879662635565217,40.98829,114651.466619827,,
2003-08-01,,,,,,2.0981,4.13,81.37886999999996,,,,,,,,0.896928097333333,42.4631,,,
2003-09-01,,,,,,2.0209,4.17136363636364,80.89561999999998,,,,,,,,0.888519456863636,43.39233,,,
2003-10-01,608506.563541569,565996.0,9.742181,1.1654129999999998,,2.0148,4.22130434782609,83.11855,30.4677976532297,24.3502909759008,2.69,363593440000.0,123885520000.0,35790980.0,,0.8546855464347829,43.40968,115390.22786406,,
2003-11-01,,,,,,1.973,4.353,83.69845999999998,,,,,,,,0.8534178999500001,46.01037,,,
2003-12-01,,,,,,2.0567,4.291052631578952,84.08504999999998,,,,,,,,0.8131120243333331,47.69532,,,
2004-01-01,607574.343153841,567211.0,9.719707,0.9687034,1.66573696655992,2.0214,4.17095238095238,84.1817,31.4643641231593,24.4602945113788,3.9,363703660000.0,122284040000.0,35679040.0,,0.7927523476666669,50.06466,113707.952878237,82516260.0,27.2704634909127
2004-02-01,,,,,,2.0315,4.11,84.375,,,,,,,,0.79142678405,50.18226,,,
2004-03-01,,,,,,2.0057,3.9134782608695695,83.69845999999998,,,,,,,,0.8155332246956519,48.62262,,,
2004-04-01,611157.349391082,573608.0,9.68897,1.8649759999999995,,2.078,4.097,84.95489999999998,32.2543443499156,24.8157748270653,5.35,363222770000.0,122105270000.0,35881730.0,,0.8335187209999999,49.86609,113499.157454612,,
2004-05-01,,,,,,2.0152,4.253333333333329,85.63145,,,,,,,,0.8324215129047621,47.48711,,,
2004-06-01,,,,,,2.0277,4.312727272727272,84.95489999999998,,,,,,,,0.823177725863636,48.68238,,,
2004-07-01,609183.006272973,572463.0,9.925548,1.821561,,2.0677,4.2368181818181805,86.11468999999998,31.9271293481513,25.6951819110531,4.25,362621680000.0,122879980000.0,35891730.0,,0.815449970954545,47.50061,114318.25097557,,
2004-08-01,,,,,,2.0405,4.0804545454545496,85.24483999999998,,,,,,,,0.8202851114090909,45.9294,,,
2004-09-01,,,,,,2.0518,4.01636363636364,85.05154,,,,,,,,0.817896862136364,47.64905,,,
2004-10-01,608963.684730776,572679.0,10.0638,2.006689,,2.1114,3.894761904761899,86.11468999999998,32.4360698672933,26.2400877505418,4.25,365426790000.0,121911590000.0,36050500.0,,0.8010767147619051,48.32766,112888.85935728,,
2004-11-01,,,,,,2.085,3.7804545454545497,84.66495,,,,,,,,0.7693685486363641,49.97405,,,
2004-12-01,,,,,,2.0535,3.57952380952381,84.7616,,,,,,,,0.7454376067391301,51.29464,,,
2005-01-01,609932.369708824,574315.0,10.83414,1.623616,1.54691114751329,2.0771,3.5647619047619,86.59794000000002,32.8126901147409,25.5635177770547,4.77,367049860000.0,121896670000.0,36384260.0,,0.7628096826190479,51.82673,113190.015598597,82469422.0,28.2958968695441
2005-02-01,,,,,,2.0585,3.5439999999999996,85.63145,,,,,,,,0.7676513350499999,53.03743000000001,,,
2005-03-01,,,,,,2.0567,3.69619047619048,86.59794000000002,,,,,,,,0.758813429434783,53.241780000000006,,,
2005-04-01,613588.567888746,578003.0,11.29593,1.244965,,2.0757,3.4823809523809506,87.17783,33.3703405389815,26.7739013907159,4.91,366528850000.0,123654650000.0,36272880.0,,0.7726796172857141,52.37231,114812.064348048,,
2005-05-01,,,,,,2.07,3.30409090909091,86.21134,,,,,,,,0.7885121195,52.04265,,,
2005-06-01,,,,,,2.0623,3.1263636363636405,87.95103,,,,,,,,0.8225777412727271,54.81299,,,
2005-07-01,618414.811531989,583076.0,11.33989,1.6429349999999998,,2.0729,3.2057142857142895,89.11081999999999,34.2084360496944,27.3991171332634,5.15,366609010000.0,123252400000.0,36361800.0,,0.829936078714286,56.88544,114490.860538452,,
2005-08-01,,,,,,2.0609,3.23260869565217,86.79124,,,,,,,,0.8133932101304351,58.80945,,,
2005-09-01,,,,,,2.0941,3.06772727272727,88.82088,,,,,,,,0.8166935065,59.70398,,,
2005-10-01,620754.809220489,587093.0,11.19553,1.675774,,2.0671,3.23857142857143,90.46392,34.6088438319346,28.7613474600046,4.47,368051730000.0,123312000000.0,36427560.0,,0.831279693190476,59.60951,114506.923652535,,
2005-11-01,,,,,,2.0859,3.44818181818182,89.59407,,,,,,,,0.847904099363636,61.13445,,,
2005-12-01,,,,,,2.2757,3.3376190476190497,89.59407,,,,,,,,0.843182467863636,63.95299,,,
2006-01-01,627682.988143182,592100.0,10.80326,1.706609,1.57742642840562,2.3264,3.32136363636364,90.56057,35.7716627815694,29.6143017389318,4.61,369795010000.0,124053140000.0,36865950.0,,0.825230608636364,66.11412,115209.557508099,82376451.0,29.4080511154121
2006-02-01,,,,,,2.3495,3.4725,90.75387,,,,,,,,0.83755990065,69.63632,,,
2006-03-01,,,,,,2.52,3.6373913043478296,89.88401999999996,,,,,,,,0.831187266217391,71.12463000000001,,,
2006-04-01,638432.006854904,603871.0,10.35302,1.844485,,2.6283,3.895,91.72036000000001,35.6924932583495,29.894000898326,5.94,371037270000.0,123889270000.0,37128050.0,,0.8141953955,72.76139,115161.376519002,,
2006-05-01,,,,,,2.5768,3.96272727272727,92.59021000000001,,,,,,,,0.782905714217391,70.18191,,,
2006-06-01,,,,,,2.6977,3.9604545454545503,92.30025,,,,,,,,0.789752016636364,65.23695,,,
2006-07-01,643258.09792664,609667.0,9.965322,1.472701,,2.8138,4.01,93.84665,36.902795075645,30.3937347032131,5.85,371478080000.0,124589470000.0,37270390.0,,0.7878321156666669,66.27413,115980.403214733,,
2006-08-01,,,,,,2.9683,3.88391304347826,94.3299,,,,,,,,0.780600743304348,68.15572,,,
2006-09-01,,,,,,3.0410000000000004,3.75380952380952,94.03995,,,,,,,,0.785348418952381,69.94864,,,
2006-10-01,652690.865289771,621330.0,9.881437,1.28986,,3.2782,3.7877272727272704,93.65335,38.4996059915497,30.8384925777327,7.46,377489060000.0,125036400000.0,37424800.0,,0.7922798053636361,73.06985,116301.598671175,,
2006-11-01,,,,,,3.3277,3.7140909090909098,95.29639,,,,,,,,0.775805355454545,75.3987,,,
2006-12-01,,,,,,3.5011,3.7705263157894704,96.16624,,,,,,,,0.7576693085238101,77.1145,,,
2007-01-01,653550.181925443,628202.0,9.089297,1.785077,2.29834400700951,3.5632,4.01681818181818,95.87629,38.0969476439876,30.8250790801546,6.58,367991700000.0,125945160000.0,37635720.0,,0.7692050271739129,79.7364,117265.226806271,82266372.0,30.2789123501651
2007-02-01,,,,,,3.5695,4.049,96.74613,,,,,,,,0.7641653326000001,82.63396999999999,,,
2007-03-01,,,,,,3.6909,3.9409090909090896,97.22938,,,,,,,,0.7547579095,80.48440999999998,,,
2007-04-01,657864.353208153,633349.0,8.723438999999999,2.059659,,3.8195,4.1521052631579,96.45618,38.1181608022627,30.6901884534369,7.57,372159310000.0,126436780000.0,37935860.0,,0.740196535095238,86.42414999999998,117747.019990936,,
2007-05-01,,,,,,3.7905,4.2790476190476205,98.19588,,,,,,,,0.740158730043478,89.08845999999998,,,
2007-06-01,,,,,,3.9557,4.560476190476191,98.38918,,,,,,,,0.7450341002380949,91.62746000000001,,,
2007-07-01,661227.876855494,638905.0,8.528831,2.265487,,4.0632,4.505,99.06572000000001,38.6113563795514,30.6245833750953,7.29,373161100000.0,126272910000.0,38191790.0,,0.728967981954545,92.03423,117666.712773671,,
2007-08-01,,,,,,4.0474,4.29652173913043,99.25902,,,,,,,,0.7341981740434781,86.60923000000001,,,
2007-09-01,,,,,,4.0286,4.226,100.1289,,,,,,,,0.71884956405,88.50816999999996,,,
2007-10-01,666126.956441234,645098.0,8.294850999999998,3.077467,,3.9414,4.2826086956521685,100.3222,38.8731449414366,30.9991763169872,7.46,373201200000.0,127375340000.0,38191230.0,,0.7027786407391299,92.34847,118614.202616303,,
2007-11-01,,,,,,4.0221,4.0890909090909116,100.0322,,,,,,,,0.6807399047727271,89.10388,,,
2007-12-01,,,,,,3.8791,4.20588235294118,100.9021,,,,,,,,0.6867732255500001,91.16476,,,
2008-01-01,670039.339134833,650492.0,7.806987,2.946335,2.6283798163722,4.0218,4.0277272727272715,101.7719,39.4891334805893,31.7612167871796,6.81,371598310000.0,129446120000.0,38356150.0,,0.6796661957391299,83.74441999999999,120657.851726661,82110097.0,30.7991869707201
2008-02-01,,,,,,4.0279,3.95285714285714,101.3853,,,,,,,,0.678629145190476,79.16575,,,
2008-03-01,,,,,,4.091,3.7994736842105294,101.2887,,,,,,,,0.644097590571429,74.68154,,,
2008-04-01,667626.251217991,648823.0,7.769275999999999,2.887961,,3.9868,4.04,101.8686,38.8452800430595,31.1909575100608,6.7,372159300000.0,131978730000.00002,38265690.0,,0.6350929536363641,77.65236999999999,123018.653367192,,
2008-05-01,,,,,,4.0097,4.20190476190476,99.54897,,,,,,,,0.642545454545455,79.98895,,,
2008-06-01,,,,,,4.0067,4.520476190476191,100.6121,,,,,,,,0.6429047619047621,75.89803,,,
2008-07-01,663970.044561874,647137.0,7.283117,3.080651,,4.1908,4.4904347826087,99.06572000000001,38.8047960274059,32.5750832861902,5.65,372560060000.0,131159349999.99998,38798350.0,,0.6346086956521739,70.8663,122247.782601098,,
2008-08-01,,,,,,4.2989,4.202380952380951,100.6121,,,,,,,,0.669,71.6066,,,
2008-09-01,,,,,,4.2733,4.0940909090909114,98.67912,,,,,,,,0.697045454545455,68.08054,,,
2008-10-01,653659.516363039,639522.0,7.242324000000002,1.612903,,3.8198,3.8834782608695697,96.64948,36.484527557803,30.8070953789397,4.74,372840540000.0,132306469999.99998,38745520.0,,0.7533478260869559,53.88569,123259.558312677,,
2008-11-01,,,,,,3.1502,3.5565,92.3969,,,,,,,,0.7861,50.31721,,,
2008-12-01,,,,,,2.4864,3.0478947368421103,89.01418000000001,,,,,,,,0.74475,48.95422,,,
2009-01-01,623021.309823292,615571.0,7.672913,0.8177171999999999,0.312739007368444,1.8122,3.0709523809523795,82.82861,32.6033185151814,28.3058281050212,4.24,376136670000.0,134246870000.0,38440310.0,,0.7583,48.43948,124901.646277254,81902307.0,31.2252210513745
2009-02-01,,,,,,1.2571,3.1275,80.12241999999999,,,,,,,,0.78065,45.3067,,,
2009-03-01,,,,,,1.062,3.01954545454545,80.21907,,,,,,,,0.766863636363636,42.06982,,,
2009-04-01,624556.942047445,618581.0,7.861789,0.2705445,,0.8418999999999999,3.133,77.80283,31.5300615781608,26.1368231469291,5.28,374012750000.0,135036480000.00002,38336640.0,,0.7574090909090909,47.93052,125801.021956016,,
2009-05-01,,,,,,0.7821,3.3710000000000004,81.18557,,,,,,,,0.731952380952381,50.52928,,,
2009-06-01,,,,,,0.698,3.47363636363636,82.53865999999998,,,,,,,,0.713568181818182,50.80304,,,
2009-07-01,628432.555007709,624956.0,7.926133,-0.2350570999999999,,0.3575999999999999,3.33782608695652,81.57217,32.743029352753,26.993514653558,6.29,370446130000.0,135960150000.0,38250140.0,,0.709826086956522,51.02667,126668.304819224,,
2009-08-01,,,,,,0.3474999999999999,3.3052380952381,82.73196,,,,,,,,0.701,55.71909,,,
2009-09-01,,,,,,0.3632,3.26318181818182,86.01804,,,,,,,,0.686454545454545,58.02095,,,
2009-10-01,633258.764746173,632913.0,7.508295,0.4052684999999999,,0.3587,3.2090909090909094,84.375,33.5414834264799,26.8672907995539,7.04,369043570000.0,136228310000.0,38855700.0,,0.675,59.17189,126507.682031543,,
2009-11-01,,,,,,0.3624,3.21714285714286,84.85825,,,,,,,,0.670233333333333,58.65136,,,
2009-12-01,,,,,,0.3546,3.1385,85.24483999999998,,,,,,,,0.686347826086957,60.76237,,,
2010-01-01,637864.932465875,636727.0,7.496613000000002,0.8110848,1.1038103778926,0.3439999999999999,3.2575,86.40464,34.5846156799263,28.9270837998836,5.86,371007160000.0,137360520000.00002,37803130.0,,0.7001428571428571,61.14986999999999,127981.153240586,81776930.0,31.2836478267731
2010-02-01,,,,,,0.3406,3.17,85.53479,,,,,,,,0.73085,58.19446,,,
2010-03-01,,,,,,0.3477,3.10217391304348,87.56443,,,,,,,,0.737,62.05019,,,
2010-04-01,651685.444483167,647996.0,7.018875,1.112985,,0.3533,3.0645,89.30412,36.6729400212749,31.195577599718,5.7,374493640000.0,136123989999.99998,37903740.0,,0.746545454545455,64.68172,126953.331121231,,
2010-05-01,,,,,,0.3438999999999999,2.7342857142857095,92.20361,,,,,,,,0.7954285714285709,60.69875,,,
2010-06-01,,,,,,0.3543,2.54318181818182,91.23711,,,,,,,,0.818954545454545,61.53352,,,
2010-07-01,657974.136884078,659036.0,6.712364,1.110737,,0.4811,2.6159090909090894,91.23711,37.2317628132176,31.4544846455065,6.02,375455420000.0,137628690000.0,38075080.0,,0.7820454545454549,61.42941,128382.664267447,,
2010-08-01,,,,,,0.4255999999999999,2.35,92.3969,,,,,,,,0.7754090909090909,62.0232,,,
2010-09-01,,,,,,0.4536,2.3004545454545497,93.5567,,,,,,,,0.763909090909091,63.14136,,,
2010-10-01,662288.48616688,666054.0,6.638729,1.379078,,0.7013,2.34571428571429,95.58634,37.84938309449,31.8031573300636,6.58,377459120000.0,138030930000.0,38187050.0,,0.72,65.5589,128703.851370736,,
2010-11-01,,,,,,0.5926,2.53272727272727,95.00645,,,,,,,,0.733454545454545,68.64348000000001,,,
2010-12-01,,,,,,0.4980999999999999,2.9147619047618996,96.84278,,,,,,,,0.7567826086956521,71.57575,,,
2011-01-01,674262.026846338,678714.0,6.248828,1.877305,2.07517283735874,0.659,3.0166666666666697,96.16624,38.7266122499282,33.0540655495755,7.11,379753320000.0,138008580000.0,38383180.0,,0.7484095238095241,72.21966,128575.371517528,80274983.0,31.1406005583242
2011-02-01,,,,,,0.7071,3.199,97.13273,,,,,,,,0.73225,74.39622,,,
2011-03-01,,,,,,0.6587,3.2117391304347795,97.51933,,,,,,,,0.7135652173913041,71.13428,,,
2011-04-01,676090.079317227,682474.0,5.850792,2.001334,,0.9661,3.3405263157894702,97.71263,38.9895662217275,33.650849932526,6.19,378871690000.0,138500200000.0,38736820.0,,0.691714285714286,73.68676999999998,129185.644555401,,
2011-05-01,,,,,,1.0334,3.06090909090909,98.67912,,,,,,,,0.698454545454545,73.44771,,,
2011-06-01,,,,,,1.124,2.89090909090909,97.13273,,,,,,,,0.694181818181818,71.42152,,,
2011-07-01,679746.201211395,689503.0,5.73699,2.197071,,1.0118,2.74380952380952,100.2255,39.0697038899344,33.4843082049934,6.67,383199790000.0,138440610000.0,38892700.0,,0.7000476190476189,72.65536,129282.006533595,,
2011-08-01,,,,,,0.9058,2.21347826086957,99.45232,,,,,,,,0.697652173913043,59.23936,,,
2011-09-01,,,,,,1.0055,1.8290909090909095,97.90593,,,,,,,,0.727,54.41392,,,
2011-10-01,679673.077078273,692457.0,5.466125,2.22296,,0.9596,2.0023809523809497,99.06572000000001,38.6658273142933,32.9815710614862,6.44,384482210000.0,139453620000.0,39130700.0,,0.728857142857143,58.46436,130036.830891912,,
2011-11-01,,,,,,0.79,1.8740909090909097,98.38918,,,,,,,,0.737136363636364,58.11156,,,
2011-12-01,,,,,,0.627,1.9276190476190505,97.32603,,,,,,,,0.760636363636364,58.379540000000006,,,
2012-01-01,681117.234207416,694811.0,5.501433,2.138861,2.00848884782953,0.38,1.8209090909090897,97.71263,39.6685826061672,33.1836952275778,7.22,385914790000.0,139695730000.0,38887220.0,,0.775,62.40877,130149.239277883,80425823.0,31.282652731417
2012-02-01,,,,,,0.3655999999999999,1.85190476190476,98.09923,,,,,,,,0.7554761904761909,67.23806,,,
2012-03-01,,,,,,0.3567,1.83045454545455,98.87242,,,,,,,,0.757136363636364,68.83046999999999,,,
2012-04-01,681848.47553864,697672.0,5.361546,1.863963,,0.3451,1.6242105263157902,97.42268,39.7423272871908,32.9254721781906,7.05,387397540000.0,140291640000.0,39046890.0,,0.759952380952381,66.66934,130711.339679811,,
2012-05-01,,,,,,0.337,1.33681818181818,99.06572000000001,,,,,,,,0.7817826086956521,62.91772,,,
2012-06-01,,,,,,0.332,1.30047619047619,98.00258,,,,,,,,0.7977142857142858,59.9411,,,
2012-07-01,683237.740829821,703673.0,5.354879,2.019544,,0.1842,1.24227272727273,98.77577,39.8572998455143,32.5954604092494,7.85,387918520000.0,140649200000.0,39276020.0,,0.8140909090909091,63.28787,131273.448434893,,
2012-08-01,,,,,,0.1101,1.34173913043478,98.96907,,,,,,,,0.806173913043478,66.81779,,,
2012-09-01,,,,,,0.0992999999999999,1.4905,97.71263,,,,,,,,0.77715,69.60355,,,
2012-10-01,681190.375292928,704449.0,5.300643,2.012334,,0.0907,1.46695652173913,96.35954,38.9546759093171,32.2154876115309,6.99,388359320000.0,140872650000.0,39293670.0,,0.770608695652174,69.99876,131562.517663169,,
2012-11-01,,,,,,0.0785,1.33590909090909,95.68299,,,,,,,,0.779227272727273,69.72694,,,
2012-12-01,,,,,,0.0734,1.2994117647058798,96.16624,,,,,,,,0.7617619047619051,72.98694999999998,,,
2013-01-01,677424.317151328,706273.0,5.42787,1.546392,1.50472330251882,0.069,1.51227272727273,95.29639,39.0827353191735,32.0294699452763,7.08,387768190000.0,141986280000.0,39281320.0,,0.752,74.69118,132670.646999789,80645605.0,31.5565826945796
2013-02-01,,,,,,0.0676999999999999,1.5435,95.97294,,,,,,,,0.74955,74.36343999999998,,,
2013-03-01,,,,,,0.067,1.3545,97.71263,,,,,,,,0.772047619047619,76.44745999999996,,,
2013-04-01,685321.7913381,715570.0,5.250197,1.508828,,0.081,1.19619047619048,97.61598,38.4758839238027,31.7224425850098,7.53,389531480000.0,141747900000.0,39601020.0,,0.767772727272727,74.61020999999998,132445.805168387,,
2013-05-01,,,,,,0.0787,1.29409090909091,96.84278,,,,,,,,0.7707142857142858,78.491,,,
2013-06-01,,,,,,0.0861999999999999,1.5305,98.58247,,,,,,,,0.758586,76.11973,,,
2013-07-01,688831.749727972,722709.0,5.131218,1.628353,,0.0931,1.5656521739130402,97.03608,38.1059368998164,31.3116682037007,7.04,390693690000.0,142850310000.0,39571270.0,,0.764642173913043,76.90050999999998,133489.698754979,,
2013-08-01,,,,,,0.0819999999999999,1.735,98.96907,,,,,,,,0.7510654545454549,78.8091,,,
2013-09-01,,,,,,0.0802999999999999,1.88809523809524,98.67912,,,,,,,,0.74911619047619,80.3456,,,
2013-10-01,689855.453686905,726679.0,5.114995,1.336303,,0.0932999999999999,1.76217391304348,98.00258,38.5304214139797,31.2814129969322,7.67,389731860000.0,142894990000.0,39665090.0,,0.733005652173913,83.1757,133537.879744076,,
2013-11-01,,,,,,0.1030999999999999,1.67714285714286,99.64562,,,,,,,,0.7413595238095241,86.68056,,,
2013-12-01,,,,,,0.1686,1.79777777777778,99.83892,,,,,,,,0.7297122727272729,87.57316,,,
2014-01-01,697057.998561266,739433.0,5.150405,1.205584,0.906794000434214,0.1960999999999999,1.75590909090909,99.16237,37.9253970353956,31.3804869712856,6.9,391244650000.0,143569140000.0,39671850.0,,0.73408347826087,89.84803999999998,134132.098021018,80982500.0,31.8220023900549
2014-02-01,,,,,,0.1567,1.5585,99.16237,,,,,,,,0.731746,89.74779000000001,,,
2014-03-01,,,,,,0.1918999999999999,1.5085714285714296,99.45232,,,,,,,,0.7231647619047621,88.25561999999998,,,
2014-04-01,696911.733342631,743248.0,4.949609,1.075269,,0.2539,1.4565,99.06572000000001,37.7699412742018,30.894375812209,,391445010000.0,144254440000.0,39828530.0,,0.7240890909090909,89.13858,134854.787798015,,
2014-05-01,,,,,,0.2479999999999999,1.32714285714286,98.58247,,,,,,,,0.728108181818182,89.8037,,,
2014-06-01,,,,,,0.0758,1.26428571428571,98.67912,,,,,,,,0.735575238095238,91.3672,,,
2014-07-01,700787.142874218,748844.0,4.897238,0.8482562999999999,,0.0432999999999999,1.11434782608696,100.3222,38.5489080063205,30.8847687058442,,394610910000.0,145386640000.0,39969980.0,,0.7388569565217391,89.57235,135850.50039551,,
2014-08-01,,,,,,0.0178999999999999,0.956190476190476,96.74613,,,,,,,,0.75092,85.20766999999998,,,
2014-09-01,,,,,,0.0066,0.921363636363636,99.16237,,,,,,,,0.775189545454545,88.18429,,,
2014-10-01,706124.933353913,757610.0,4.926819999999999,0.5023547999999999,,-0.0045,0.7909090909090908,99.45232,38.8246517531591,30.7352057411884,,397095490000.0,145908070000.0,40007750.0,,0.789044347826087,82.40456,136814.086764839,,
2014-11-01,,,,,,-0.0115999999999999,0.719,99.35567,,,,,,,,0.8013680000000001,87.26277,,,
2014-12-01,,,,,,-0.0300999999999999,0.588947368421053,100.9987,,,,,,,,0.812196086956522,90.31265,,,
2015-01-01,704589.716463308,760053.0,4.751889,-0.0511114999999999,0.514426137125455,-0.0505999999999999,0.39,98.58247,39.0876786787431,31.2548962268201,,397225660000.0,146787040000.0,40091940.0,,0.8599027272727271,93.31048,137444.390664683,81686611.0,32.0268681402872
2015-02-01,,,,,,-0.0359999999999999,0.3019999999999999,99.64562,,,,,,,,0.8805629999999999,100.9564,,,
2015-03-01,,,,,,-0.0504,0.2272727272727269,99.64562,,,,,,,,0.924472727272727,107.9198,,,
2015-04-01,708245.685785968,768647.0,4.698756,0.9688507,,-0.0744999999999999,0.122,100.4188,39.7519116352568,31.3946585570203,,399750410000.0,147874570000.0,40078320.0,,0.924685454545455,109.3831,138247.404365251,,
2015-05-01,,,,,,-0.1058,0.55578947368421,100.6121,,,,,,,,0.896117142857143,105.1591,,,
2015-06-01,,,,,,-0.1184999999999999,0.792727272727273,100.5155,,,,,,,,0.8915577272727271,101.2552,,,
2015-07-01,712048.013565407,775003.0,4.438961,0.7288770999999999,,-0.1176999999999999,0.7099999999999999,101.9652,39.3170012311622,31.4162974277268,,402435430000.0,149453730000.0,40192460.0,,0.908782608695652,101.8991,139548.291070873,,
2015-08-01,,,,,,-0.1213,0.6085714285714289,99.45232,,,,,,,,0.8983647619047621,98.31521,,,
2015-09-01,,,,,,-0.1356999999999999,0.654090909090909,99.64562,,,,,,,,0.891428636363636,91.18983,,,
2015-10-01,715703.982888068,780655.0,4.608099,0.4092312,,-0.1388999999999999,0.5181818181818179,100.5155,38.6826122453252,30.6646535166451,,403878120000.0,151807570000.0,40472290.0,,0.890323636363636,93.41651,141957.357232036,,
2015-11-01,,,,,,-0.1346999999999999,0.516190476190476,99.25902,,,,,,,,0.93277,99.70134,,,
2015-12-01,,,,,,-0.1989999999999998,0.5454999999999999,99.74227,,,,,,,,0.918451304347826,97.49394,,,
2016-01-01,721992.768527122,790265.0,4.306949,0.3026227,0.491747008445213,-0.2386999999999999,0.4304999999999999,101.2887,38.2516826259033,30.6345829643647,,407705220000.0,153446310000.0,41155360.0,,0.921767142857143,90.35313,143446.824729935,82348669.0,32.2482094758743
2016-02-01,,,,,,-0.2404,0.1728571428571429,101.0954,,,,,,,,0.9017023809523812,85.18068000000001,,,
2016-03-01,,,,,,-0.2877,0.1714285714285709,100.3222,,,,,,,,0.898522608695652,90.18927,,,
2016-04-01,723601.38926528,794808.0,4.22097,0.1328903999999999,,-0.3377999999999999,0.134285714285714,100.9987,38.0666827160715,29.7044135009642,,408386450000.0,154831800000.0,41142890.0,,0.8818176190476189,91.52528,144683.42556661,,
2016-05-01,,,,,,-0.3379999999999999,0.132857142857143,99.35567,,,,,,,,0.884608181818182,90.31651,,,
2016-06-01,,,,,,-0.3325,-0.0168181818181818,101.192,,,,,,,,0.890281363636364,88.58336,,,
2016-07-01,726160.632210224,799143.0,4.054854,0.4973474999999999,,-0.3287999999999999,-0.154285714285714,99.93557,37.9254212805704,30.2027990945307,,410149670000.0,155502200000.0,41346110.0,,0.9043114285714292,89.41234,145084.93659347,,
2016-08-01,,,,,,-0.3387999999999999,-0.131739130434783,101.482,,,,,,,,0.89225,94.28597,,,
2016-09-01,,,,,,-0.3429999999999999,-0.0840909090909091,101.192,,,,,,,,0.891918636363636,94.27055,,,
2016-10-01,729524.189762344,805769.0,3.905942,1.034023,,-0.3466,0.002,101.8686,38.1407134395156,30.7352978402406,,412714350000.0,156202380000.0,41416040.0,,0.907677142857143,95.15737,146321.545783298,,
2016-11-01,,,,,,-0.3487,0.1890909090909088,101.6753,,,,,,,,0.927670454545454,94.19344,,,
2016-12-01,,,,,,-0.3503999999999999,0.2519047619047619,99.35567,,,,,,,,0.948851363636364,99.25215,,,
2017-01-01,738993.404763405,818689.0,3.899291,1.642642,1.50949485109622,-0.3514999999999999,0.250909090909091,101.0954,38.8519371790442,31.5533729903818,,413726290000.0,156206070000.0,41439520.0,,0.940747272727273,102.892,145996.349166353,82657002.0,32.6342617227857
2017-02-01,,,,,,-0.3528,0.258,101.8686,,,,,,,,0.939364,104.0024,,,
2017-03-01,,,,,,-0.3534999999999999,0.3482608695652169,101.3853,,,,,,,,0.935317391304348,106.4354,,,
2017-04-01,744258.401681577,828333.0,3.79389,1.426676,,-0.3568999999999999,0.225555555555556,103.3183,38.9380043637258,31.4564395685443,,414888440000.0,157204250000.0,41602500.0,,0.9333455,108.0953,146751.148465209,,
2017-05-01,,,,,,-0.3588999999999999,0.3363636363636359,103.6082,,,,,,,,0.904472173913043,110.7981,,,
2017-06-01,,,,,,-0.3587,0.25047619047619,103.4149,,,,,,,,0.890008181818182,110.8772,,,
2017-07-01,750181.397131123,839457.0,3.67341,1.550643,,-0.3594999999999999,0.455714285714286,103.8982,38.9310190522051,31.1902034602345,,417172660000.0,157829960000.0,41850780.0,,0.8681657142857142,108.4056,147136.588024833,,
2017-08-01,,,,,,-0.3558,0.3460869565217389,106.3144,,,,,,,,0.846646956521739,106.8961,,,
2017-09-01,,,,,,-0.3580999999999999,0.3471428571428569,105.2513,,,,,,,,0.83948619047619,109.8785,,,
2017-10-01,757786.340880626,850792.0,3.616636,1.41961,,-0.3589999999999999,0.3725,103.7049,38.8687338296732,31.3680411369516,,421140020000.0,159051600000.0,41753000.0,,0.850687272727273,114.4746,148854.940280404,,
2017-11-01,,,,,,-0.3492,0.308181818181818,107.3776,,,,,,,,0.8517459090909091,115.9012,,,
2017-12-01,,,,,,-0.3422999999999999,0.296842105263158,106.6044,,,,,,,,0.845299523809524,115.7334,,,
2018-01-01,753599.846521205,849366.0,3.4468660000000004,1.319261,1.73216879766948,-0.3624,0.4745454545454549,105.9278,39.2139954679694,31.7938526825728,,422111830000.0,157960320000.0,41826800.0,,0.8199269565217391,117.9698,147891.420736303,82905782.0,33.0059176113602
2018-02-01,,,,,,-0.3647,0.659,104.1881,,,,,,,,0.810291,111.1663,,,
2018-03-01,,,,,,-0.3639,0.52952380952381,105.8312,,,,,,,,0.811034090909091,108.9667,,,
2018-04-01,759522.774161191,859286.0,3.4750660000000004,1.733726,,-0.3657,0.4799999999999999,105.1546,39.2282349983338,32.0554823575733,,422111810000.0,159167040000.0,41825660.0,,0.814952857142857,110.4106,148806.809410228,,
2018-05-01,,,,,,-0.3624999999999999,0.45,106.701,,,,,,,,0.847136956521739,113.3236,,,
2018-06-01,,,,,,-0.3618,0.3271428571428569,106.4111,,,,,,,,0.856363333333333,110.7576,,,
2018-07-01,754550.375489847,859359.0,3.339117,1.884341,,-0.3635999999999999,0.2745454545454549,104.5747,39.1885921871041,32.9794560876997,,421190090000.0,158779680000.0,42002610.0,,0.855792727272727,109.9421,148485.613953785,,
2018-08-01,,,,,,-0.3590999999999999,0.2908695652173909,106.0245,,,,,,,,0.8658630434782609,109.6395,,,
2018-09-01,,,,,,-0.3627,0.3705,104.768,,,,,,,,0.8570639999999999,107.3357,,,
2018-10-01,757914.068661085,870795.0,3.27368,1.985677,,-0.3659999999999999,0.399090909090909,104.4781,38.7098711662475,32.2217617114143,,425999100000.0,159494780000.0,41996330.0,,0.8707708695652171,101.9068,149641.899220042,,
2018-11-01,,,,,,-0.3613,0.3140909090909089,102.5451,,,,,,,,0.8799522727272729,99.33119,,,
2018-12-01,,,,,,-0.3604999999999999,0.187058823529412,103.7049,,,,,,,,0.8787457142857141,93.78859000000001,,,
2019-01-01,762886.374094286,877381.0,3.193118,1.3671879999999998,1.44565976888253,-0.3669999999999999,0.132727272727273,103.4149,38.8770058443677,32.3882132584585,,428834290000.0,161580450000.0,42197700.0,,0.87572652173913,95.57957,151621.295874065,83092962.0,33.4240838892073
2019-02-01,,,,,,-0.3669999999999999,0.0555,102.8351,,,,,,,,0.881373,98.1282,,,
2019-03-01,,,,,,-0.3679,0.010952380952381,103.8982,,,,,,,,0.885216666666667,100.2103,,,
2019-04-01,763325.11889302,881579.0,3.085936,1.70418,,-0.3669999999999999,-0.0395,102.4485,37.9345262977992,31.7120880034551,,428954490000.0,161938000000.0,42311910.0,,0.889998181818182,104.3918,152006.735433689,,
2019-05-01,,,,,,-0.3665999999999999,-0.134545454545455,102.8351,,,,,,,,0.89389652173913,102.5912,,,
2019-06-01,,,,,,-0.3615999999999999,-0.315263157894737,101.5786,,,,,,,,0.8853465,101.2147,,,
2019-07-01,766250.058789329,890615.0,3.09667,1.466837,,-0.3668,-0.3882608695652169,101.192,37.9336755750394,31.3548736197219,,430036500000.0,164381230000.0,42366890.0,,0.8917004347826091,103.1985,154239.057221012,,
2019-08-01,,,,,,-0.3612,-0.6490909090909089,101.5786,,,,,,,,0.8988809090909091,97.97976,,,
2019-09-01,,,,,,-0.4032,-0.594761904761905,100.6121,,,,,,,,0.9084157142857142,102.518,,,
2019-10-01,763690.773463411,893910.0,3.169716,1.244813,,-0.5495977777777779,-0.4695454545454549,100.0322,37.7590501230599,31.1500422308803,,431238750000.0,164276940000.0,42717610.0,,0.9046469565217392,104.2781,154351.48231329,,
2019-11-01,,,,,,-0.53915,-0.352380952380952,100.3222,,,,,,,,0.905019047619048,109.7474,,,
2019-12-01,,,,,,-0.540201,-0.2994444444444439,98.00258,,,,,,,,0.89996,110.4704,,,
2020-01-01,748188.76238449,881557.0,3.5004129999999996,1.619552,0.144877925813963,-0.537421363636364,-0.3136363636363639,100.9987,37.1801010174076,31.239099408799,,420098090000.0,165755440000.0,42137090.0,,0.900732608695652,112.0107,157499.209480845,83160871.0,33.9237851682177
2020-02-01,,,,,,-0.5382234999999999,-0.466,101.5786,,,,,,,,0.916945,111.1702,,,
2020-03-01,,,,,,-0.535628636363636,-0.5413636363636359,91.23711,,,,,,,,0.905850454545455,83.88902,,,
2020-04-01,681793.583700677,809941.0,3.843505,0.4118891999999999,,-0.5354685,-0.4495,71.71392,31.3586645584437,28.2648098280246,,373692150000.0,165636270000.0,41810380.0,,0.91977,86.97938,157306.502230763,,
2020-05-01,,,,,,-0.540192,-0.5164999999999998,79.73581999999999,,,,,,,,0.9169185714285708,92.12677,,,
2020-06-01,,,,,,-0.5444649999999999,-0.4342857142857138,89.01418000000001,,,,,,,,0.888126363636364,101.4557,,,
2020-07-01,740949.676634056,868891.0,4.062085,-0.9164779,,-0.549555652173913,-0.5230434782608699,90.94717,35.4490748794781,29.6829125621875,,414527780000.0,173457730000.0,41667650.0,,0.8716091304347829,104.3706,164083.766456844,,
2020-08-01,,,,,,-0.552087619047619,-0.5233333333333328,90.85052,,,,,,,,0.8453547619047621,105.5042,,,
2020-09-01,,,,,,-0.552932727272727,-0.5240909090909089,93.1701,,,,,,,,0.8485795454545451,105.9361,,,
2020-10-01,748115.672156147,883442.0,3.831287,-0.5044135999999999,,-0.5546409090909089,-0.607272727272727,96.74613,36.9166095168514,30.8139397302069,,406312570000.0,174157930000.0,41822290.0,,0.849596363636364,103.7749,163505.611293986,,
2020-11-01,,,,,,-0.5562161904761899,-0.614761904761905,97.90593,,,,,,,,0.845119523809524,105.5023,,,
2020-12-01,,,,,,-0.5563490909090911,-0.6185,97.80928,,,,,,,,0.82189652173913,110.64,,,
2021-01-01,743508.995864753,888814.0,3.94136,1.499001,3.0666666666667,-0.5657645,-0.5835,98.38918,38.1472469004061,31.8904284815342,,390714120000.0,170783600000.0,40321210.0,,0.82172380952381,114.4572,163043.81555868,83196078.0,34.5810372816215
2021-02-01,,,,,,-0.563521,-0.4455,96.64948,,,,,,,,0.826744,116.173,,,
2021-03-01,,,,,,-0.56376652173913,-0.3647826086956519,98.19588,,,,,,,,0.840463913043478,119.032,,,
2021-04-01,760985.239871248,909204.0,3.692865,2.1905080000000003,,-0.5660555,-0.325,98.19588,37.7684409606912,32.8516992260152,,402736110000.0,176265840000.0,40749670.0,,0.8360318181818179,124.11,167669.165452543,,
2021-05-01,,,,,,-0.5647061904761899,-0.2235,96.64948,,,,,,,,0.8229414285714292,122.9012,,,
2021-06-01,,,,,,-0.5641259090909088,-0.288636363636364,95.1031,,,,,,,,0.830012272727273,125.7776,,,
2021-07-01,761643.32316457,930352.0,3.348282,3.878302,,-0.5665222727272728,-0.4513636363636359,96.64948,37.0069637989439,32.2611331811538,,422612430000.0,176519090000.0,41125080.0,,0.845684545454545,125.7044,167042.820947434,,
2021-08-01,,,,,,-0.5681,-0.538636363636364,91.81701,,,,,,,,0.8498136363636359,127.7151,,,
2021-09-01,,,,,,-0.569360454545455,-0.3627272727272729,92.10696,,,,,,,,0.8496259090909091,125.9049,,,
2021-10-01,765738.172905083,944825.0,3.346712,4.709419,,-0.570412857142857,-0.2042857142857139,95.58634,38.5638243378917,35.2277087424499,,422732670000.0,176608470000.0,41234140.0,,0.862008095238095,123.8729,166544.964648686,,
2021-11-01,,,,,,-0.5732372727272729,-0.3136363636363639,96.16624,,,,,,,,0.876749545454545,127.6534,,,
2021-12-01,,,,,,-0.5763721739130439,-0.3842857142857139,97.22938,,,,,,,,0.884841739130435,124.2719,,,
2022-01-01,770929.867690041,971767.0,3.095956,4.791598,6.87257438551096,-0.5794657142857139,-0.114761904761905,97.03608,39.2619692482796,36.6172685980461,,424957080000.0,178515400000.0,41543820.0,,0.883386666666667,125.1337,168162.970471867,83797985.0,35.2968943623634
2022-02-01,,,,,,-0.5763329999999999,0.1499999999999999,97.61598,,,,,,,,0.881508,119.8321,,,
2022-03-01,,,,,,-0.5777030434782608,0.2817391304347829,92.68686,,,,,,,,0.907314782608696,110.2892,,,
2022-04-01,772099.811439024,989273.0,3.131634,6.658006,,-0.5837073684210529,0.7463157894736842,94.42654,40.8578961453037,39.5000525843927,,423554450000.0,179215570000.0,41955340.0,,0.9258666666666672,110.3547,168114.797835924,,
2022-05-01,,,,,,-0.584741363636364,0.9527272727272728,94.81314,,,,,,,,0.945338636363636,105.5775,,,
2022-06-01,,,,,,-0.582624090909091,1.445,95.68299,,,,,,,,0.946507727272727,101.9878,,,
2022-07-01,774366.608708647,1001691.0,3.193212,7.402638999999998,,-0.571064285714286,1.08190476190476,95.58634,41.677122176368,40.3339646158747,,429685950000.0,176757510000.0,42036770.0,,0.98224380952381,96.62447,164340.717810106,,
2022-08-01,,,,,,-0.0946521739130434,1.03434782608696,94.52319,,,,,,,,0.987073043478261,99.82472000000001,,,
2022-09-01,,,,,,0.254584090909091,1.79545454545455,96.45618,,,,,,,,1.01043,93.47434,,,
2022-10-01,771661.100545069,1020051.0,3.0989150000000003,8.580542999999999,,0.655378571428571,2.1866666666666696,95.39304000000001,40.8046149840657,37.6922254088517,,424957070000.0,176668120000.0,42212560.0,,1.01627095238095,92.2463,164549.504880578,,
2022-11-01,,,,,,1.26661954545455,2.06636363636364,96.35954,,,,,,,,0.980092727272727,102.1054,,,
2022-12-01,,,,,,1.50396476190476,2.0852380952381,94.23325,,,,,,,,0.944557272727273,103.0385,,,
2023-01-01,768023.253327035,1038961.0,2.974875,8.236767999999998,5.94643667725828,1.9013118181818205,2.19272727272727,96.06959,39.183863400072,34.7791143562536,,421711000000.0,174239850000.0,42438730.0,,0.928523181818182,109.9074,165593.398467171,83901923.0,36.0064221197744
2023-02-01,,,,,,2.200642,2.3705,97.90593,,,,,,,,0.934222,113.6938,,,
2023-03-01,,,,,,2.50836391304348,2.3834782608695697,95.68299,,,,,,,,0.933656086956522,111.5346,,,
2023-04-01,767438.243309667,1050287.0,3.02646,6.546894,,2.8990811111111094,2.35944444444444,95.39304000000001,37.9517108582287,33.3688465582866,,422352180000.0,173539670000.0,42486770.0,,0.9120525,114.3974,164886.763451105,,
2023-05-01,,,,,,3.0463090909090895,2.3422727272727295,95.29639,,,,,,,,0.921129565217391,113.4489,,,
2023-06-01,,,,,,3.20459045454545,2.37636363636364,93.9433,,,,,,,,0.922431818181818,113.0402,,,
2023-07-01,767438.277214446,1060216.0,3.068481,5.603836,,3.40326333333333,2.4566666666666697,92.88016,36.9021806998336,32.0840799328569,,421230090000.0,173927010000.0,42484360.0,,0.904549047619048,113.2426,166171.55363003,,
2023-08-01,,,,,,3.6103665217391296,2.54565217391304,92.78351,,,,,,,,0.9166943478260872,111.5635,,,
2023-09-01,,,,,,3.7125219047619,2.6614285714285697,91.72036000000001,,,,,,,,0.936765238095238,109.9017,,,
2023-10-01,765317.677353899,1071317.0,3.182369,3.554641,,3.9010604545454495,2.82318181818182,91.72036000000001,,,,,,42507950.0,,0.947035,105.3037,167584.832015316,,
2023-11-01,,,,,,3.902743636363641,2.60136363636364,91.81701,,,,,,,,0.924648181818182,109.1999,,,
2023-12-01,,,,,,3.90344210526316,2.10210526315789,90.17397,,,,,,,,0.9163171428571428,116.1075,,,
2024-01-01,764495.105022977,1074528.0,3.251389,2.517361,2.25649814338757,3.9026495454545502,2.1745454545454495,91.04382,,,,,,42567880.0,,0.9170204347826092,115.7026,168339.631314172,83510950.0,36.8802965250584
2024-02-01,,,,,,3.9086757142857103,2.33190476190476,92.10696,,,,,,,,0.927043333333333,118.3303,,,
2024-03-01,,,,,,3.907311,2.3495,91.43041,,,,,,,,0.919880952380952,123.4314,,,
2024-04-01,762520.770381064,1078214.0,3.3937699999999995,2.286367,,3.9082785714285695,2.44571428571429,,,,,,,42624600.0,,0.932766818181818,123.603,170828.921161065,,
2024-05-01,,,,,,3.9069627272727296,2.51954545454545,,,,,,,,,0.924853913043478,125.0604,,,
2024-06-01,,,,,,3.786032,2.4845,,,,,,,,,0.9293125,122.8164,,,
2024-07-01,762667.010171114,1083897.0,3.4780620000000004,1.929625,,3.6630886956521698,2.4582608695652204,,,,,,,42712910.0,,0.92207652173913,123.5586,172820.329649749,,
2024-08-01,,,,,,3.664355909090911,2.2077272727272703,,,,,,,,,0.907303181818182,121.2086,,,
2024-09-01,,,,,,3.5920923809523795,2.16714285714286,,,,,,,,,0.9005252380952379,125.552,,,
2024-10-01,764056.368700438,1094780.0,3.363485,2.297872,,3.37139391304348,2.2295652173913,,,,,,,42904910.0,,0.917738695652174,129.535,173575.16236122,,
2024-11-01,,,,,,3.16496666666667,2.30571428571429,,,,,,,,,0.94116,128.2125,,,
2024-12-01,,,,,,3.1026865000000003,2.1788888888888898,,,,,,,,,0.955722727272727,133.0495,,,
2025-01-01,766396.247722209,1104372.0,3.5541980000000004,2.257973,,2.91883909090909,2.48363636363636,,,,,,,42820500.0,,0.965467826086956,136.8108,172980.935731124,,
2025-02-01,,,,,,2.7290455,2.4055,,,,,,,,,0.959775,146.5735,,,
2025-03-01,,,,,,2.53437142857143,2.7414285714285698,,,,,,,,,0.924950952380952,150.6605,,,
2025-04-01,765811.330942985,1110829.0,,,,2.3830535,2.5105,,,,,,,,,0.8904890909090909,141.1967,,,
2025-05-01,,,,,,2.16900238095238,2.56285714285714,,,,,,,,,0.886088181818182,154.1076,,,
2025-06-01,,,,,,2.04096523809524,2.51904761904762,,,,,,,,,0.8674985714285709,153.50799999999998,,,
2025-07-01,,,,,,1.92323304347826,2.63130434782609,,,,,,,,,0.856764347826087,155.5515,,,
2025-08-01,,,,,,1.92433952380952,2.6733333333333302,,,,,,,,,0.8586119047619051,155.1833,,,
