,bond_corporate,bond_gov_10y,bond_gov_2y,bond_gov_5y,capital_formation,consumer_confidence_japan,country,cpi_all_items,cpi_annual_growth,credit_spread,credit_spread_change,employment_level,exchange_rate_usd,exports_volume,gdp_nominal,gdp_real,government_spending,household_consumption,imports_volume,industrial_production_index,industrial_production_japan,interest_rate_long_term,interest_rate_short_term,money_supply_broad,population_total,population_working_age,stock_market_index,trade_balance,unemployment_rate,yield_curve_curvature,yield_curve_slope
1980-03-31 23:59:59.999999999,,,,,,,japan,72.11334333333333,,,,,,,1129377244854.04,,,,,71.67680333333334,71.25616,,,,116807000.0,,6686.437627118644,,1.9,,
1980-06-30 23:59:59.999999999,,,,,,,japan,74.42097,,,,,,,,,,,,71.92918333333334,71.25616,,,,,,6792.030952380953,,1.9666666666666668,,
1980-09-30 23:59:59.999999999,,,,,,,japan,75.20149333333335,,,,,,,,,,,,70.13446333333333,70.16251,,,,,,6871.575,,2.033333333333333,,
1980-12-31 23:59:59.999999999,,,,,,,japan,76.15169666666667,,,,,,,,,,,,70.30272000000001,70.66727,,,,,,7121.896,,2.1666666666666665,,
1981-03-31 23:59:59.999999999,,,,,,,japan,76.86434333333334,,,,,,,1245221410764.15,,,,,70.66727333333334,70.7514,,,,117661000.0,,7203.949516129032,,2.2,,
1981-06-30 23:59:59.999999999,,,,,,,japan,78.08602666666667,,,,,,,,,,,,70.61118666666667,71.42442,,,,,,7538.617846153846,,2.2666666666666666,,
1981-09-30 23:59:59.999999999,,,,,,,japan,78.35751666666667,,,,,,,,,,,,72.23765333333334,72.93871999999999,,,,,,7758.465151515152,,2.1666666666666665,,
1981-12-31 23:59:59.999999999,,,,,,,japan,79.27377333333334,,,,,,,,,,,,73.27523,73.10696999999999,,,,,,7554.394848484849,,2.2,,
1982-03-31 23:59:59.999999999,,,,,,,japan,79.27377333333334,,,,,,,1158731426905.85,,,,,72.60220666666666,72.93871999999999,,,,118480000.0,,7539.7753125,,2.2333333333333334,,
1982-06-30 23:59:59.999999999,,,,,,100.2479,japan,80.12217333333335,,,,,,,,,,,,71.78896999999999,72.18157,,,,,,7324.214,,2.333333333333333,,
1982-09-30 23:59:59.999999999,,,,,,100.0513,japan,80.52939666666667,,,,,,,,,,,,72.18156666666667,72.43395,,,,,,7089.87393939394,,2.3666666666666667,,
1982-12-31 23:59:59.999999999,,,,,,100.2471,japan,81.24204333333334,,,,,,,,,,,,71.25616333333333,71.34029,,,,,,7638.418181818181,,2.466666666666667,,
1983-03-31 23:59:59.999999999,,,,,,100.6966,japan,80.97055999999999,,,,,,,1270859919742.9,,,,,72.09743666666667,72.68633,,,,119307000.0,,8086.86359375,,2.6666666666666665,,
1983-06-30 23:59:59.999999999,,,,,,100.9071,japan,81.92075999999999,,,,,,,,,,,,73.16305333333334,73.77999,,,,,,8610.639692307692,,2.6666666666666665,,
1983-09-30 23:59:59.999999999,,,,,,101.245,japan,81.71714999999999,,,,,,,,,,,,74.98582666666665,76.2197,,,,,,9108.926515151516,,2.7,,
1983-12-31 23:59:59.999999999,,,,,,101.449,japan,82.59947333333334,,,,,,,,,,,,76.72446666666667,77.64986999999999,,,,,,9442.79,,2.6,,
1984-03-31 23:59:59.999999999,,,,,,101.4427,japan,82.93883333333333,,,,,,,1345824500836.76,,,,,79.30438,79.50068,,,,120083000.0,,10138.324307692306,,2.7000000000000006,,
1984-06-30 23:59:59.999999999,,,,,,101.6132,japan,83.58361333333333,,,,,,,,,,,,80.37000333333333,81.18324,,,,,,10565.430153846151,,2.733333333333333,,
1984-09-30 23:59:59.999999999,,,,,,101.7242,japan,83.54967333333333,,,,,,,,,,,,81.57583333333334,81.18324,,,,,,10372.620307692308,,2.733333333333333,,
1984-12-31 23:59:59.999999999,,,,,,101.8892,japan,84.49987,,,,,,,,,,,,83.37055333333333,83.03404,,,,,,11184.275606060606,,2.6666666666666665,,
1985-03-31 23:59:59.999999999,,,,,,101.8174,japan,84.60167333333334,,,,,,,1427019759717.41,,,,,83.48272000000001,82.94991,,,,120837000.0,,12110.338095238096,,2.566666666666667,,
1985-06-30 23:59:59.999999999,,,,,,101.7105,japan,85.38220333333334,,,,,,,,,,,,84.40813,83.79119,,,,,,12568.243076923078,,2.566666666666667,,
1985-09-30 23:59:59.999999999,,,,,,101.7131,japan,85.51794333333333,,,,,,,,,,,,84.324,83.62293000000001,,,,,,12648.069242424242,,2.6,,
1985-12-31 23:59:59.999999999,,,,,,101.5397,japan,85.89123666666667,,,,,,,,,,,,84.35204333333333,84.29596,,,,,,12882.99196969697,,2.766666666666667,,
1986-03-31 23:59:59.999999999,,,,,,101.2574,japan,85.92517,,,,,,,2120083812109.91,,,,,84.09965666666666,84.04356999999999,,,,121482000.0,,13613.0215625,,2.6666666666666665,,
1986-06-30 23:59:59.999999999,,,,,,100.8042,japan,86.12878333333333,,,,,,,,,,,,84.12769999999999,84.29596,,,,,,16222.716923076923,,2.766666666666667,,
1986-09-30 23:59:59.999999999,,,,,,100.2418,japan,85.72155666666667,,,,,,,,,,,,83.87532,85.05311,,,,,,17982.483787878788,,2.833333333333333,,
1986-12-31 23:59:59.999999999,,,,,,99.87611,japan,85.68762333333332,,,,,,,,,,,,83.81923666666667,84.7166,,,,,,17665.92393939394,,2.8000000000000003,,
1987-03-31 23:59:59.999999999,111.3903,,,,,100.3193,japan,85.21252666666668,,,,,,,2580748422781.09,,,,,84.60442333333333,85.30549,,,,122069000.0,,20250.051166666668,,2.9333333333333336,,
1987-06-30 23:59:59.999999999,111.1133,,,,,101.1611,japan,86.26452666666667,,,,,,,,,,,,84.77268,86.39915,,,,,,24284.159677419357,,3.0,,
1987-09-30 23:59:59.999999999,109.9523,,,,,101.6401,japan,86.09485,,,,,,,,,,,,87.60498,88.50234,,,,,,24804.71046875,,2.766666666666667,,
1987-12-31 23:59:59.999999999,136.5687,5.16,,,,102.0748,japan,86.3324,,131.4087,,,,,,,,,,90.49336666666666,91.27856,,,,,,23446.18524590164,,2.7000000000000006,,
1988-03-31 23:59:59.999999999,135.7066,5.11,,,,102.2724,japan,85.85730000000001,,130.5966,-0.8121000000000151,,,,3125724434400.79,,,,,92.92415333333334,92.68753000000001,,,,122578000.0,,24347.009508196723,,2.6666666666666665,,
1988-06-30 23:59:59.999999999,125.9164,5.24,,4.22,,102.2702,japan,86.43420333333334,,120.6764,-9.920199999999994,,,,,,,,,94.34387,94.20866,,,,,,27399.01213114754,,2.466666666666667,,
1988-09-30 23:59:59.999999999,126.6274,5.44,,4.26,,102.4379,japan,86.60388333333333,,121.1874,0.5109999999999957,,,,,,,,,95.45937,96.64246999999999,,,,,,27750.06328125,,2.533333333333333,,
1988-12-31 23:59:59.999999999,137.8624,4.61,,3.83,,102.1862,japan,87.24866000000002,,133.2524,12.064999999999998,,,,,,,,,96.91289333333332,98.06219,,,,,,28636.41080645161,,2.4,,
1989-03-31 23:59:59.999999999,129.4684,4.86,,4.59,,101.79700000000001,japan,86.77356333333334,,124.6084,-8.643999999999991,,,,3109455047823.93,,,,,99.65092333333332,101.8143,,,,123069000.0,,31714.255833333336,,2.333333333333333,,
1989-06-30 23:59:59.999999999,120.2584,5.46,,5.06,,101.8891,japan,88.80971,,114.7984,-9.810000000000002,,,,,,,,,100.66503333333333,101.5101,,,,,,33524.67290322581,,2.3000000000000003,,
1989-09-30 23:59:59.999999999,125.3391,5.18,,5.01,,102.3452,japan,88.97938666666666,,120.1591,5.360699999999994,,,,,,,,,100.42836666666666,100.8002,,,,,,34441.95859375,,2.2,,
1989-12-31 23:59:59.999999999,121.6987,5.74,,5.82,,102.3758,japan,89.52235666666667,,115.95870000000001,-4.200399999999988,,,,,,,,,100.86783333333334,101.5101,,,,,,36473.30163934426,,2.1666666666666665,,
1990-03-31 23:59:59.999999999,110.2738,7.45,,7.08,,102.256,japan,89.86171,,102.82379999999999,-13.134900000000016,,,,3185904656663.85,,,,,101.8481,103.234,,,,123478000.0,,35304.24050847458,,2.1333333333333333,,
1990-06-30 23:59:59.999999999,116.8862,6.65,,6.72,,102.0826,japan,91.0834,,110.2362,7.412400000000005,,,,,,,,,104.0115,104.4509,,,,,,31173.618387096776,,2.1333333333333333,,
1990-09-30 23:59:59.999999999,127.3993,8.22,8.46,8.45,,101.9863,japan,91.25307333333336,,119.1793,8.943100000000001,,,,,,,,,105.66783333333336,105.3636,,,,,,27834.8525,,2.066666666666667,-0.2199999999999971,-0.2400000000000002
1990-12-31 23:59:59.999999999,135.5006,6.53,6.95,6.93,,102.1643,japan,92.74624666666666,,128.9706,9.791299999999993,,,,,,,,,107.05373333333334,106.8847,,,,,,23678.704590163936,,2.066666666666667,-0.379999999999999,-0.41999999999999993
1991-03-31 23:59:59.999999999,133.3661,6.64,6.75,7.074,,102.0949,japan,93.22134333333334,,126.72609999999999,-2.244500000000002,,,,3648065760648.88,,,,,107.527,106.9862,,,,123964000.0,,25024.701379310343,,2.1,-0.758,-0.11000000000000032
1991-06-30 23:59:59.999999999,137.7683,6.86,6.99,7.255,,101.8045,japan,94.17154666666666,,130.9083,4.182200000000009,,,,,,,,,107.08756666666666,105.3636,,,,,,25634.91838709677,,2.1,-0.6599999999999993,-0.1299999999999999
1991-09-30 23:59:59.999999999,148.4804,6.01,5.74,6.122,,101.3538,japan,94.17154666666666,,142.4704,11.562100000000015,,,,,,,,,106.58053333333334,106.0735,,,,,,23000.24359375,,2.1,-0.4939999999999998,0.2699999999999996
1991-12-31 23:59:59.999999999,161.6297,5.42,5.02,5.549,,100.978,japan,95.32535666666666,,156.20970000000003,13.739300000000014,,,,,,,,,105.36363333333334,104.6538,,,,,,23611.253064516128,,2.066666666666667,-0.6580000000000013,0.40000000000000036
1992-03-31 23:59:59.999999999,154.7592,5.38,4.55,5.456,,100.7075,japan,94.986,,149.3792,-6.830500000000029,,,,3980702922117.66,,,,,103.23403333333331,102.1185,,,,124425000.0,,21177.741016949152,,2.066666666666667,-0.9820000000000011,0.8300000000000001
1992-06-30 23:59:59.999999999,166.1493,5.52,4.37,5.16,,100.2556,japan,96.30949,,160.6293,11.250100000000003,,,,,,,,,100.73263,101.3073,,,,,,17576.007540983606,,2.1,-0.4300000000000006,1.1499999999999995
1992-09-30 23:59:59.999999999,178.986,4.921,3.6,4.299,,99.69185999999999,japan,95.86832666666668,,174.065,13.435699999999997,,,,,,,,,100.39456666666666,101.9157,,,,,,16719.48453125,,2.1666666666666665,-0.0770000000000004,1.3210000000000002
1992-12-31 23:59:59.999999999,173.7822,4.775,3.459,4.155,,99.33804,japan,96.24162333333334,,169.00719999999998,-5.0578000000000145,,,,,,,,,97.82556999999998,97.14950999999999,,,,,,17132.020655737706,,2.2666666666666666,-0.07600000000000007,1.3160000000000003
1993-03-31 23:59:59.999999999,191.0619,4.589,3.397,3.958,,99.77343,japan,96.24162333333334,,186.4729,17.465700000000027,,,,4536940479038.25,,,,,98.19739666666668,96.03401,,,,124829000.0,,17296.644426229508,,2.3,0.06999999999999984,1.1920000000000006
1993-06-30 23:59:59.999999999,209.6538,4.699,3.07,3.987,,99.71309000000001,japan,97.12395,,204.95479999999998,18.481899999999968,,,,,,,,,98.12979666666668,97.35233000000001,,,,,,20225.489500000003,,2.433333333333333,-0.20500000000000052,1.629
1993-09-30 23:59:59.999999999,214.3276,3.797,2.584,3.124,,98.80679,japan,97.56511666666668,,210.5306,5.575800000000015,,,,,,,,,96.74387666666668,96.64246999999999,,,,,,20399.68546875,,2.533333333333333,0.133,1.213
1993-12-31 23:59:59.999999999,206.9442,3.325,1.591,2.19,,99.27711,japan,97.29363,,203.6192,-6.911399999999986,,,,,,,,,95.45936666666668,94.91852,,,,,,18432.730163934422,,2.733333333333333,0.5360000000000003,1.7340000000000002
1994-03-31 23:59:59.999999999,223.3203,4.249,2.467,3.17,,100.1731,japan,97.39543,,219.0713,15.452100000000002,,,7.8438788053664,4998797547740.97,125178655.2483708,,,5.21442092802297,95.39176333333334,96.33824,,,,125178000.0,,19474.75786885246,,2.8666666666666667,0.3759999999999999,1.7819999999999996
1994-06-30 23:59:59.999999999,234.1036,4.394,2.598,3.579,,100.7186,japan,97.87053666666668,,229.7096,10.638299999999987,,,7.93965792615917,,124503028.32349202,,,5.46318507985665,97.58895,98.36641999999999,,,,,,20397.33508196721,,2.7999999999999994,-0.16600000000000037,1.7960000000000003
1994-09-30 23:59:59.999999999,233.7022,4.7,2.831,3.887,,101.2598,japan,97.56511666666668,,229.00220000000002,-0.7073999999999785,,,7.89471250655454,,125931035.00776494,,,5.58509248483927,99.58332666666666,99.17768000000001,,,,,,20369.570461538464,,2.966666666666667,-0.24299999999999988,1.8690000000000002
1994-12-31 23:59:59.999999999,233.994,4.57,2.879,3.956,,101.0941,japan,98.07414666666666,,229.424,0.4217999999999904,,,8.00959307809526,,125449983.25108743,,,5.76381189575308,100.83403333333332,101.5101,,,,,,19473.216721311477,,2.9333333333333336,-0.46299999999999963,1.6910000000000003
1995-03-31 23:59:59.999999999,277.2037,3.678,2.03,2.785,,100.3449,japan,97.59905,,273.52570000000003,44.10170000000002,,,7.93599859559508,5545563663889.7,126804883.9826019,,,5.82523547862399,100.76640333333334,101.9157,,,,125472000.0,,17756.831639344262,,3.033333333333333,0.13799999999999946,1.6480000000000001
1995-06-30 23:59:59.999999999,287.4531,2.785,1.179,1.905,,100.04899999999999,japan,97.83660000000002,,284.6681,11.142399999999952,,,7.80513590594485,,128018033.22551762,,,5.76566829137587,101.94953333333332,101.3073,,,,,,15848.828225806452,,3.0666666666666664,0.15400000000000014,1.606
1995-09-30 23:59:59.999999999,250.6652,2.855,0.657,1.685,,100.4183,japan,97.59905,,247.8102,-36.85789999999997,,,7.81568380838108,,129517013.83936797,,,5.97019905868524,100.36079,99.78613,,,,,,17224.25421875,,3.1666666666666665,0.1419999999999999,2.198
1995-12-31 23:59:59.999999999,239.8079,3.07,0.799,1.79,,100.8093,japan,97.53117666666668,,236.7379,-11.072300000000013,,,8.22031930306276,,129850030.24965014,,,6.63790896058096,102.28756666666668,103.4369,,,,,,18499.19241935484,,3.333333333333333,0.2889999999999998,2.271
1996-03-31 23:59:59.999999999,231.5486,3.235,1.088,2.045,,101.0737,japan,97.25969666666668,,228.31359999999998,-8.424300000000017,,,8.19526139806714,4923391533851.63,130908327.28257869,,,6.72971747952497,101.8143,101.7129,,,,125757000.0,,20517.042711864407,,3.3666666666666667,0.2330000000000001,2.147
1996-06-30 23:59:59.999999999,226.0811,3.23,1.149,2.23,,101.0079,japan,97.97234333333334,,222.8511,-5.462499999999977,,,8.20946100618969,,132566508.31158794,,,7.1542411133642,102.49036666666666,102.8284,,,,,,21924.17693548387,,3.4,-0.08099999999999996,2.081
1996-09-30 23:59:59.999999999,224.9193,2.915,0.854,1.84,,100.6877,japan,97.80266333333334,,222.0043,-0.8468000000000018,,,8.29997508109834,,132733787.9724853,,,7.1135018666794,103.87633333333332,104.6538,,,,,,21103.77078125,,3.333333333333333,0.08899999999999986,2.061
1996-12-31 23:59:59.999999999,217.1478,2.765,0.72,1.66,,99.5535,japan,98.07415,,214.3828,-7.6214999999999975,,,8.66648826800899,,134225811.45806086,,,7.38561941726473,105.93823333333334,106.7833,,,,,,20800.458032786883,,3.3666666666666667,0.16500000000000026,2.045
1997-03-31 23:59:59.999999999,204.561,2.45,0.715,1.49,,99.65485,japan,97.83660000000002,,202.11100000000002,-12.271799999999985,,,9.04881937688183,4492448605638.94,134529624.7613509,,,7.79459693743458,108.5411,108.8115,,,,126057000.0,,18289.24327586207,,3.333333333333333,0.18500000000000016,1.7350000000000003
1997-06-30 23:59:59.999999999,220.9335,2.639,0.905,1.67,,100.2533,japan,99.90668,,218.2945,16.18349999999998,,,9.51729715046295,,133558263.77892058,,,7.56315234423963,107.96643333333331,108.6087,,,,,,19576.47650793651,,3.333333333333333,0.20399999999999996,1.7339999999999998
1997-09-30 23:59:59.999999999,211.7146,2.12,0.605,1.28,,99.29348,japan,99.87275,,209.59459999999999,-8.699900000000014,,,9.22554475306146,,133812900.28436504,,,7.34802944762179,108.33826666666666,107.696,,,,,,19192.58968253968,,3.4333333333333336,0.16500000000000004,1.5150000000000001
1997-12-31 23:59:59.999999999,196.9497,1.94,0.626,1.211,,98.65914000000001,japan,100.14423,,195.0097,-14.584899999999976,,,9.673534032187,,133870577.12199794,,,7.4174872940006,105.76926666666668,104.6538,,,,,,16461.718524590164,,3.5,0.1439999999999998,1.314
1998-03-31 23:59:59.999999999,192.639,1.875,0.627,1.184,,98.51106999999999,japan,99.737,,190.764,-4.245699999999999,,,9.59325155404076,4098362709531.24,132208468.68186581,,,7.16303700886605,103.60606666666666,101.1966,,,,126400000.0,,16538.451333333334,,3.6666666666666665,0.13400000000000012,1.248
1998-06-30 23:59:59.999999999,185.7564,1.615,0.56,1.011,,98.23357,japan,100.24606666666666,,184.1414,-6.622600000000006,,,9.65420925056392,,131659809.34800188,,,6.85128034467834,100.48793333333332,100.2399,,,,,,15558.496935483872,,4.066666666666666,0.15300000000000025,1.055
1998-09-30 23:59:59.999999999,190.4238,0.782,0.355,0.615,,98.32196,japan,99.66914333333334,,189.6418,5.500399999999985,,,9.74059481829492,,131888300.51654272,,,7.09449068744374,99.24779333333332,99.49583,,,,,,15287.001428571428,,4.266666666666667,-0.09299999999999997,0.42700000000000005
1998-12-31 23:59:59.999999999,228.4055,2.218,0.77,1.44,,98.95399,japan,100.6872,,226.1875,36.54570000000001,,,8.88216166658971,,132949963.90186231,,,6.1334227889724,98.57457,98.32654000000001,,,,,,14079.279516129032,,4.4,0.1080000000000001,1.448
1999-03-31 23:59:59.999999999,220.1546,1.764,0.275,0.859,,99.26278,japan,99.63519333333332,,218.39059999999998,-7.796900000000022,,,8.71144506371684,4635982224063.88,131102958.55665313,,,6.40649639973099,100.02732,100.8777,,,,126631000.0,,14523.734166666669,,4.6000000000000005,0.32100000000000006,1.4889999999999999
1999-06-30 23:59:59.999999999,214.9929,1.87,0.45,1.095,,99.42200000000001,japan,99.97458,,213.1229,-5.267699999999991,,,8.88749069163514,,131623088.05400313,,,6.58288243676927,99.99187666666668,100.0273,,,,,,16792.048360655735,,4.733333333333333,0.13000000000000017,1.4200000000000002
1999-09-30 23:59:59.999999999,246.5215,1.73,0.27,0.885,,99.70045,japan,99.66913,,244.7915,31.668600000000026,,,9.19844402734398,,132319221.67553055,,,6.81265763058306,101.44463333333334,102.2596,,,,,,17730.510000000002,,4.7,0.22999999999999998,1.46
1999-12-31 23:59:59.999999999,256.6081,1.675,0.275,0.935,,99.97546,japan,99.66914,,254.93309999999997,10.141599999999954,,,9.17125145072316,,132361637.71565746,,,6.8810992417781,102.82653333333332,103.11,,,,,,18179.88868852459,,4.633333333333333,0.07999999999999996,1.4
2000-03-31 23:59:59.999999999,255.6675,1.781,0.465,1.145,,100.2539,japan,99.02435,,253.88649999999998,-1.0465999999999838,,,9.23760669450125,4968359075956.59,134651374.50615963,,,7.1130118472311,103.4289,104.3856,,,,126843000.0,,19507.62360655738,,4.833333333333333,-0.044000000000000095,1.3159999999999998
2000-06-30 23:59:59.999999999,248.2511,1.761,0.52,1.11,,100.5324,japan,99.26190333333334,,246.4901,-7.396399999999971,,,9.56526683648042,,135249911.96128392,,,7.38052676135689,106.01553333333334,106.7242,,,,,,17814.146451612905,,4.7,0.06099999999999972,1.2409999999999999
2000-09-30 23:59:59.999999999,243.1713,1.847,0.61,1.17,,100.4375,japan,99.02435,,241.3243,-5.165800000000019,,,9.79752917710271,,135288372.5373514,,,7.84170508520431,106.7596,105.7675,,,,,,16478.601746031745,,4.666666666666667,0.1170000000000001,1.237
2000-12-31 23:59:59.999999999,231.0329,1.646,0.47,0.96,,99.64137,japan,98.88860333333334,,229.38690000000003,-11.937399999999968,,,9.91960605157966,,136594629.47681555,,,8.26914379362779,107.99973333333332,108.8501,,,,,,14828.509677419355,,4.733333333333333,0.19599999999999995,1.176
2001-03-31 23:59:59.999999999,212.1617,1.278,0.136,0.543,21545200000000.0,99.20975,,-0.4112406,-0.7400555041628119,210.8837,-18.50320000000002,69.13055,120.999523809524,9.43763009050816,135646400.0,122635925.0,21545575.0,67822550000000.0,8.19531406940249,103.9604,103.9604,1.169,0.10667,299148225876404.0,127149000.0,86213700.0,79.86015999999998,2.05,4.766667,0.32799999999999996,1.142
2001-06-30 23:59:59.999999999,213.629,1.194,0.059,0.365,21733425000000.0,98.35426,,-0.7179486999999998,,212.435,1.5512999999999977,68.87142,122.204761904762,9.26260355929075,133557425.0,121711875.0,21733825.0,68377575000000.0,8.12621475183774,100.1336,100.1336,1.152,0.01762,309224141010326.0,,86146040.0,83.13096999999999,1.74,4.9,0.5229999999999999,1.135
2001-09-30 23:59:59.999999999,223.6711,1.415,0.087,0.509,21770275000000.0,97.8406,,-0.719671,,222.2561,9.821100000000001,68.4135,118.873684210526,9.21675773443603,131761700.0,120399475.0,21770675.0,68335149999999.99,7.84978836443627,95.56277,95.56277,1.346,0.0050499999999999,319850522049453.0,,86035650.0,66.64414000000001,1.91,5.133333,0.484,1.328
2001-12-31 23:59:59.999999999,203.3495,1.368,0.117,0.548,22043400000000.0,98.22787,,-0.9265614,,201.9815,-20.274599999999992,68.37026,127.033333333333,8.9301970675951,130974775.0,119971550.0,22043800.0,68225725000000.01,7.67461077556312,95.03127,95.03126999999999,1.334,0.0018399999999999,337351214320211.0,,86148560.0,65.63918000000001,2.45,5.366667,0.389,1.2510000000000001
2002-03-31 23:59:59.999999999,201.3772,1.395,0.05,0.515,22051225000000.0,98.78705,,-1.376462,-0.923494026942286,199.98219999999998,-1.9993000000000336,68.44327,131.24,9.51967243966948,131372925.0,120185000.0,22051625.0,68622575000000.0,7.90169917069022,96.09426,96.09425999999999,1.421,0.00205,369430428910650.0,127445000.0,85837510.0,69.91301999999999,2.95,5.266667,0.415,1.345
2002-06-30 23:59:59.999999999,222.8407,1.32,0.069,0.414,22130975000000.0,98.80704,,-0.8608815999999999,,221.5207,21.538500000000028,68.15191999999999,123.255,9.95173432643943,131053275.0,121143225.0,22131375.0,69186575000000.0,7.92282147653619,98.64544,98.64544000000001,1.328,0.0014,405777294300524.0,,85734920.0,68.10614,2.91,5.4,0.5610000000000002,1.2510000000000001
2002-09-30 23:59:59.999999999,219.5142,1.186,0.06,0.344,22302000000000.0,98.50986999999999,,-0.7939246999999999,,218.32819999999998,-3.192500000000024,68.25468000000001,120.833333333333,9.85402100336526,131052125.0,121545025.0,22302425.0,69238975000000.01,7.90951469155909,100.4525,100.4525,1.129,0.0052599999999999,415515232862143.1,,85635160.0,59.0576,2.48,5.433333,0.558,1.126
2002-12-31 23:59:59.999999999,225.192,0.909,0.06,0.303,22267250000000.0,98.22955,,-0.5542084999999999,,224.28300000000002,5.954800000000034,68.3152,122.006,10.2596951660741,131103550.0,121873900.0,22267675.0,69077875000000.0,8.44932829567003,100.2399,100.2399,0.975,0.0019499999999999,423386093098837.06,,85427540.0,54.53041999999999,2.54,5.3333330000000005,0.36300000000000004,0.849
2003-03-31 23:59:59.999999999,225.5202,0.709,0.07,0.25,22386475000000.0,98.3244,,-0.2442427999999998,-0.2565418163160599,224.81119999999999,0.5281999999999698,68.38818,118.652380952381,10.2291790936853,130344875.0,121950300.0,22386875.0,69367149999999.99,8.68906093743227,101.9479,101.9479,0.724,0.002,424262774676699.1,127718000.0,85394880.0,51.72439,2.41,5.3333330000000005,0.27899999999999997,0.639
2003-06-30 23:59:59.999999999,222.7501,0.846,0.084,0.355,22585250000000.0,99.12595999999999,,-0.2431399999999999,,221.9041,-2.9070999999999856,68.50533,118.339047619048,10.2989716922226,131128175.0,122774875.0,22585675.0,69240649999999.99,8.43515216800682,100.9697,100.9697,0.529,0.001,428162900000000.0,,85438600.0,56.67443000000001,3.19,5.433333,0.22000000000000003,0.762
2003-09-30 23:59:59.999999999,239.0952,1.394,0.195,0.669,22669300000000.0,99.54961,,-0.243563,,237.7012,15.7971,68.47100999999999,114.95,10.5139169789069,131095800.0,123157100.0,22669700.0,69206649999999.99,8.35206469499056,103.4695,103.4695,1.42,0.002,436543800000000.0,,85262370.0,66.95549,3.38,5.166667,0.25099999999999983,1.1989999999999998
2003-12-31 23:59:59.999999999,249.852,1.37,0.125,0.606,22766200000000.0,100.0255,,-0.3134795999999999,,248.482,10.7808,68.91304000000001,107.795238095238,10.5253336712106,131599950.0,124495725.0,22766625.0,70154550000000.0,8.37196335500725,104.5563,104.5563,1.33,0.001,437700300000000.0,,85179810.0,65.23371,3.23,5.033333,0.28300000000000014,1.245
2004-03-31 23:59:59.999999999,257.5083,1.45,0.13,0.63,22870750000000.0,100.5272,,-0.1399091,-0.0085733882030604,256.05830000000003,7.576300000000032,68.73340999999999,108.513043478261,11.1285574225723,132342000.0,125439425.0,22871150.0,70121024999999.99,8.79175011570466,105.5345,105.5345,1.418,0.001,441971600000000.0,127761000.0,85140550.0,73.33594999999998,3.69,4.9,0.31999999999999995,1.3199999999999998
2004-06-30 23:59:59.999999999,245.4726,1.786,0.179,0.835,22773300000000.0,101.2997,,-0.3133704999999999,,243.6866,-12.371700000000033,68.64763,109.468181818182,11.6943087027261,131912575.0,125412700.0,22773700.0,70225850000000.01,9.14116134265379,107.8169,107.8169,1.807,0.001,445443300000000.0,,84926460.0,74.69481,3.72,4.733333,0.2950000000000001,1.607
2004-09-30 23:59:59.999999999,243.5002,1.449,0.14,0.632,22869500000000.0,101.6444,,-0.1046389999999999,,242.0512,-1.6354000000000042,68.96691,110.068181818182,11.6212689043187,132619500.0,126195025.0,22869900.0,70746650000000.0,9.41367052947174,108.143,108.14299999999999,1.393,0.001,454139800000000.0,,84881280.0,72.31615999999998,3.55,4.766667,0.32500000000000007,1.3090000000000002
2004-12-31 23:59:59.999999999,262.2591,1.441,0.115,0.61,22872600000000.0,101.3855,,0.524109,,260.8181,18.76690000000002,69.02600000000001,103.846086956522,11.6029652161689,132480050.0,125957950.0,22873025.0,70381825000000.0,9.71150601619604,105.9693,105.9693,1.3969999999999998,0.001,457254900000000.0,,84779650.0,71.72182,3.36,4.533333,0.3360000000000001,1.326
2005-03-31 23:59:59.999999999,251.4596,1.33,0.11,0.544,23094650000000.0,101.2469,,0.0350262699999999,-0.282946068764429,250.12959999999998,-10.688500000000033,69.07596,105.276956521739,11.7263213360681,132478950.0,126597825.0,23095075.0,70800625000000.0,9.82726625564389,108.7951,108.7951,1.325,0.002,462729700000000.0,127773000.0,84602520.0,76.85944999999998,3.3,4.533333,0.352,1.22
2005-06-30 23:59:59.999999999,243.0727,1.174,0.08,0.41,22996100000000.0,101.4536,,-0.1047851999999998,,241.8987,-8.230899999999991,69.4106,108.706818181818,12.0745811308512,132834975.0,127576275.0,22996500.0,71255125000000.0,10.3713237625687,108.7951,108.7951,1.143,0.001,466183000000000.0,,84511590.0,74.73413000000002,3.46,4.433333,0.434,1.0939999999999999
2005-09-30 23:59:59.999999999,237.0886,1.484,0.235,0.78,22955275000000.0,101.4989,,-0.3142458,,235.6046,-6.294099999999986,69.79298,111.104545454545,12.3198164002827,133642750.0,128874875.0,22955700.0,71923275000000.0,11.0249198303933,109.0125,109.0125,1.45,0.001,476367700000000.0,,84449770.0,85.9847,3.42,4.3,0.15899999999999992,1.249
2005-12-31 23:59:59.999999999,227.7592,1.48,0.292,0.86,23058575000000.0,101.8587,,-0.7646854999999999,,226.2792,-9.325400000000002,69.47572,118.373636363636,13.0725185565659,133686675.0,129105200.0,23059000.0,71951900000000.0,11.7175935335624,110.6428,110.6428,1.4880000000000002,0.001,481028300000000.0,,84187690.0,103.9335,3.89,4.433333,0.05199999999999999,1.188
2006-03-31 23:59:59.999999999,226.8175,1.78,0.69,1.31,22992175000000.0,101.9839,,-0.1400559999999999,0.2493551160791049,225.0375,-1.2417000000000087,69.88044000000001,117.287826086957,13.6783143614612,133641925.0,129310575.0,22992625.0,72200000000000.0,12.3882794451333,111.5123,111.5123,1.759,0.002,483412300000000.0,127854000.0,84215270.0,107.4003,3.81,4.2,-0.15000000000000013,1.09
2006-06-30 23:59:59.999999999,234.0803,1.93,0.849,1.42,23100275000000.0,101.6498,,0.1748251999999999,,232.1503,7.112799999999993,69.98071999999999,114.667727272727,13.8059916705368,133495600.0,129501050.0,23100675.0,72116450000000.0,12.2100522838609,113.3599,113.3599,1.901,0.0359999999999999,484098200000000.0,,84051720.0,98.80879,3.44,4.133333,-0.06099999999999994,1.081
2006-09-30 23:59:59.999999999,228.0896,1.675,0.66,1.139,23113275000000.0,101.5036,,0.6304728,,226.41459999999998,-5.7357000000000085,70.16173,117.185714285714,14.2214691923184,133056125.0,129245825.0,23113675.0,71555850000000.0,12.9588524555671,114.0121,114.0121,1.628,0.261,483809200000000.0,,83806370.0,103.0801,3.73,4.1,0.05700000000000005,1.0150000000000001
2006-12-31 23:59:59.999999999,225.966,1.685,0.805,1.251,23099975000000.0,101.7823,,0.3502626999999999,,224.281,-2.133599999999973,70.21191,117.371428571429,14.5526142717734,134982575.0,130989475.0,23100375.0,72650475000000.0,12.7869083331065,115.6424,115.6424,1.645,0.255,481709900000000.0,,83547080.0,106.1304,4.16,4.033333,-0.011999999999999678,0.88
2007-03-31 23:59:59.999999999,228.5689,1.659,0.82,1.195,23232400000000.0,101.5758,,-0.1051892999999999,0.0600394544986545,226.90990000000002,2.628900000000016,70.61922,117.304090909091,15.1763291140175,135495650.0,131864100.0,23232925.0,72699350000000.0,12.9759250223122,115.0989,115.0989,1.629,0.509,483089300000000.0,128001000.0,83419210.0,110.3353,4.58,4.0,0.08899999999999986,0.8390000000000001
2007-06-30 23:59:59.999999999,218.2754,1.879,1.025,1.478,23444850000000.0,100.8664,,-0.0698080299999999,,216.3964,-10.513500000000022,70.99104,122.698571428571,15.2893057268381,135506150.0,131909000.0,23445225.0,73101725000000.0,13.4404687213195,116.0771,116.0771,1.903,0.51,483094700000000.0,,83306290.0,113.9986,4.77,3.766667,-0.052000000000000046,0.8540000000000001
2007-09-30 23:59:59.999999999,235.7652,1.685,0.87,1.204,23407925000000.0,100.3993,,-0.1392272999999999,,234.0802,17.68379999999999,70.61211999999999,115.0515,15.790757608062,134117750.0,131193325.0,23408300.0,72382375000000.0,13.5484946392069,117.3813,117.3813,1.698,0.51,481974700000000.0,,83002740.0,100.6234,4.66,3.733333,0.14700000000000013,0.8150000000000001
2007-12-31 23:59:59.999999999,243.9689,1.51,0.715,1.015,23594325000000.0,99.3818,,0.4886561999999999,,242.4589,8.37870000000001,71.07670999999999,112.4565,16.2177593184127,134208800.0,131747325.0,23594725.0,72506575000000.0,14.4563521176458,118.3595,118.3595,1.526,0.4969999999999999,484547200000000.0,,82994840.0,97.12053,4.68,3.833333,0.19500000000000017,0.795
2008-03-31 23:59:59.999999999,274.9655,1.284,0.575,0.749,23611250000000.0,98.51923000000001,,0.982801,1.38007886164926,273.6815,31.22260000000003,70.87878,100.706666666667,15.9628757957897,134406925.0,132274700.0,23611875.0,72821675000000.0,14.1768863081012,118.2398,118.2398,1.245,0.511,481684800000000.0,128063000.0,82817450.0,79.11561999999996,4.58,3.9,0.361,0.7090000000000001
2008-06-30 23:59:59.999999999,257.6476,1.601,0.805,1.18,23296925000000.0,97.28018,,1.327279,,256.0466,-17.634900000000016,70.9483,106.933571428571,15.6693740396903,133396050.0,131473450.0,23297275.0,71998550000000.0,15.0417222542989,115.1606,115.1606,1.601,0.509,481181200000000.0,,82722220.0,89.00539999999998,3.4,3.966667,0.04600000000000015,0.7959999999999999
2008-09-30 23:59:59.999999999,258.0297,1.472,0.764,1.054,23294125000000.0,96.73692,,2.161032,,256.5577,0.511099999999999,70.8895,106.644545454545,16.7195779652486,130804875.0,129835350.0,23294450.0,71780425000000.0,16.9582907026918,112.3894,112.3894,1.481,0.4949999999999999,479657500000000.0,,82452270.0,75.19181999999996,2.67,4.0,0.1279999999999999,0.708
2008-12-31 23:59:59.999999999,304.8398,1.174,0.38,0.689,23398625000000.0,96.16579,,1.042028,,303.66580000000005,47.108100000000036,70.75374000000001,91.30975,13.1205607753306,129233025.0,126596350.0,23398950.0,70673950000000.0,13.7087595798442,94.53023,94.53023,1.214,0.2109999999999999,479752100000000.0,,82341940.0,53.48485,2.07,4.066667,0.17600000000000005,0.7939999999999999
2009-03-31 23:59:59.999999999,280.0203,1.353,0.42,0.79,23485475000000.0,96.69819,,-0.1042752999999999,-1.35283672951723,278.6673,-24.998500000000035,70.17081,97.8045454545455,9.27109164280865,123055225.0,120528200.0,23486250.0,70336475000000.01,9.89118145213548,80.36609,80.36609,1.323,0.1,481907700000000.0,128047000.0,82099670.0,48.79136,1.82,4.566667,0.1929999999999999,0.933
2009-06-30 23:59:59.999999999,287.6518,1.359,0.32,0.725,23810200000000.0,98.58769000000001,,-0.9307135,,286.2928,7.625499999999988,69.93411,96.62659090909088,10.2421151386887,124463050.0,122911600.0,23810525.0,70961800000000.0,9.5702738785329,88.37189999999998,88.3719,1.3630000000000002,0.1039999999999999,483382900000000.0,,81905670.0,59.40634,2.94,5.1,0.22900000000000004,1.039
2009-09-30 23:59:59.999999999,310.7051,1.301,0.25,0.601,24053725000000.0,99.48415,,-2.251791,,309.4041,23.11130000000003,70.15184,91.34,11.7237189393491,123406575.0,122847725.0,24054000.0,71482800000000.0,10.8969624723561,93.50384,93.50384,1.258,0.1019999999999999,483782600000000.0,,81865280.0,60.42355,2.86,5.433333,0.349,1.051
2009-12-31 23:59:59.999999999,299.5331,1.295,0.152,0.473,24108450000000.0,99.44068,,-2.028188,,298.2381,-11.166000000000054,70.11480999999999,89.9173913043478,12.7492514531327,124123375.0,124333525.0,24108675.0,71939050000000.0,11.3443049708346,98.84105,98.84105,1.272,0.1009999999999998,484882600000000.0,,81666050.0,57.62783,3.48,5.2,0.501,1.143
2010-03-31 23:59:59.999999999,298.5078,1.4,0.181,0.559,23901525000000.0,99.87508000000001,,-0.8698677999999999,-0.728243207517766,297.1078,-1.130299999999977,70.23416,90.705652173913,12.9898405312355,125374550.0,125661200.0,23902575.0,72206050000000.0,11.5106474024262,101.7149,101.7149,1.361,0.0969999999999999,486890600000000.0,128070000.0,81669660.0,60.43322,3.88,5.033333,0.4629999999999998,1.2189999999999999
2010-06-30 23:59:59.999999999,315.5952,1.091,0.155,0.354,24339650000000.0,100.1241,,-0.8002784,,314.50419999999997,17.39639999999997,70.02148000000001,90.8295454545455,13.4042240482228,126236375.0,127204025.0,24339875.0,72738925000000.0,12.2584885428311,101.9202,101.9202,1.08,0.095,491189300000000.0,,81517840.0,56.32634,3.21,5.133333,0.538,0.9359999999999999
2010-09-30 23:59:59.999999999,334.5344,0.94,0.141,0.268,24439825000000.0,99.83426999999999,,-1.012216,,333.5944,19.09020000000004,70.50461999999999,84.3722727272727,13.2301192616289,127731550.0,129478600.0,24440050.0,73827900000000.0,12.009383571899,104.9994,104.9994,0.898,0.0909999999999999,495306400000000.0,,81484020.0,54.00055,3.42,5.066667,0.5449999999999999,0.7989999999999999
2010-12-31 23:59:59.999999999,344.5025,1.128,0.18,0.409,24567475000000.0,99.95073000000001,,-0.2807018,,343.3745,9.780100000000004,70.46342,83.27,13.8165585321516,126332850.0,128404050.0,24567600.0,72589850000000.0,12.2438173746367,104.0756,104.0756,1.133,0.0869999999999999,499924000000000.0,,81375550.0,57.70776,3.74,5.0,0.48999999999999994,0.948
2011-03-31 23:59:59.999999999,337.2319,1.26,0.21,0.5,24699500000000.0,98.90111999999999,,-0.5265005,-0.272455616101245,335.9719,-7.402600000000007,71.02554,81.66,13.4857753499302,124670400.0,127077875.0,24700850.0,71400725000000.0,12.8885991802404,88.57718,88.57718,1.214,0.085,507443700000000.0,127833000.0,80632960.0,56.80851,2.83,4.733333,0.47,1.05
2011-06-30 23:59:59.999999999,346.5248,1.14,0.175,0.43,24817425000000.0,98.17141,,-0.3858294999999999,,345.38480000000004,9.412900000000036,71.11006,80.39590909090909,12.7457229918241,122667575.0,125999050.0,24817525.0,71919800000000.0,14.0932000903973,100.0727,100.0727,1.084,0.069,515499300000000.0,,80509000.0,52.99171,1.45,4.666667,0.4549999999999999,0.9649999999999999
2011-09-30 23:59:59.999999999,363.476,1.032,0.147,0.373,24909250000000.0,98.95585,,0.1410436999999999,,362.444,17.059199999999976,70.44751,76.8177272727273,13.6494117041312,125259800.0,129017750.0,24909450.0,73042350000000.0,14.1808614901846,101.9202,101.9202,0.975,0.08,521030200000000.0,,81124230.0,48.607,1.95,4.466667,0.43300000000000005,0.885
2011-12-31 23:59:59.999999999,364.3524,0.988,0.136,0.349,24990525000000.0,99.32465,,-0.3166784,,363.3644,0.9203999999999724,70.53958,77.81409090909091,12.8443002169142,125075525.0,128834125.0,24990625.0,73465650000000.0,13.7760272048046,103.5624,103.5624,0.971,0.0779999999999999,526120800000000.0,,80961630.0,47.1927,1.47,4.466667,0.42600000000000005,0.852
2012-03-31 23:59:59.999999999,340.9337,0.989,0.118,0.318,25235575000000.0,99.50378,,0.3175722999999999,-0.0440645104432608,339.9447,-23.419699999999978,70.28775,82.44363636363641,12.7288221367624,126868225.0,130693400.0,25237100.0,73770550000000.0,13.7725804451554,103.4598,103.4598,0.966,0.084,529882400000000.0,127629000.0,80910260.0,54.86885,1.31,4.5,0.471,0.871
2012-06-30 23:59:59.999999999,351.9143,0.837,0.114,0.22,25177325000000.0,99.52325,,0.1760562999999999,,351.07730000000004,11.132600000000025,70.70764,79.302380952381,13.2699343811689,125040300.0,129473250.0,25177400.0,73907675000000.0,14.8475026362478,100.3806,100.3806,0.789,0.0759999999999999,532394300000000.0,,80599490.0,47.26297,1.24,4.4,0.511,0.723
2012-09-30 23:59:59.999999999,361.0378,0.778,0.098,0.197,25253975000000.0,99.52354,,-0.4225351999999999,,360.2598,9.182499999999948,70.69085,78.148,12.7261334655553,124381550.0,128939400.0,25254150.0,73877800000000.0,14.2112214099931,96.48036,96.48036,0.757,0.085,539518700000000.0,,80137670.0,47.91854,0.79,4.233333,0.482,0.68
2012-12-31 23:59:59.999999999,324.9068,0.791,0.098,0.185,25428225000000.0,99.79987,,-0.2470878999999999,,324.1158,-36.144000000000005,70.79216,83.7976190476191,12.038713563055,124325325.0,128858500.0,25428250.0,74199275000000.0,13.4593216100404,97.40411,97.40411,0.7809999999999999,0.0819999999999999,543631000000000.0,,79811090.0,52.54628,0.88,4.166667,0.519,0.6930000000000001
2013-03-31 23:59:59.999999999,299.1219,0.551,0.052,0.136,25376500000000.0,100.7976,,-0.6683080999999998,0.335037912184772,298.5709,-25.544899999999984,71.35176,94.79761904761908,13.3446626631576,125735300.0,130662925.0,25378000.0,75304300000000.0,15.3869694274781,97.89037,97.89036999999999,0.4919999999999999,0.08,551421000000000.0,127445000.0,79703710.0,66.35535,0.63,4.2,0.331,0.49900000000000005
2013-06-30 23:59:59.999999999,282.8154,0.853,0.132,0.313,25716375000000.0,100.6515,,-0.2811950999999999,,281.9624,-16.608499999999992,71.83305,97.5115,14.1748448191986,126881875.0,131846975.0,25716600.0,75873025000000.0,16.3275829625933,98.5903,98.5903,0.822,0.07,559861300000000.0,,79141840.0,70.23016,1.78,4.033333,0.359,0.721
2013-09-30 23:59:59.999999999,286.5327,0.686,0.108,0.243,25719575000000.0,100.5352,,0.884017,,285.8467,3.884299999999996,71.94779,99.3109523809524,13.9126684488955,128217225.0,133079300.0,25719700.0,76282225000000.0,15.9075682326491,101.19,101.19,0.669,0.07,567291400000000.0,,79001730.0,76.50298000000002,0.46,3.933333,0.30800000000000005,0.5780000000000001
2013-12-31 23:59:59.999999999,267.6007,0.741,0.094,0.246,25777250000000.0,99.89519,,1.415428,,266.85970000000003,-18.986999999999966,72.35866999999999,103.548181818182,13.5605642174266,128133975.0,132923975.0,25777300.0,76147900000000.0,16.4214532728924,101.89,101.89,0.688,0.07,574685500000000.0,,78815720.0,81.02563,-0.24,3.866667,0.34299999999999997,0.647
2014-03-31 23:59:59.999999999,273.2855,0.642,0.089,0.2,25853550000000.0,98.91194,,1.522663,2.759226713532529,272.6435,5.783799999999985,72.64843,102.297619047619,13.6718101182133,129141825.0,134018550.0,25854950.0,77644150000000.0,17.3387516514264,104.2897,104.2897,0.6049999999999999,0.07,579405300000000.0,127276000.0,78460050.0,76.60934,,3.666667,0.33099999999999996,0.553
2014-06-30 23:59:59.999999999,277.9573,0.566,0.073,0.169,25770525000000.0,99.55025,,3.560099,,277.3913,4.747799999999984,72.6534,102.039523809524,13.937249861643,129482050.0,131620000.0,25770950.0,73841425000000.0,16.3346318739652,100.5901,100.5901,0.536,0.07,583781500000000.0,,78275770.0,80.33395,,3.633333,0.30099999999999993,0.49299999999999994
2014-09-30 23:59:59.999999999,256.7491,0.531,0.077,0.175,25941500000000.0,99.54191999999999,,3.364879,,256.2181,-21.17320000000001,72.97043000000001,107.233636363636,14.2229617625571,129570850.0,131703875.0,25941625.0,74490525000000.0,16.3299704102391,100.5901,100.5901,0.497,0.07,590888500000000.0,,78004200.0,84.71029,,3.566667,0.25800000000000006,0.454
2014-12-31 23:59:59.999999999,235.3683,0.329,-0.022,0.03,26005100000000.0,99.21556,,2.581996,,235.0393,-21.178799999999995,73.12964000000001,119.321304347826,14.544556327961,130530300.0,132303850.0,26004975.0,74615925000000.0,16.2189490061798,100.1901,100.1901,0.33,0.07,601323400000000.0,,77807030.0,90.98632,,3.466667,0.24700000000000003,0.35100000000000003
2015-03-31 23:59:59.999999999,235.0464,0.405,0.046,0.141,26250600000000.0,99.84087,,2.302058,0.795279630579784,234.6414,-0.3978999999999928,73.22702,120.369545454545,14.4215016011377,133671000.0,134369325.0,26251800.0,74985175000000.0,15.2786525824916,99.29023,99.29023000000001,0.4,0.07,608610200000000.0,127141000.0,77485050.0,100.1631,,3.5,0.16900000000000004,0.35900000000000004
2015-06-30 23:59:59.999999999,230.5439,0.465,0.009,0.127,26279625000000.0,99.92416,,0.5786248999999999,,230.0789,-4.5625,73.26231,123.697272727273,14.2853136274901,134545525.0,134577575.0,26280725.0,75070125000000.0,14.8578876800384,100.4901,100.4901,0.455,0.07,615247400000000.0,,77420440.0,106.5378,,3.366667,0.22000000000000003,0.456
2015-09-30 23:59:59.999999999,235.5238,0.356,0.02,0.066,26406000000000.0,99.89014,,0.1017293999999999,,235.1678,5.088899999999995,73.6899,120.034545454545,14.1615726420121,134984950.0,134695525.0,26406150.0,75284050000000.0,14.7080130294125,100.4901,100.4901,0.3499999999999999,0.07,621987800000000.0,,77147620.0,93.87422,,3.366667,0.24399999999999997,0.33599999999999997
2015-12-31 23:59:59.999999999,234.6771,0.265,-0.009,0.028,26623400000000.0,100.0726,,0.2380952,,234.4121,-0.7556999999999903,73.84706,121.69,13.4225757737807,134828925.0,134449750.0,26622250.0,74773175000000.0,13.4850524763448,98.09035,98.09035,0.27,0.07,628565300000000.0,,76915720.0,99.94139,,3.266667,0.2,0.274
2016-03-31 23:59:59.999999999,251.9171,-0.029,-0.184,-0.182,26941100000000.0,99.7815,,0.0340947799999999,-0.127258844489712,251.9461,17.533999999999992,74.13969,112.970434782609,12.8756042936772,136316550.0,135494050.0,26942350.0,74813425000000.0,12.4882333344096,99.89017,99.89017,-0.05,-0.003,642020200000000.0,127076000.0,76666090.0,87.52148000000001,,3.233333,0.15099999999999997,0.155
2016-06-30 23:59:59.999999999,276.2746,-0.217,-0.295,-0.306,26705650000000.0,99.95914,,-0.3722503999999999,,276.4916,24.545500000000004,74.38332,105.433181818182,12.7796627510992,135837600.0,135268450.0,26708500.0,74378825000000.0,11.9472739899812,99.19024,99.19024,-0.23,-0.055,658620500000000.0,,76562860.0,83.08069,,3.166667,0.10000000000000003,0.07799999999999999
2016-09-30 23:59:59.999999999,279.6532,-0.089,-0.287,-0.245,26804775000000.0,100.1824,,-0.4742547999999999,,279.7422,3.25060000000002,74.80885,101.969545454545,12.5683324402287,135905200.0,135534250.0,26804800.0,74671225000000.0,11.7974721918849,100.9901,100.9901,-0.085,-0.0519999999999999,670508600000000.0,,76394710.0,86.00596999999999,,3.0333330000000003,0.11400000000000005,0.19799999999999998
2016-12-31 23:59:59.999999999,242.2367,0.046,-0.18,-0.108,26804800000000.0,100.1374,,0.3053952999999999,,242.19070000000002,-37.551500000000004,74.93375,116.082272727273,13.0414522993761,136135700.0,135720550.0,26801200.0,74835400000000.0,12.3067940201166,101.49,101.49,0.04,-0.0439999999999999,686223300000000.0,,76374130.0,98.21703,,3.0,0.08200000000000002,0.22599999999999998
2017-03-31 23:59:59.999999999,253.5868,0.07,-0.186,-0.118,26876575000000.0,100.4635,,0.3408315999999999,0.484199796126422,253.51680000000002,11.326099999999997,74.91708,113.031739130435,14.0640962411728,136919275.0,136794450.0,26876400.0,75247650000000.0,13.4857483131126,101.49,101.49,0.065,-0.042,698861200000000.0,126972000.0,76084110.0,100.0903,,2.9,0.12,0.256
2017-06-30 23:59:59.999999999,250.8759,0.086,-0.12,-0.064,26746450000000.0,100.516,,0.4076086999999999,,250.7899,-2.726900000000029,75.37791,110.881818181818,13.9196937310298,137638875.0,137341900.0,26756400.0,75663250000000.0,13.6580744595008,102.9899,102.9899,0.075,-0.0559999999999998,708769800000000.0,,76202700.0,103.3824,,2.866667,0.094,0.206
2017-09-30 23:59:59.999999999,250.4692,0.068,-0.121,-0.08,26853375000000.0,100.6582,,0.6126616999999999,,250.4012,-0.38870000000000005,75.61219,110.665238095238,14.1574689943261,139283550.0,138476125.0,26851375.0,75402325000000.0,13.482631312262,102.5899,102.5899,0.06,-0.0579999999999998,721185000000000.0,,76045940.0,105.6405,,2.8,0.10700000000000001,0.189
2017-12-31 23:59:59.999999999,250.2383,0.048,-0.132,-0.101,26854850000000.0,100.7197,,0.5751015,,250.1903,-0.210899999999981,75.95721,112.951904761905,14.5365372562893,139199075.0,138608575.0,26845350.0,75622550000000.0,13.9728670992118,105.4896,105.4896,0.045,-0.042,733531000000000.0,,75884830.0,116.6513,,2.7,0.118,0.18
2018-03-31 23:59:59.999999999,264.9905,0.049,-0.133,-0.101,27053750000000.0,100.6337,,1.290761,0.9890945980218108,264.9415,14.751200000000011,76.59308,106.024545454545,14.476460603967,139606875.0,138719650.0,27051000.0,75544100000000.0,14.4284216126009,105.1618,105.1618,0.045,-0.0619999999999999,743301200000000.0,126811000.0,75881530.0,110.6344,,2.466667,0.118,0.182
2018-06-30 23:59:59.999999999,254.3613,0.036,-0.115,-0.108,27031925000000.0,100.5815,,0.6765899999999999,,254.3253,-10.61620000000002,76.91143000000001,110.009523809524,14.7032023278992,139723175.0,139270975.0,27059175.0,75702075000000.0,14.4013337026935,103.7038,103.7038,0.03,-0.0709999999999999,754458900000000.0,,75658460.0,113.6132,,2.366667,0.137,0.151
2018-09-30 23:59:59.999999999,247.886,0.13,-0.111,-0.067,27070250000000.0,100.4493,,1.116373,,247.756,-6.569299999999998,77.17795,111.9375,14.695962607271,138842175.0,138469975.0,27056475.0,75717100000000.0,15.0939461886234,102.1546,102.1546,0.125,-0.0579999999999998,764851000000000.0,,75578580.0,112.7055,,2.433333,0.15300000000000002,0.241
2018-12-31 23:59:59.999999999,256.733,0.003,-0.141,-0.142,27257950000000.0,100.1284,,0.8745374999999999,,256.73,8.974000000000018,77.36764000000001,112.224761904762,14.7392956745525,138365325.0,138232900.0,27245650.0,75581075000000.0,15.4319337896071,104.4328,104.4328,-0.01,-0.068,773895500000000.0,,75328660.0,100.4797,,2.466667,0.146,0.144
2019-03-31 23:59:59.999999999,254.5716,-0.081,-0.169,-0.195,27338175000000.0,99.7089,,0.3018108999999999,0.468776159383928,254.65259999999998,-2.07740000000004,77.62021,111.228095238095,14.0392224841718,139700200.0,138566875.0,27329450.0,75394150000000.0,14.3213172176115,102.7014,102.7014,-0.095,-0.0409999999999998,784928000000000.0,126633000.0,75379860.0,103.3572,,2.466667,0.13999999999999999,0.08800000000000001
2019-06-30 23:59:59.999999999,261.5579,-0.158,-0.217,-0.256,27515850000000.0,99.14935,,0.7392473,,261.71590000000003,7.063300000000055,77.8532,108.063,13.7908282725105,140230125.0,139193350.0,27567650.0,75568975000000.0,14.264826017527,102.3369,102.3369,-0.165,-0.0619999999999999,792159700000000.0,,75346940.0,99.27679,,2.333333,0.13699999999999998,0.059
2019-09-30 23:59:59.999999999,261.0671,-0.213,-0.315,-0.355,27774175000000.0,98.57306,,0.3345600999999999,,261.2801,-0.43580000000002883,77.85673,107.44380952381,13.6877721803439,140360700.0,139318925.0,27744300.0,76220350000000.0,14.0180268359824,102.428,102.428,-0.215,-0.0589999999999999,802517900000000.0,,75304980.0,102.0022,,2.333333,0.182,0.10200000000000001
2019-12-31 23:59:59.999999999,258.4994,-0.011,-0.131,-0.118,27850500000000.0,99.20259,,0.5001667,,258.5104,-2.7697000000000003,78.1249,109.178636363636,13.6573678853201,137527825.0,135406100.0,27835325.0,73585325000000.0,13.8239008866618,98.41837,98.41837,-0.025,-0.0379999999999999,818403900000000.0,,75110490.0,111.161,,2.3,0.09399999999999997,0.12000000000000001
2020-03-31 23:59:59.999999999,260.2141,0.022,-0.135,-0.093,27852325000000.0,96.92022,,0.6686727,-0.024995834027682,260.1921,1.681699999999978,78.01649,107.492272727273,13.338064974542,138619700.0,136142300.0,27833200.0,74218650000000.0,13.1080174289816,96.14017,96.14017,0.005,-0.047,833887700000000.0,126261000.0,75009780.0,89.01700000000001,,2.433333,0.07299999999999998,0.157
2020-06-30 23:59:59.999999999,260.2578,0.028,-0.131,-0.1,27913225000000.0,95.89619,,0.1334222999999999,,260.22979999999995,0.03769999999997253,77.09524,107.585909090909,11.1990782445399,128492850.0,125771250.0,28004500.0,68195575000000.0,13.1060964348905,81.92418,81.92418,0.03,-0.048,889548200000000.0,,75088950.0,102.2208,,2.733333,0.097,0.159
2020-09-30 23:59:59.999999999,265.9612,0.016,-0.127,-0.111,28564500000000.0,97.31589,,0.0333444499999999,,265.9452,5.715400000000045,77.19917,105.559545454545,12.326054445991,135046325.0,132478800.0,28514025.0,71815200000000.0,11.7501362768265,91.03699,91.03699,0.015,-0.0539999999999999,916765700000000.0,,74910140.0,105.3336,,2.966667,0.11099999999999999,0.14300000000000002
2020-12-31 23:59:59.999999999,271.6619,0.021,-0.115,-0.109,28778750000000.0,97.32553,,-0.928998,,271.6409,5.695699999999988,77.52866999999999,103.790434782609,13.5523798653205,137233775.0,134848300.0,28769600.0,73070400000000.0,12.1844524191685,94.40873,94.40873,0.02,-0.0259999999999999,932868500000000.0,,74875520.0,114.8566,,3.066667,0.12399999999999999,0.136
2021-03-31 23:59:59.999999999,253.7811,0.095,-0.124,-0.09,28747975000000.0,98.06156999999999,,-0.5313849,-0.23335277939831,253.6861,-17.954799999999977,77.82606,108.692173913043,14.4457359445928,137761200.0,135259000.0,28729075.0,72126675000000.0,13.8363114291231,96.77806,96.77806,0.12,-0.017,951705200000000.0,125681593.0,74653660.0,125.5606,,2.866667,0.15100000000000002,0.219
2021-06-30 23:59:59.999999999,252.5026,0.058,-0.093,-0.096,29251050000000.0,98.55759,,-0.7328448,,252.4446,-1.241500000000002,77.77804,110.078181818182,15.0645887725985,138550450.0,136110675.0,29372200.0,72378700000000.0,15.1065666907014,98.87401,98.87401,0.05,-0.0289999999999999,966047500000000.0,,74545470.0,125.9228,,2.9,0.157,0.151
2021-09-30 23:59:59.999999999,251.0887,0.072,-0.123,-0.076,29628650000000.0,98.98501,,,,251.0167,-1.4279000000000224,77.93091,110.146363636364,15.0248229505786,137808725.0,135468275.0,29560150.0,71545075000000.0,15.728711367013,89.57894,89.57894,0.065,-0.0219999999999999,980519200000000.0,,74335080.0,133.0395,,2.766667,0.10099999999999998,0.195
2021-12-31 23:59:59.999999999,243.1136,0.071,-0.089,-0.075,29285975000000.0,99.05020999999999,,,,243.0426,-7.974099999999993,78.07644,113.92347826087,15.4583673148194,139094825.0,137080475.0,29272850.0,73616625000000.0,16.5763019943748,96.32242,96.32242,0.07,-0.0259999999999999,997356400000000.0,,74260550.0,127.4835,,2.733333,0.13199999999999998,0.15999999999999998
2022-03-31 23:59:59.999999999,230.4251,0.22,-0.03,0.044,29499850000000.0,97.74454,,,2.49770278172251,230.2051,-12.837500000000006,78.26566,118.547391304348,16.5412586371395,139117450.0,136253450.0,29456350.0,72830250000000.0,18.6657834175935,96.04903,96.04903,0.2099999999999999,-0.008,1010863500000000.0,125124989.0,74208800.0,121.6103,,2.7,0.10200000000000001,0.25
2022-06-30 23:59:59.999999999,205.9611,0.231,-0.058,0.025,29697375000000.0,97.22652,,,,205.7301,-24.474999999999994,78.45873,133.841818181818,17.2665090404034,140227050.0,137821300.0,29735375.0,74289500000000.0,21.0852600386693,96.14017,96.14017,0.225,-0.0379999999999999,1020433700000000.0,,73987950.0,122.2176,,2.6,0.123,0.28900000000000003
2022-09-30 23:59:59.999999999,193.2584,0.244,-0.049,0.068,29748400000000.0,97.00058,,,,193.0144,-12.715699999999998,78.63654,143.216818181818,18.1764439082195,139383925.0,137220975.0,29579100.0,74380375000000.0,22.8904359736039,97.14258,97.14258000000001,0.2399999999999999,-0.049,1032719800000000.0,,74011400.0,123.9406,,2.5333330000000003,0.05899999999999998,0.293
2022-12-31 23:59:59.999999999,211.6411,0.422,0.039,0.232,29908500000000.0,96.94454,,,,211.2191,18.204700000000003,78.51649,134.829545454545,17.9924182701044,141695125.0,137588775.0,29784575.0,74362275000000.0,22.2044853428055,95.86678,95.86678,0.4099999999999999,-0.07,1045128900000000.0,,73895300.0,124.7155,,2.5333330000000003,-0.0030000000000000374,0.383
2023-03-31 23:59:59.999999999,210.3214,0.351,-0.056,0.102,29963700000000.0,97.76901,,,3.26813365933164,209.9704,-1.2486999999999853,78.63684,133.721739130435,16.5866719624797,145540000.0,139268150.0,29851225.0,75017500000000.0,19.4668233344694,95.13776,95.13776,0.32,-0.017,1055267800000000.0,124516650.0,73909380.0,128.0759,,2.6,0.091,0.407
2023-06-30 23:59:59.999999999,193.6765,0.401,-0.067,0.065,29946550000000.0,98.53341999999999,,,,193.2755,-16.69490000000002,78.97487,141.315454545455,16.5048795403134,148604775.0,140100500.0,29400325.0,74550825000000.0,18.100288993008,95.50227,95.50227,0.395,-0.066,1064624600000000.0,,73985560.0,145.4226,,2.5333330000000003,0.20400000000000001,0.468
2023-09-30 23:59:59.999999999,187.1849,0.765,0.05,0.316,30044750000000.0,98.34671,,,,186.4199,-6.855599999999981,79.16821999999999,147.645714285714,17.2372591254027,148441150.0,138647450.0,29520175.0,74438525000000.0,18.2877459838547,94.13535,94.13535,0.765,-0.0539999999999999,1076164300000000.0,,73817500.0,153.541,,2.6,0.183,0.715
2023-12-31 23:59:59.999999999,198.2805,0.614,0.053,0.207,,98.70564,,,,197.66649999999998,11.246599999999972,79.31403,144.072380952381,,148704525.0,138507700.0,29483525.0,,,95.5934,95.5934,0.62,-0.012,1081546500000000.0,,73744830.0,151.3699,,2.566667,0.253,0.5609999999999999
2024-03-31 23:59:59.999999999,184.3181,0.727,0.188,0.358,,98.94688000000001,,,2.738536816352429,183.59109999999998,-14.075400000000002,79.09872,149.714761904762,,148802050.0,138044800.0,29623425.0,,,92.31278,92.31278,0.7249999999999999,0.0219999999999999,,123975371.0,73705370.0,175.9725,,2.566667,0.199,0.5389999999999999
2024-06-30 23:59:59.999999999,173.084,1.057,0.366,0.587,,,,,,172.02700000000002,-11.564099999999968,79.49,157.889,,152416075.0,139363600.0,29872400.0,,,,,1.05,0.0769999999999999,,,73694800.0,177.8142,,2.566667,0.249,0.691
2024-09-30 23:59:59.999999999,194.7809,0.861,0.392,0.507,,,,,,193.9199,21.892899999999997,79.59966,143.201428571429,,153218500.0,139663675.0,29890375.0,,,,,0.8549999999999999,0.2269999999999998,,,73605840.0,169.3219,,2.5,0.239,0.469
2024-12-31 23:59:59.999999999,176.8261,1.101,0.605,0.745,,,,,,175.7251,-18.194800000000015,79.82137,153.892727272727,,154951450.0,140441450.0,29971550.0,,,,,1.09,0.2269999999999998,,,73727120.0,176.8363,,2.5,0.21599999999999997,0.496
2025-03-31 23:59:59.999999999,185.352,1.49,0.836,1.102,,,,,,183.862,8.136899999999997,79.84136,149.139523809524,,156330300.0,140385450.0,29820525.0,,,,,1.485,0.4769999999999999,,,73295340.0,176.9917,,2.466667,0.12199999999999978,0.654
2025-06-30 23:59:59.999999999,192.7233,1.432,0.75,0.98,,,,,,191.2913,7.429300000000012,80.22909,144.460476190476,,,,,,,,,1.42,0.4769999999999999,,,73551880.0,179.6275,,2.5,0.22199999999999998,0.6819999999999999
2025-09-30 23:59:59.999999999,188.2066,1.648,0.944,1.23,,,,,,186.5586,-4.732699999999994,80.17611,147.615714285714,,,,,,,,,1.6,0.4769999999999999,,,73450810.0,196.6423,,,0.1319999999999999,0.704
