,bond_corporate,bond_gov_10y,bond_gov_2y,bond_gov_5y,capital_formation,consumer_confidence,country,cpi_all_items,cpi_annual_growth,credit_spread,credit_spread_change,employment_level,exchange_rate_usd,exports_volume,gdp_nominal,gdp_real,government_spending,household_consumption,imports_volume,industrial_production_index,interest_rate_long_term,interest_rate_short_term,money_supply_broad,population_total,population_working_age,stock_market_index,trade_balance,unemployment_rate,yield_curve_curvature,yield_curve_slope
1980-03-31 23:59:59.999999999,,,,,,97.14544000000001,uk,28.628486666666664,,,,,,18.9924480571641,564947710899.373,,,,21.2601079151026,67.79006333333332,,,,56314216.0,,,,,,
1980-06-30 23:59:59.999999999,,,,,,96.99183000000001,uk,30.293333333333333,,,,,,18.1998284680987,,,,,19.9506713482317,65.19220666666666,,,,,,,,,,
1980-09-30 23:59:59.999999999,,,,,,97.08553,uk,30.941626666666664,,,,,,17.8030960868976,,,,,17.8923952125501,62.84009,,,,,,,,,,
1980-12-31 23:59:59.999999999,,,,,,97.02973,uk,31.517036666666662,,,,,,17.0291699977777,,,,,16.7462962240464,61.47094666666666,,,,,,,,,,
1981-03-31 23:59:59.999999999,,,,,,96.95194000000001,uk,32.26507,,,,,,16.9187455057473,540765675241.158,,,,15.6884375297082,61.43583999999999,,,,56333829.0,,,,,,
1981-06-30 23:59:59.999999999,,,,,,97.02027,uk,33.83785,,,,,,16.9597122765048,,,,,16.3626806772802,61.68158666666667,,,,,,,,,,
1981-09-30 23:59:59.999999999,,,,,,97.16008000000001,uk,34.42477,,,,,,17.5897979183064,,,,,19.1661268867081,62.62945333333334,,,,,,,,,,
1981-12-31 23:59:59.999999999,,,,,,97.16145999999999,uk,35.268699999999995,,,,,,17.6885624955665,,,,,18.9019401232345,63.36668333333333,,,,,,,,,,
1982-03-31 23:59:59.999999999,,,,,,98.31468000000001,uk,35.85561666666667,,,,,,17.2324213390278,515048916841.37,,,,18.1219958399086,62.76987666666667,,,,56313641.0,,,,,,
1982-06-30 23:59:59.999999999,,,,,,100.3822,uk,37.00259333333333,,,,,,17.3800714315945,,,,,18.3660438606765,63.89327666666666,,,,,,,,,,
1982-09-30 23:59:59.999999999,,,,,,100.7046,uk,37.17138,,,,,,17.3260372888892,,,,,17.7467903747113,63.92838333333333,,,,,,,,,,
1982-12-31 23:59:59.999999999,,,,,,101.4613,uk,37.44374666666667,,,,,,17.1718174633802,,,,,17.2728259147846,63.29647333333333,,,,,,,,,,
1983-03-31 23:59:59.999999999,,,,,,101.9039,uk,37.63554333333333,,,,,,17.1069935382548,489618008185.539,,,,18.5879995781564,64.63050666666668,,,,56332848.0,,,,,,
1983-06-30 23:59:59.999999999,,,,,,102.194,uk,38.40275666666667,,,,,,16.9357915556242,,,,,18.5792287968466,65.29752666666667,,,,,,,,,,
1983-09-30 23:59:59.999999999,,,,,,102.5344,uk,38.89761000000001,,,,,,17.4356601534388,,,,,18.6548588540926,66.14007,,,,,,,,,,
1983-12-31 23:59:59.999999999,,,,,,103.2102,uk,39.33492,,,,,,17.4977359287485,,,,,19.0206945582473,67.05283333333334,,,,,,,,,,
1984-03-31 23:59:59.999999999,,,,,,102.6421,uk,39.57659,,,,,,18.1800326906679,461487097632.349,,,,19.6711238757887,67.54432000000001,,,,56422072.0,,,,,,
1984-06-30 23:59:59.999999999,,,,,,100.6414,uk,40.37832333333333,,,,,,18.1040608224304,,,,,20.5307358794598,65.33263,,,,,,,,,,
1984-09-30 23:59:59.999999999,,,,,,100.3093,uk,40.73124333333333,,,,,,18.8442616208848,,,,,21.1263744776949,64.73583,,,,,,,,,,
1984-12-31 23:59:59.999999999,,,,,,100.6301,uk,41.23760333333333,,,,,,19.3803617575425,,,,,21.826296558464,65.61348,,,,,,,,,,
1985-03-31 23:59:59.999999999,,,,,,99.32921999999999,uk,41.754470000000005,,,,,,20.0585386413637,489285164271.047,,,,23.0140460521195,67.89538666666667,,,,56550268.0,,,,,,
1985-06-30 23:59:59.999999999,,,,,,98.84876,uk,43.19219,,,,,,19.3500200822181,,,,,20.7249812466882,70.59856333333333,,,,,,,,,,
1985-09-30 23:59:59.999999999,,,,,,99.50426999999999,uk,43.29812999999999,,,,,,18.0651091769013,,,,,19.1592761784637,69.89644,,,,,,,,,,
1985-12-31 23:59:59.999999999,,,,,,99.96885999999999,uk,43.51,,,,,,17.727747391331,,,,,19.0667894867066,69.40495,,,,,,,,,,
1986-03-31 23:59:59.999999999,,,,,,99.58012,uk,43.81268,,,,,,16.5633063526571,601452653180.885,,,,18.9912329199151,69.86133333333333,,12.452846666666666,,56681396.0,,,,,,
1986-06-30 23:59:59.999999999,,,,,,99.85262,uk,44.38776666666666,,,,,,16.4478912029739,,,,,18.8775967444683,70.91452,,10.222223333333334,,,,,,,,
1986-09-30 23:59:59.999999999,,,,,,100.3679,uk,44.43317,,,,,,15.7253048621153,,,,,19.1116303171812,71.19536333333333,,10.040439999999998,,,,,,,,
1986-12-31 23:59:59.999999999,,,,,,100.77600000000001,uk,45.00825666666666,,,,,,16.2997601021874,,,,,19.6847681930762,72.49429666666667,,11.271566666666669,,,,,,,,
1987-03-31 23:59:59.999999999,,,,,,102.0049,uk,45.55308,,,,,,16.5538274151715,745162608269.325,,,,18.8400627377247,72.63472,,10.66908,,56802050.0,,,,,,
1987-06-30 23:59:59.999999999,,,,,,102.6465,uk,46.24924000000001,,,,,,15.7729450193594,,,,,18.5960933639567,73.37195,,9.211656666666666,,,,,,,,
1987-09-30 23:59:59.999999999,,,,,,102.2504,uk,46.35518,,,,,,15.7553006727297,,,,,19.0564709340685,74.67087666666667,,9.847893333333332,,,,,,,,
1987-12-31 23:59:59.999999999,,,,,,101.929,uk,46.85459666666666,,,,,,15.7756088652034,,,,,19.2055616073239,75.33789999999999,,8.99968,,,,,,,,
1988-03-31 23:59:59.999999999,,,,,,101.8361,uk,47.03333333333333,,,,,,14.6574336067042,910122732123.799,,,,18.4636448093605,76.25066,,9.0293,,56928327.0,,,,,,
1988-06-30 23:59:59.999999999,,,,,,101.8172,uk,48.0,,,,,,14.9306422939999,,,,,18.8084955331649,76.81235666666667,,8.472053333333333,,,,,,,,
1988-09-30 23:59:59.999999999,,,,,,100.9627,uk,48.46666666666667,,,,,,14.9870023308511,,,,,19.465921016048,78.49745666666666,,11.402763333333333,,,,,,,,
1988-12-31 23:59:59.999999999,,,,,,100.0877,uk,49.2,,,,,,14.4352777505462,,,,,19.7341208370018,78.7432,,12.506583333333332,,,,,,,,
1989-03-31 23:59:59.999999999,,10.11,,,,99.36922,uk,49.73333333333333,,,,,,14.8211830709485,926884816753.927,,,,19.5839937810298,78.88362333333333,,13.095926666666667,,57076711.0,,,,,,
1989-06-30 23:59:59.999999999,,10.54,,,,98.71471,uk,50.8,,,,,,15.0769828080715,,,,,19.9747184873601,78.84851333333333,,13.529423333333332,,,,,,,,
1989-09-30 23:59:59.999999999,,10.61,,,,98.61423,uk,51.2,,,,,,15.1756413114173,,,,,20.3898529951886,79.34000333333334,,13.97702,,,,,,,,
1989-12-31 23:59:59.999999999,,10.53,,,,98.15345,uk,52.06666666666666,,,,,,15.8956173257097,,,,,19.5216142121823,79.58574666666668,,15.124696666666663,,,,,,,,
1990-03-31 23:59:59.999999999,,12.12,,,,96.94207,uk,52.8,,,,,,15.5658674831577,1093169389204.55,,,,19.8128687138996,78.91872666666667,,15.22145,,57247586.0,,,,,,
1990-06-30 23:59:59.999999999,,11.33,,,,96.93753000000001,uk,54.86666666666667,,,,,,15.6214464130553,,,,,19.423679756968,80.07723333333333,,15.154916666666663,,,,,,,,
1990-09-30 23:59:59.999999999,,11.82,,,,97.38184,uk,55.70000000000001,,,,,,15.0327245179191,,,,,18.2775720449511,78.70809333333334,,14.984536666666664,,,,,,,,
1990-12-31 23:59:59.999999999,,10.81,,,,98.50792,uk,56.86666666666667,,,,,,15.4611381778712,,,,,17.6090485205416,77.97086,,13.874990000000002,,,,,,,,
1991-03-31 23:59:59.999999999,,10.13,,,,99.22171999999999,uk,57.23333333333333,,,,,,14.569022161466,1142797178130.51,,,,16.960096952235,77.12831,,13.25633,,57424897.0,,,,,,
1991-06-30 23:59:59.999999999,,10.5,,,,99.57942,uk,59.13333333333333,,,,,,14.8340433481466,,,,,16.5978962799633,76.21555666666667,,11.626193333333331,,,,,,,,
1991-09-30 23:59:59.999999999,,9.6,,,,100.4155,uk,59.76666666666667,,,,,,14.9184686786308,,,,,17.0556937548777,75.51342666666666,,10.799026666666668,,,,,,,,
1991-12-31 23:59:59.999999999,,9.76,,,,100.2757,uk,60.53333333333333,,,,,,14.9341846599653,,,,,16.7483572520294,76.28576666666667,,10.612123333333331,,,,,,,,
1992-03-31 23:59:59.999999999,,9.87,10.25,10.08,,101.0659,uk,60.8,,,,,,14.3163579616134,1179659529659.53,,,,16.4952988593149,76.32087,,10.60283,,57580402.0,,,,,-0.040000000000000924,-0.3800000000000008
1992-06-30 23:59:59.999999999,,9.16,9.29,9.25,,100.6779,uk,62.06666666666666,,,,,,14.9724058382866,,,,,17.1253689139551,75.96980666666667,,10.271536666666668,,,,,,,-0.05000000000000071,-0.129999999999999
1992-09-30 23:59:59.999999999,,8.97,8.15,8.5,,97.90045,uk,62.13333333333333,,,,,,14.5043079065292,,,,,17.0607287315756,76.77725333333333,,10.217313333333331,,,,,,,0.120000000000001,0.8200000000000003
1992-12-31 23:59:59.999999999,,8.253,6.68,7.368,,97.89653,uk,62.53333333333333,,,,,,15.465912160704,,,,,17.8892200205521,77.19852333333334,,7.630633333333333,,,,,,,0.19699999999999918,1.5730000000000004
1993-03-31 23:59:59.999999999,,7.757,6.08,6.918,,98.74320999999999,uk,62.7,,,,,,15.4834852036068,1061388722255.55,,,,17.565832602733,77.37405333333334,,6.415473333333334,,57718614.0,,,,,0.0009999999999994458,1.6769999999999996
1993-06-30 23:59:59.999999999,,7.623,6.007,6.837,,98.93084,uk,63.53333333333333,,,,,,15.4297721827328,,,,,17.8593389760699,77.61979666666667,,6.006586666666666,,,,,,,-0.043999999999999595,1.6160000000000005
1993-09-30 23:59:59.999999999,,6.896,5.673,6.328,,99.52096999999999,uk,63.7,,,,,,15.5078681685967,,,,,17.711074282344,78.39213666666667,,5.95916,,,,,,,-0.08700000000000063,1.2229999999999999
1993-12-31 23:59:59.999999999,,6.099,5.059,5.604,,98.71313,uk,63.93333333333334,,,,,,15.4901866475569,,,,,17.5526057756313,79.44532,,5.6013433333333325,,,,,,,-0.04999999999999982,1.04
1994-03-31 23:59:59.999999999,,7.506,6.656,7.095,,97.90978,uk,64.2,,,,,,16.0650994734676,1140489745944.29,,,,18.3358807618021,80.60382666666668,,5.311436666666666,,57865745.0,,,,,-0.02799999999999958,0.8500000000000005
1994-06-30 23:59:59.999999999,,8.639,7.352,8.354,,98.04366,uk,65.03333333333333,,,,,,16.4717607122635,,,,,18.4483493263612,82.32403000000001,,5.23498,,,,,,,-0.7169999999999987,1.286999999999999
1994-09-30 23:59:59.999999999,,8.799,8.0,8.636,,99.25448,uk,65.0,,,,,,16.9598946142617,,,,,18.2604088531882,82.92083333333333,,5.537310000000001,,,,,,,-0.472999999999999,0.7989999999999995
1994-12-31 23:59:59.999999999,,8.71,8.085,8.673,,98.97237,uk,65.26666666666667,,,,,,17.2520689722016,,,,,19.0549341706851,83.93891666666666,,6.175636666666667,,,,,,,-0.5509999999999984,0.625
1995-03-31 23:59:59.999999999,,8.498,7.577,8.382,,98.99618000000001,uk,65.73333333333333,,,,,,18.0274410968548,1344240176739.78,,,,19.0135687065488,83.16658,,6.72241,,58019030.0,,,,,-0.6890000000000001,0.9209999999999994
1995-06-30 23:59:59.999999999,,8.45,7.651,8.185,,99.49927,uk,66.63333333333334,,,,,,18.000216445717,,,,,20.1005348029236,83.79849,,6.742443333333334,,,,,,,-0.2690000000000019,0.7989999999999995
1995-09-30 23:59:59.999999999,,8.119,6.832,7.588,,100.5632,uk,66.89999999999999,,,,,,18.2742874671081,,,,,20.3574474577449,84.11444666666667,,6.84931,,,,,,,-0.22500000000000053,1.287
1995-12-31 23:59:59.999999999,,7.415,6.21,6.812,,101.088,uk,67.23333333333333,,,,,,18.535070611045,,,,,20.3139422177005,84.50061666666666,,6.696186666666667,,,,,,,0.0009999999999994458,1.205
1996-03-31 23:59:59.999999999,,8.179,6.856,7.515,,101.2868,uk,67.66666666666667,,,,,,18.8244326058015,1419645865834.63,,,,20.6070171320772,85.02720666666666,,6.277533333333333,,58166950.0,,,,,0.005000000000000782,1.3230000000000004
1996-06-30 23:59:59.999999999,,7.892,6.318,7.365,,100.9399,uk,68.53333333333333,,,,,,18.6032967043881,,,,,20.8839507905832,84.50061333333333,,6.045266666666667,,,,,,,-0.5200000000000005,1.5740000000000007
1996-09-30 23:59:59.999999999,,7.663,6.215,7.086,,101.6427,uk,68.66666666666667,,,,,,18.4436292855786,,,,,20.1101726061999,84.85167666666666,,5.840596666666666,,,,,,,-0.2940000000000005,1.4480000000000004
1996-12-31 23:59:59.999999999,,7.512,6.801,7.26,,102.1318,uk,69.23333333333333,,,,,,18.3892009011185,,,,,19.8433070887309,85.76443666666667,,6.278986666666667,,,,,,,-0.20699999999999985,0.7109999999999994
1997-03-31 23:59:59.999999999,,7.636,6.999,7.347,,102.6803,uk,69.3,,,,,,18.6285225872739,1560911918795.02,,,,20.0130572775488,85.93996666666668,,6.33584,,58316954.0,,,,,-0.05900000000000105,0.6370000000000005
1997-06-30 23:59:59.999999999,,7.078,6.929,7.053,,102.9281,uk,69.93333333333334,,,,,,18.2124060005877,,,,,20.0966265472828,87.16868666666666,,6.550376666666666,,,,,,,-0.09899999999999931,0.14900000000000002
1997-09-30 23:59:59.999999999,,6.448,6.92,6.47,,102.9662,uk,70.26666666666667,,,,,,17.7418925775027,,,,,19.2663299449024,88.46761333333332,,7.193933333333333,,,,,,,0.4280000000000008,-0.47199999999999953
1997-12-31 23:59:59.999999999,,6.291,6.788,6.526,,102.7295,uk,70.63333333333333,,,,,,17.852951324148,,,,,19.9179672993551,89.66122333333333,,7.56674,,,,,,,0.027000000000001023,-0.4969999999999999
1998-03-31 23:59:59.999999999,,5.88,6.695,6.212,,102.6409,uk,70.60000000000001,,,,,,17.0104032219177,1653694932096.72,,,,19.1697165884634,90.60909333333332,,7.565370000000001,,58487141.0,,,,,0.1510000000000007,-0.8150000000000004
1998-06-30 23:59:59.999999999,,5.858,6.894,6.322,,102.1041,uk,71.36666666666667,,,,,,16.5007684623346,,,,,19.0176199748064,91.34632333333332,,7.57913,,,,,,,0.10799999999999965,-1.0360000000000005
1998-09-30 23:59:59.999999999,,4.898,5.639,5.127,,101.0641,uk,71.43333333333334,,,,,,16.0511405830854,,,,,18.8047016509152,91.45164,,7.66738,,,,,,,0.28300000000000036,-0.7410000000000005
1998-12-31 23:59:59.999999999,100.0,4.361,4.899,4.45,,101.5039,uk,71.83333333333333,,95.639,,,,15.6550314766674,,,,,18.4888906694411,92.08355333333334,,6.885143333333335,,,,,,,0.35999999999999943,-0.5380000000000003
1999-03-31 23:59:59.999999999,101.14,4.487,4.734,4.555,,102.3935,uk,72.0,,96.653,1.01400000000001,,,15.4469953778802,1687830448147.55,,,,18.691359973853,94.11971,,5.625516666666666,,58682466.0,,,,,0.11100000000000065,-0.2469999999999999
1999-06-30 23:59:59.999999999,99.77,5.064,5.321,5.368,,102.5247,uk,72.7,,94.70599999999999,-1.947000000000017,,,15.4223483856392,,,,,18.1831377397889,95.13779333333332,,5.295873333333334,,,,,,,-0.35100000000000087,-0.2569999999999997
1999-09-30 23:59:59.999999999,97.83,5.622,6.106,6.177,,102.62200000000001,uk,72.60000000000001,,92.208,-2.4979999999999905,,,16.3287898319576,,,,,19.2747879212223,96.92821,,5.277223333333333,,,,,,,-0.6259999999999994,-0.484
1999-12-31 23:59:59.999999999,99.48,5.484,6.43,6.108,,103.0955,uk,72.93333333333334,,93.99600000000001,1.788000000000011,,,16.0162430517315,,,,,18.9843507990265,96.96331333333336,,5.984483333333333,,,,,,,-0.3019999999999996,-0.9459999999999997
2000-03-31 23:59:59.999999999,101.16,5.239,6.397,5.947,69114000000.0,102.4862,uk,72.8,1.18295624210409,95.92099999999999,1.924999999999983,57.928,0.6323574168695649,16.3028763285827,1665534876683.31,444540.0,81789.0,248034000000.0,19.2121085630152,97.31438,5.3707,6.2008366666666666,413348000000.0,58892514.0,37217000.0,99.19132,-2.13,5.791214,-0.258,-1.1580000000000004
2000-06-30 23:59:59.999999999,101.04,5.171,6.002,5.626,73074000000.0,102.1562,uk,73.46666666666665,,95.869,-0.0519999999999925,,0.6618938188181819,16.7402734497589,273916.0,447825.0,84500.0,250654000000.0,19.7405435823816,97.38459,5.2097,6.275616666666667,431589000000.0,,37272000.0,97.88135,-2.63,5.501084,-0.07900000000000063,-0.8309999999999995
2000-09-30 23:59:59.999999999,104.22,5.195,5.848,5.61,68011000000.0,102.0077,uk,73.46666666666665,,99.025,3.156000000000006,,0.69757734135,17.0362673978416,276174.0,450688.0,85257.0,253694000000.0,20.5867080155581,97.94628666666668,5.3873,6.205233333333333,441015000000.0,,37331000.0,97.99598,-2.54,5.315786,-0.1770000000000005,-0.6529999999999996
2000-12-31 23:59:59.999999999,108.39,4.881,5.279,5.167,70115000000.0,102.7208,uk,73.93333333333334,,103.509,4.483999999999995,,0.6819959873999998,17.4453879905421,278357.0,453447.0,85080.0,256171000000.0,21.1693712888846,99.63139,4.9118,6.06814,459022000000.0,,37399000.0,94.45728,-3.18,5.229118,-0.1739999999999995,-0.3979999999999997
2001-03-31 23:59:59.999999999,110.14,4.784,4.965,4.907,70186000000.0,102.8461,,1.3,1.53234960272418,105.356,1.8469999999999942,58.103,0.692499198909091,17.4328372774038,282889.0,457680.0,87754.0,256630000000.0,21.0677171743534,101.9484,4.703,5.4017,476732000000.0,59119673.0,37461000.0,86.63519000000002,-1.86,5.088648,-0.06500000000000039,-0.18100000000000005
2001-06-30 23:59:59.999999999,110.0,5.289,5.496,5.488,72760000000.0,102.8694,,1.8,,104.711,-0.644999999999996,,0.71287555652381,16.561959831249,286728.0,459620.0,86306.0,258169000000.0,20.4497188377812,102.6856,5.1951,4.7796,483802000000.0,,37527000.0,87.23643,-2.56,5.02845,-0.19100000000000072,-0.20700000000000074
2001-09-30 23:59:59.999999999,113.54,4.907,4.576,4.899,72699000000.0,102.21700000000001,,1.8,,108.63300000000001,3.9220000000000113,,0.6825601793000001,16.2931709140117,288166.0,462016.0,88513.0,262061000000.0,19.5674074634807,103.0016,4.9876,4.8526,499404000000.0,,37582000.0,74.10683,-1.71,5.092117,-0.3150000000000004,0.3310000000000004
2001-12-31 23:59:59.999999999,116.63,5.054,4.761,5.118,70239000000.0,102.4707,,1.4,,111.576,2.9429999999999836,,0.6936693878888889,15.9503202149562,288352.0,463404.0,90253.0,264186000000.0,19.162117074185,102.0537,4.8928,4.5841,505710000000.0,,37647000.0,78.56064,-2.4,5.18041,-0.42100000000000026,0.29300000000000015
2002-03-31 23:59:59.999999999,116.55,5.293,5.093,5.364,70130000000.0,102.8764,,1.7,1.52040245947455,111.25699999999999,-0.3190000000000026,58.168,0.702498323666667,15.9525636035204,292486.0,464698.0,89914.0,264436000000.0,19.261158659131,103.4229,5.2202,4.0431,503734000000.0,59370479.0,37710000.0,79.65878000000002,-2.13,5.168532,-0.34199999999999964,0.20000000000000018
2002-06-30 23:59:59.999999999,119.09,5.006,4.695,5.066,70128000000.0,102.7361,,1.3,,114.084,2.8270000000000124,,0.6733755974999999,16.1938574112102,295516.0,466935.0,91471.0,265483000000.0,19.2418391719487,98.99947,5.099,3.5006,517737000000.0,,37776000.0,72.29371999999998,-2.47,5.157545,-0.43099999999999916,0.31099999999999994
2002-09-30 23:59:59.999999999,124.47,4.37,3.485,4.199,73834000000.0,103.0911,,1.3,,120.1,6.015999999999991,,0.642425758619048,15.5280480294975,299230.0,470277.0,92773.0,268175000000.0,19.0269708511118,106.8984,4.5006,3.8711,532368000000.0,,37837000.0,59.99751,-1.12,5.308294999999999,-0.5429999999999997,0.8850000000000002
2002-12-31 23:59:59.999999999,125.98,4.374,3.754,4.18,77492000000.0,102.0387,,1.6,,121.60600000000001,1.5060000000000144,,0.6303653702631579,14.74074395683,304207.0,473899.0,92920.0,270583000000.00003,18.5640663964454,106.6877,4.5644,4.3953,544669000000.0,,37899000.0,59.87089,-1.85,5.117127,-0.23199999999999976,0.6199999999999997
2003-03-31 23:59:59.999999999,127.65,4.288,3.42,3.935,77778000000.0,100.9764,,1.5,1.37650038542013,123.36200000000001,1.7560000000000002,58.418,0.631704720714286,15.0355309128295,307485.0,477357.0,93853.0,272301000000.0,18.7417726594354,107.0037,4.3243,3.9196,553132000000.0,59647577.0,37961000.0,55.16339,-0.82,5.166886,-0.16199999999999992,0.8680000000000003
2003-06-30 23:59:59.999999999,132.71,4.157,3.485,3.804,72951000000.0,101.2669,,1.3,,128.553,5.190999999999988,,0.6022204895714289,14.7210559104668,312948.0,481552.0,95166.0,275579000000.0,18.5901473307293,105.7399,4.1127,3.6535,562602000000.0,,38022000.0,62.46885,-1.92,4.937191,0.03400000000000025,0.6720000000000002
2003-09-30 23:59:59.999999999,133.66,4.53,4.015,4.31,74012000000.0,101.3307,,1.4,,129.13,0.5769999999999982,,0.619870045272727,14.8161113412299,317463.0,485973.0,96381.0,277540000000.0,18.5698968287853,106.7931,4.7132,3.5179,578026000000.0,,38094000.0,64.21674,-2.14,5.050573,-0.07499999999999929,0.5150000000000006
2003-12-31 23:59:59.999999999,134.92,4.802,4.298,4.596,74176000000.0,101.2286,,1.3,,130.118,0.9879999999999995,,0.5709761025238089,14.5181602056545,320438.0,490059.0,98205.0,279165000000.0,18.9028158616644,107.2143,4.896,3.7778,595787000000.0,,38166000.0,66.67201,-1.23,4.895669,-0.09200000000000053,0.5039999999999996
2004-03-31 23:59:59.999999999,135.43,4.751,4.416,4.64,76337000000.0,101.3983,,1.3,1.39039756680422,130.679,0.561000000000007,58.596,0.5470680476956519,14.1002482061638,322778.0,492014.0,98519.0,280754000000.0,18.5141491398063,108.3728,4.7088,3.904,615652000000.0,59987905.0,38242000.0,67.42761,-1.68,4.79711,-0.11299999999999866,0.33499999999999996
2004-06-30 23:59:59.999999999,133.76,5.099,4.957,5.06,75848000000.0,100.8859,,1.3,,128.661,-2.0180000000000007,,0.5466509930909089,14.0202466452235,329732.0,494824.0,99650.0,283081000000.0,18.7857024542676,107.109,5.2,4.3628,634267000000.0,,38316000.0,67.90693,-2.16,4.804895,-0.06399999999999917,0.14200000000000035
2004-09-30 23:59:59.999999999,138.72,4.833,4.679,4.763,77191000000.0,100.8932,,1.3,,133.887,5.225999999999999,,0.557799687454545,14.3151107027202,331592.0,496642.0,100215.0,284578000000.0,19.180794032292,104.792,4.9109,4.7314,652463000000.0,,38408000.0,69.15671,-2.55,4.682643,-0.013999999999999346,0.15399999999999991
2004-12-31 23:59:59.999999999,143.98,4.537,4.437,4.494,77494000000.0,101.395,,1.5,,139.44299999999998,5.555999999999983,,0.518143251956522,14.5090768135454,338535.0,499020.0,101171.0,286866000000.0,19.3553237349809,105.0026,4.5316,4.7618,670518000000.0,,38511000.0,72.03959,-1.09,4.728203,-0.013999999999999346,0.09999999999999964
2005-03-31 23:59:59.999999999,144.1,4.699,4.677,4.677,78969000000.0,101.7224,,1.8,2.0891364902507,139.40099999999998,-0.04200000000000159,58.654,0.525311771869565,14.261726322148,341254.0,502702.0,100706.0,289827000000.0,19.0576058018394,103.5282,4.796,4.7618,690884000000.0,60401206.0,38616000.0,75.18692,-1.85,4.688121,0.02200000000000024,0.02200000000000024
2005-06-30 23:59:59.999999999,150.75,4.173,4.065,4.067,80832000000.0,101.3282,,1.9,,146.577,7.176000000000016,,0.550150192727273,14.7850862279311,348491.0,506906.0,102313.0,289618000000.0,19.009676062489,106.4771,4.2847,4.7935,710433000000.0,,38721000.0,76.57999000000001,-0.61,4.755134,0.10400000000000009,0.10799999999999965
2005-09-30 23:59:59.999999999,152.14,4.287,4.193,4.222,80052000000.0,101.1915,,2.4,,147.85299999999998,1.275999999999982,,0.553263798954545,15.472699461461,352001.0,511132.0,102717.0,292866000000.0,19.6470533323474,105.8452,4.2109,4.5499,733387000000.0,,38820000.0,81.76999999999998,-2.31,4.729285,0.0359999999999987,0.0940000000000003
2005-12-31 23:59:59.999999999,156.18,4.1,4.191,4.165,79646000000.0,100.8594,,2.2,,152.08,4.227000000000032,,0.572976295409091,16.1342523890061,357003.0,515935.0,103284.0,294681000000.0,19.9736104410298,109.742,4.2186,4.6381,755721000000.0,,38914000.0,84.18204,-2.05,5.143533000000001,-0.03900000000000059,-0.09100000000000019
2006-03-31 23:59:59.999999999,155.01,4.398,4.462,4.463,80595000000.0,100.9766,,2.1,2.45566166439291,150.612,-1.4680000000000177,58.7,0.573263699347826,17.8779764530093,361213.0,518495.0,104255.0,293043000000.0,20.9393902890566,109.426,4.3177,4.5402,771396000000.0,60846820.0,39012000.0,90.05289,-2.39,5.232937000000001,-0.06600000000000072,-0.06400000000000006
2006-06-30 23:59:59.999999999,153.27,4.71,4.771,4.789,80940000000.0,100.9292,,2.4,,148.56,-2.0519999999999925,,0.5425667823636359,18.7092710602177,367042.0,520318.0,103733.0,292786000000.0,21.1582246246045,111.2164,4.6645,4.5712,783624000000.0,,39109000.0,85.94738000000001,-1.95,5.472378,-0.09699999999999953,-0.06099999999999994
2006-09-30 23:59:59.999999999,157.0,4.523,4.915,4.725,83735000000.0,100.96600000000001,,2.5,,152.477,3.9170000000000016,,0.5303167814761899,14.8217425538308,370883.0,521780.0,104920.0,294645000000.0,20.1544443885194,111.3217,4.5522,4.7892,800827000000.0,,39206000.0,89.40541,-3.04,5.486284,-0.011999999999999567,-0.39200000000000035
2006-12-31 23:59:59.999999999,157.36,4.741,5.206,5.057,83427000000.0,100.8305,,2.7,,152.61900000000003,0.14200000000002433,,0.509598361047619,14.5595140752149,372900.0,524569.0,105024.0,295022000000.0,19.902956207572,110.1632,4.6195,5.0844,836322000000.0,,39304000.0,93.60903,-3.15,5.499126,-0.1670000000000007,-0.46500000000000075
2007-03-31 23:59:59.999999999,157.05,4.969,5.439,5.22,84438000000.0,100.6925,,2.8,2.38656150773327,152.08100000000002,-0.5380000000000109,58.598,0.5134067350454549,14.1069554013437,376958.0,529398.0,105795.0,298119000000.0,19.8258711149663,108.7941,4.8194,5.3032,840908000000.0,61322463.0,39400000.0,94.10018,-2.79,5.511862000000001,-0.03199999999999914,-0.46999999999999975
2007-06-30 23:59:59.999999999,153.71,5.463,5.771,5.704,86522000000.0,101.2996,,2.6,,148.247,-3.834000000000003,,0.503246808714286,14.0980685238158,386144.0,533187.0,105692.0,301167000000.0,19.597487765266,107.7409,5.4321,5.6093,876581000000.0,,39499000.0,100.0481,-1.98,5.35184,-0.1739999999999995,-0.30799999999999983
2007-09-30 23:59:59.999999999,155.24,5.011,5.07,5.004,83075000000.0,101.306,,2.0,,150.229,1.9819999999999993,,0.4953650492999999,14.1079527718879,389291.0,537052.0,106606.0,307032000000.0,20.2709209901305,107.2143,4.9928,5.8246,912123000000.0,,39585000.0,96.21412,-2.54,5.310589,0.07300000000000129,-0.05900000000000016
2007-12-31 23:59:59.999999999,158.02,4.508,4.359,4.407,88993000000.0,100.6436,,2.3,,153.512,3.282999999999987,,0.4960046363499999,14.5328836347342,392244.0,540258.0,105700.0,306628000000.0,20.3349959512599,107.5303,4.6937,5.5964,919723000000.0,,39663000.0,97.58793,-0.88,5.156656,0.052999999999999936,0.14900000000000002
2008-03-31 23:59:59.999999999,150.6,4.348,3.829,3.893,84847000000.0,99.25809,,2.5,3.52140856342538,146.25199999999998,-7.260000000000019,58.611,0.499783499666667,15.1032137629178,397800.0,542804.0,107345.0,308169000000.0,20.7995899783121,105.7399,4.445,5.3078,1018192000000.0,61806995.0,39740000.0,85.81045999999996,-0.1,5.184309,0.39100000000000046,0.5189999999999997
2008-06-30 23:59:59.999999999,151.13,5.13,5.226,5.177,85799000000.0,96.50443,,3.3,,146.0,-0.25199999999998113,,0.508952380952381,15.6623715245659,400685.0,539918.0,106712.0,304536000000.0,21.7815757952256,106.0558,5.2103,5.0326,1001262000000.0,,39820000.0,87.6187,-1.0,5.350148,0.002000000000000668,-0.09600000000000009
2008-09-30 23:59:59.999999999,143.65,4.449,4.012,4.201,81323000000.0,96.11249000000001,,4.5,,139.201,-6.799000000000007,,0.5565909090909089,15.8533065397248,399994.0,531619.0,108635.0,299649000000.0,21.7641893376382,105.7399,4.5701,4.8925,993231000000.0,,39881000.0,79.33064,-1.03,5.856143,0.05900000000000016,0.4370000000000003
2008-12-31 23:59:59.999999999,142.24,3.02,1.048,2.432,79978000000.0,95.80627,,3.7,,139.22,0.019000000000005457,,0.6729999999999999,14.9118771122935,395121.0,520230.0,109824.0,292364000000.0,20.3984192068912,101.3165,3.6238,1.6525,1029699000000.0,,39933000.0,64.68772,-1.41,6.352277,-0.7959999999999998,1.972
2009-03-31 23:59:59.999999999,130.85,3.166,1.193,2.356,75261000000.0,96.3582,,2.9,1.9617317356011,127.684,-11.536000000000001,57.231,0.705772727272727,14.4518761436096,386874.0,509646.0,109105.0,291270000000.0,19.6362718199942,98.15692,3.2497,0.5223999999999999,1030890000000.0,62276270.0,39984000.0,57.01818000000001,-1.31,7.072561,-0.35299999999999976,1.9729999999999999
2009-06-30 23:59:59.999999999,145.21,3.69,1.333,2.883,72063000000.0,98.05721,,2.0,,141.52,13.836000000000013,,0.6109318181818179,14.1274734924848,386553.0,508009.0,108831.0,291089000000.0,19.2498180620634,98.5782,3.7221,0.4158,1002347000000.0,,40034000.0,65.94963,-2.83,7.762557000000003,-0.7430000000000001,2.357
2009-09-30 23:59:59.999999999,161.87,3.592,0.882,2.635,72551000000.0,99.67613,,1.4,,158.278,16.75799999999998,,0.612909090909091,14.4495144069165,388596.0,508398.0,109697.0,292701000000.0,19.46326177274,97.52502,3.6566,0.4302,1044406000000.0,,40093000.0,76.31963,-0.7,7.849103999999999,-0.7959999999999995,2.71
2009-12-31 23:59:59.999999999,163.14,4.015,1.315,2.805,71335000000.0,100.2612,,1.6,,159.125,0.8470000000000084,,0.616652173913043,15.34401788328,386779.0,509889.0,110527.0,294883000000.0,20.7601522702169,97.63033,3.8871,0.4491999999999999,1062829000000.0,,40156000.0,80.63334,-0.45,7.773975,-0.2800000000000007,2.6999999999999997
2010-03-31 23:59:59.999999999,170.92,3.939,1.157,2.713,75138000000.0,100.4615,,2.4,2.49265472467066,166.981,7.8559999999999945,56.873,0.6642173913043479,15.488115163752,396176.0,514595.0,109050.0,293440000000.0,21.0328588103301,99.21011,4.0915,0.4713,1099152000000.0,62766365.0,40218000.0,85.23425,-2.44,8.009131,-0.33000000000000007,2.782
2010-06-30 23:59:59.999999999,172.46,3.355,0.746,2.067,74022000000.0,99.52554,,2.5,,169.10500000000002,2.1240000000000236,,0.677772727272727,16.1347906035988,401223.0,520128.0,109456.0,300569000000.0,21.9163704630466,95.7346,3.6007,0.4869999999999999,1110877000000.0,,40282000.0,77.93181,-2.18,7.853535000000002,-0.03300000000000036,2.609
2010-09-30 23:59:59.999999999,182.4,2.95,0.653,1.609,76899000000.0,98.6948,,2.3,,179.45000000000002,10.344999999999999,,0.642045454545455,16.3574161048819,404365.0,523173.0,109504.0,300818000000.0,22.2225958723835,93.94418,3.1271,0.501,1081998000000.0,,40344000.0,83.62054,-2.46,7.753885,0.38500000000000023,2.297
2010-12-31 23:59:59.999999999,177.58,3.396,1.097,2.195,78973000000.0,97.77091999999999,,2.7,,174.18400000000003,-5.265999999999991,,0.642,16.7661099788377,406789.0,523515.0,110174.0,300320000000.0,23.10418955686,92.891,3.6098,0.5172999999999999,1079205000000.0,,40409000.0,89.17023,-3.1,7.864391999999999,0.1030000000000002,2.299
2011-03-31 23:59:59.999999999,180.52,3.689,1.356,2.44,75922000000.0,96.97465,,3.5,3.85611244682819,176.83100000000002,2.6469999999999914,56.715,0.619173913043478,17.4748001236178,414806.0,524955.0,110804.0,297700000000.0,23.0879046457672,90.67931,3.7386,0.5153999999999999,1083206000000.0,63258810.0,40472000.0,88.81116,-0.8,7.777847,0.16500000000000026,2.333
2011-06-30 23:59:59.999999999,183.64,3.38,0.828,2.065,75107000000.0,97.39726999999999,,3.8,,180.26,3.4289999999999736,,0.616772727272727,17.6201270947834,412364.0,525418.0,108851.0,296988000000.0,23.5343562223275,91.10058,3.4144,0.5311,1075110000000.0,,40537000.0,87.82961999999996,-1.07,7.937848,0.07799999999999996,2.552
2011-09-30 23:59:59.999999999,183.08,2.43,0.579,1.366,76824000000.0,96.27866999999999,,4.0,,180.65,0.3900000000000148,,0.6337272727272729,17.6104538432846,416115.0,527034.0,108630.0,297984000000.0,24.0061543568816,91.10058,2.504,0.5485999999999999,1097141000000.0,,40551000.0,79.28226999999998,-2.31,8.329941999999999,0.2769999999999999,1.8510000000000002
2011-12-31 23:59:59.999999999,189.16,1.977,0.327,1.051,77501000000.0,96.25303000000001,,4.0,,187.183,6.532999999999987,,0.641636363636364,17.8834678898776,419305.0,527698.0,109567.0,298507000000.0,23.9233759178096,92.04845,2.1828,0.5201,1078510000000.0,,40545000.0,83.14213999999998,-1.34,8.389775,0.20200000000000023,1.6500000000000001
2012-03-31 23:59:59.999999999,196.57,2.204,0.419,1.03,78655000000.0,96.48772,,3.1,2.57323479654526,194.36599999999999,7.182999999999993,56.858,0.6320909090909089,17.5421046783032,424540.0,532300.0,113001.0,298547000000.0,23.5570887186351,91.52185,2.323,0.4899999999999999,1087293000000.0,63711000.0,40538000.0,89.09153,-3.1,8.204585,0.5630000000000002,1.7850000000000001
2012-06-30 23:59:59.999999999,200.32,1.734,0.282,0.747,76645000000.0,96.52391999999999,,2.5,,198.58599999999998,4.219999999999999,,0.6431428571428571,17.003084596689,424939.0,531663.0,109305.0,300904000000.0,23.4689699870541,91.20589,1.7698,0.4859,1103523000000.0,,40531000.0,82.78458,-4.51,7.983882999999999,0.522,1.452
2012-09-30 23:59:59.999999999,213.19,1.727,0.19,0.724,75936000000.0,96.85086,,2.2,,211.463,12.87700000000001,,0.6207,17.141792132047,430964.0,536720.0,110307.0,304354000000.0,23.2606972895063,90.25803,1.7222,0.4270999999999999,1126024000000.0,,40543000.0,88.03069,-3.32,7.848414,0.46900000000000014,1.5370000000000001
2012-12-31 23:59:59.999999999,218.56,1.828,0.323,0.856,78986000000.0,97.32408000000001,,2.4,,216.732,5.2690000000000055,,0.6195238095238089,16.5699431277815,433272.0,536188.0,111728.0,307919000000.0,22.7517999733294,92.78568,1.8467,0.4309,1148556000000.0,,40565000.0,89.8544,-3.33,7.805043,0.4390000000000001,1.5050000000000001
2013-03-31 23:59:59.999999999,222.4,1.768,0.203,0.704,76695000000.0,97.38625,,2.5,2.29166666666667,220.632,3.9000000000000057,57.202,0.663190476190476,16.8642421527351,438283.0,537974.0,110324.0,306261000000.0,23.1253235159993,92.99632,1.9768,0.4353,1185792000000.0,64139000.0,40585000.0,97.56867,-4.1,7.833703999999998,0.5630000000000002,1.565
2013-06-30 23:59:59.999999999,215.97,2.443,0.398,1.428,79896000000.0,98.47762,,2.4,,213.527,-7.105000000000018,,0.6461495,16.8064013402658,442095.0,541586.0,111008.0,309290000000.0,22.8889184943315,94.26014,2.3063,0.4252,1219574000000.0,,40609000.0,95.5213,-1.79,7.737271000000002,-0.014999999999999791,2.045
2013-09-30 23:59:59.999999999,221.64,2.721,0.442,1.525,81862000000.0,99.95473,,2.4,,218.91899999999998,5.391999999999996,,0.6304152380952379,16.4197278267294,448800.0,546064.0,110951.0,312935000000.0,23.2656809802326,94.99737,2.8443,0.4299,1231719000000.0,,40639000.0,99.3566,-5.46,7.605832,0.11300000000000027,2.279
2013-12-31 23:59:59.999999999,222.13,3.022,0.564,1.857,81850000000.0,100.161,,1.9,,219.108,0.18900000000002137,,0.610533181818182,16.0638684166555,452183.0,549709.0,113083.0,313941000000.0,22.5222893885374,94.5761,2.9458,0.4214999999999999,1275888000000.0,,40674000.0,99.83622,-5.34,7.209024999999999,-0.12800000000000022,2.4579999999999997
2014-03-31 23:59:59.999999999,227.3,2.736,0.71,1.972,84610000000.0,101.3042,,1.6,1.45112016293279,224.56400000000002,5.456000000000017,58.156,0.601629047619048,15.7916519707465,457683.0,554183.0,113737.0,314884000000.0,21.8486567237257,94.5761,2.7837,0.4158999999999999,1305145000000.0,64620000.0,40711000.0,100.5595,-4.14,6.742464,-0.4979999999999998,2.0260000000000002
2014-06-30 23:59:59.999999999,232.43,2.67,0.867,2.032,84341000000.0,101.8074,,1.6,,229.76000000000002,5.195999999999998,,0.591542857142857,15.2943692794579,461549.0,559331.0,114400.0,316451000000.0,21.9358988123896,94.78673,2.7842,0.4250999999999999,1323355000000.0,,40747000.0,103.177,,6.280267,-0.5270000000000001,1.803
2014-09-30 23:59:59.999999999,239.24,2.425,0.826,1.772,85844000000.0,101.6351,,1.5,,236.815,7.054999999999978,,0.6133486363636359,14.8722598282833,470624.0,563694.0,114502.0,321486000000.0,21.4674880736305,96.05055,2.4919,0.4319,1340809000000.0,,40791000.0,102.7743,,5.970603,-0.29300000000000026,1.5989999999999998
2014-12-31 23:59:59.999999999,249.92,1.756,0.446,1.164,88045000000.0,101.6585,,1.1,,248.164,11.34899999999999,,0.6397291304347829,15.0395652207241,472658.0,567619.0,114214.0,323312000000.0,21.4865160072646,97.84097,1.9287,0.4279999999999999,1368859000000.0,,40843000.0,99.29762,,5.6876940000000005,-0.12599999999999983,1.31
2015-03-31 23:59:59.999999999,258.53,1.576,0.423,1.193,91127000000.0,102.3998,,0.4,0.36804684232537,256.95399999999995,8.789999999999964,58.793,0.668701363636364,14.5350216808242,474680.0,569150.0,114438.0,324882000000.0,21.0217513603786,99.52607,1.7941,0.4567999999999999,1393182000000.0,65088000.0,40893000.0,104.3932,,5.526133,-0.38700000000000007,1.153
2015-06-30 23:59:59.999999999,247.71,2.024,0.562,1.506,91529000000.0,102.4043,,0.2999999999999999,,245.686,-11.267999999999944,,0.642440454545455,14.9479207136668,476591.0,572673.0,115491.0,326770000000.0,20.8204700199623,100.5793,2.1696,0.4566,1407065000000.0,,40943000.0,102.8565,,5.596947,-0.42599999999999993,1.462
2015-09-30 23:59:59.999999999,249.24,1.762,0.563,1.191,90849000000.0,102.3947,,0.4,,247.478,1.7920000000000016,,0.652454545454545,14.1637476740867,479924.0,574836.0,116550.0,330759000000.0,20.2309169271938,100.7899,1.8814,0.4544,1440972000000.0,,41001000.0,92.30527,,5.30888,-0.05700000000000016,1.199
2015-12-31 23:59:59.999999999,251.67,1.96,0.651,1.345,93835000000.0,102.6198,,0.4,,249.70999999999998,2.231999999999971,,0.66783652173913,13.9360198119577,485256.0,578068.0,116159.0,329837000000.0,20.223360151469,99.84203,1.9234,0.4575,1462593000000.0,,41058000.0,93.56385,,5.070592,-0.07899999999999996,1.309
2016-03-31 23:59:59.999999999,259.66,1.415,0.441,0.838,94838000000.0,102.2359,,0.6999999999999998,1.00841736811403,258.245,8.535000000000025,59.344,0.7020652173913039,14.1072097061686,489683.0,580110.0,116382.0,336633000000.0,20.1767079758425,99.84203,1.5434,0.4646,1519337000000.0,65607000.0,41115000.0,93.30228,,5.065418,0.1800000000000001,0.974
2016-06-30 23:59:59.999999999,271.9,0.867,0.099,0.35,95631000000.0,101.3781,,0.6999999999999998,,271.03299999999996,12.787999999999954,,0.704732272727273,14.526325273863,493710.0,583383.0,116540.0,339401000000.0,21.0400813798528,99.94734,1.3105,0.4597999999999999,1588510000000.0,,41171000.0,93.63906,,4.913917,0.266,0.768
2016-09-30 23:59:59.999999999,289.32,0.746,0.102,0.224,98329000000.0,101.1838,,1.0,,288.574,17.541000000000054,,0.7609677272727269,14.6673868618977,500801.0,585856.0,116779.0,342222000000.0,21.8848373124133,99.63139,0.8243,0.2129999999999999,1604551000000.0,,41212000.0,103.3202,,4.8332690000000005,0.39999999999999997,0.644
2016-12-31 23:59:59.999999999,282.55,1.239,0.084,0.488,97427000000.0,101.1649,,1.5,,281.31100000000004,-7.262999999999977,,0.802140909090909,15.4123649600836,507451.0,589476.0,116295.0,342264000000.0,22.1835406281276,101.1058,1.4336,0.2124999999999999,1621637000000.0,,41243000.0,105.7012,,4.737172,0.34700000000000014,1.155
2017-03-31 23:59:59.999999999,287.96,1.139,0.125,0.56,99077000000.0,100.9242,,2.2,2.55775577557753,286.82099999999997,5.509999999999934,59.603,0.809926956521739,15.7256213686797,513814.0,594423.0,116567.0,344704000000.0,22.4139744086784,98.47288,1.194,0.2094999999999999,1649979000000.0,65966000.0,41273000.0,111.5961,,4.560765,0.1439999999999999,1.014
2017-06-30 23:59:59.999999999,289.54,1.257,0.358,0.7,100304000000.0,100.6372,,2.6,,288.283,1.462000000000046,,0.780504545454546,15.8023591910056,517656.0,598176.0,117184.0,344763000000.0,22.6441670346455,99.31543,1.0846,0.2121,1666419000000.0,,41305000.0,113.1798,,4.425147,0.21499999999999997,0.8989999999999999
2017-09-30 23:59:59.999999999,289.91,1.365,0.467,0.798,99419000000.0,100.5005,,2.7,,288.545,0.26200000000000045,,0.7507309523809521,15.8771188558774,521257.0,601961.0,117650.0,347011000000.0,22.8394503774905,101.9484,1.2436,0.2122999999999999,1693469000000.0,,41332000.0,111.2187,,4.269074,0.23599999999999993,0.8979999999999999
2017-12-31 23:59:59.999999999,296.29,1.19,0.438,0.723,100952000000.0,100.5745,,2.8,,295.1,6.555000000000007,,0.7463928571428569,15.8423159772634,529755.0,606396.0,117597.0,348922000000.0,22.1639046773571,102.5803,1.2781,0.4618999999999999,1703060000000.0,,41363000.0,113.6094,,4.3545370000000005,0.182,0.752
2018-03-31 23:59:59.999999999,291.76,1.35,0.823,1.11,100378000000.0,100.8572,,2.5,2.29283990345937,290.40999999999997,-4.690000000000055,60.024,0.715769545454545,15.9447377895283,531131.0,606785.0,117261.0,351123000000.0,22.0058134969446,104.2654,1.508,0.4637,1704411000000.0,66289000.0,41394000.0,107.4874,,4.203246,-0.04700000000000015,0.5270000000000001
2018-06-30 23:59:59.999999999,290.76,1.278,0.724,1.026,99211000000.0,101.06700000000001,,2.2,,289.48199999999997,-0.9279999999999973,,0.7526104761904759,15.6302060032197,535707.0,607775.0,117325.0,350706000000.0,22.1289286276536,105.4239,1.4229,0.4506999999999999,1739532000000.0,,41423000.0,116.1057,,4.042346,-0.050000000000000044,0.554
2018-09-30 23:59:59.999999999,289.87,1.573,0.824,1.167,99191000000.0,100.883,,2.3,,288.297,-1.1849999999999454,,0.7656319999999999,16.0857330467637,540205.0,609653.0,117988.0,353465000000.0,22.774789815566,103.6335,1.5023,0.7012,1755499000000.0,,41453000.0,111.9961,,4.079223000000001,0.06299999999999983,0.749
2018-12-31 23:59:59.999999999,289.66,1.277,0.752,0.904,99058000000.0,100.1209,,2.1,,288.38300000000004,0.08600000000001273,,0.789530476190476,15.5815970995051,545261.0,610481.0,119426.0,357302000000.0,22.6638298526172,101.2112,1.3125,0.7026,1770328000000.0,,41488000.0,102.8222,,4.022094,0.22099999999999986,0.5249999999999999
2019-03-31 23:59:59.999999999,302.91,1.0,0.642,0.758,102105000000.0,99.6981,,1.8,1.73810460086515,301.91,13.526999999999987,60.335,0.759582380952381,16.0927140347754,549060.0,614936.0,121134.0,356969000000.0,23.3698915684611,104.2654,1.19,0.7053,1759495000000.0,66631000.0,41521000.0,109.2462,,3.829112999999999,0.126,0.358
2019-06-30 23:59:59.999999999,309.84,0.833,0.62,0.632,101275000000.0,100.1657,,2.0,,309.00699999999995,7.096999999999923,,0.788713,15.0461254933519,556104.0,616853.0,123253.0,357951000000.0,21.4111796356778,104.3707,0.919,0.7085,1767189000000.0,,41553000.0,111.5929,,3.881145,0.18899999999999995,0.21299999999999997
2019-09-30 23:59:59.999999999,322.18,0.488,0.369,0.285,102100000000.0,99.97532,,1.8,,321.692,12.68500000000006,,0.8094647619047621,15.2118734747426,562999.0,621227.0,122923.0,357252000000.0,21.9750737615693,106.6877,0.5981,0.7097999999999999,1798604000000.0,,41573000.0,110.9959,,3.871891,0.28700000000000003,0.119
2019-12-31 23:59:59.999999999,321.42,0.822,0.545,0.601,100943000000.0,100.7214,,1.4,,320.598,-1.093999999999994,,0.763495909090909,14.6161595054016,565758.0,621229.0,123436.0,355768000000.0,20.6231406982759,109.6367,0.8308,0.7101,1810019000000.0,,41585000.0,112.5802,,3.736168,0.16500000000000004,0.2769999999999999
2020-03-31 23:59:59.999999999,304.45,0.356,0.139,0.212,97191000000.0,99.44043,,1.7,0.989486703772449,304.094,-16.50400000000002,59.746,0.8101495454545449,14.2652388145456,555891.0,604719.0,119746.0,345669000000.0,19.312502554747,104.5814,0.4609,0.3191999999999999,1951638000000.0,66744000.0,41596000.0,87.06704999999998,,4.100506,0.07100000000000001,0.21699999999999997
2020-06-30 23:59:59.999999999,331.93,0.172,-0.084,-0.053,78563000000.0,97.31718000000001,,0.8,,331.758,27.663999999999987,,0.7984986363636359,12.9008811759386,476160.0,481769.0,98585.0,264647000000.0,18.0137167980772,105.5292,0.278,0.0646,2042256000000.0,,41607000.0,94.69035,,4.085351,0.19399999999999995,0.256
2020-09-30 23:59:59.999999999,336.99,0.229,-0.023,-0.056,90756000000.0,97.83266,,0.8,,336.761,5.003000000000043,,0.7720068181818179,13.6648474438857,533806.0,562648.0,116728.0,316845000000.0,20.1236780810331,113.2175,0.273,0.0547,2090685000000.0,,41635000.0,89.9651,,4.960935,0.318,0.252
2020-12-31 23:59:59.999999999,350.63,0.197,-0.16,-0.085,96147000000.0,97.80963,,0.8,,350.433,13.671999999999969,,0.744509130434783,14.6839280981076,537629.0,570338.0,122361.0,311779000000.0,22.5874503546658,111.4271,0.3224,0.0492,2182797000000.0,,41668000.0,98.82664,,5.258522,0.207,0.357
2021-03-31 23:59:59.999999999,334.21,0.845,0.104,0.394,93777000000.0,100.715,,0.9,2.5183710961421,333.36499999999995,-17.06800000000004,58.958,0.721578695652174,13.1819455720097,537992.0,564411.0,123066.0,300980000000.0,19.6087183255366,106.3718,0.8456,0.0486,2237811000000.0,66984000.0,41704000.0,101.8014,,4.908481,0.16099999999999992,0.741
2021-06-30 23:59:59.999999999,340.78,0.716,0.063,0.332,98872000000.0,102.837,,2.1,,340.06399999999996,6.699000000000012,,0.713113636363636,13.7057164241111,568521.0,605353.0,132758.0,336451000000.0,20.7207792472157,103.1069,0.8549,0.0498,2273226000000.0,,41737000.0,107.6213,,4.668175,0.11499999999999994,0.653
2021-09-30 23:59:59.999999999,337.23,1.022,0.41,0.638,98233000000.0,101.43700000000001,,2.7,,336.208,-3.8559999999999377,,0.7282554545454549,13.4569195204346,581805.0,615459.0,132986.0,346343000000.0,21.1312888827655,101.0005,0.8023,0.05,2326344000000.0,,41801000.0,107.1312,,4.371713,0.15599999999999997,0.6120000000000001
2021-12-31 23:59:59.999999999,339.19,0.971,0.687,0.82,98770000000.0,99.94845,,4.4,,338.219,2.0109999999999673,,0.751108695652174,14.1234615379388,597082.0,624592.0,134081.0,347331000000.0,22.2522616941192,101.9484,0.8375,0.1140999999999999,2373643000000.0,,41880000.0,110.5146,,4.171912,0.018000000000000127,0.2839999999999999
2022-03-31 23:59:59.999999999,316.31,1.61,1.352,1.405,103833000000.0,95.94691,,5.5,7.92204883147907,314.7,-23.519000000000005,59.596,0.7591213043478259,13.9437586557407,610346.0,629149.0,133926.0,349997000000.0,24.4311627355423,100.8952,1.5457,0.5623,2425703000000.0,67604000.0,41957000.0,110.9183,,3.790746,0.15200000000000014,0.258
2022-06-30 23:59:59.999999999,291.09,2.229,1.842,1.893,104294000000.0,93.49792,,7.9,,288.861,-25.839,,0.812043181818182,14.8367110727816,625467.0,631258.0,129626.0,351376000000.0,25.4762554571364,100.0527,2.3824,1.0767,2444987000000.0,,42036000.0,110.677,,3.784256,0.28500000000000014,0.387
2022-09-30 23:59:59.999999999,256.2,4.093,4.232,4.394,106086000000.0,92.21105,,8.699999999999998,,252.107,-36.75399999999999,,0.883185,15.5745455519298,636553.0,631977.0,131628.0,348195000000.0,25.2168716525022,98.78883,3.5007,1.8569,2573693000000.0,,42138000.0,109.0082,,3.728506,-0.4630000000000001,-0.13900000000000023
2022-12-31 23:59:59.999999999,273.81,3.672,3.576,3.618,106689000000.0,93.14101,,9.4,,270.138,18.030999999999977,,0.8218240909090909,14.9783666998391,654062.0,634044.0,131069.0,347904000000.0,25.217447536615,99.10479,3.5015,3.1779,2385905000000.0,,42252000.0,113.3291,,3.914116,0.012000000000000455,0.09600000000000009
2023-03-31 23:59:59.999999999,280.58,3.49,3.444,3.357,108986000000.0,95.30563000000001,,9.0,6.79396706793964,277.09,6.951999999999998,59.323,0.824027826086957,14.068794058687,665965.0,634428.0,130234.0,350685000000.0,22.2690794669599,99.7367,3.5638,4.0031,2352715000000.0,68492000.0,42365000.0,115.8184,,4.001267,0.21999999999999975,0.04600000000000026
2023-06-30 23:59:59.999999999,270.99,4.388,5.274,4.663,107707000000.0,97.65595,,7.7,,266.60200000000003,-10.487999999999943,,0.791785,13.6099832157299,677760.0,634694.0,133475.0,352417000000.0,21.9248544421197,101.5271,4.3659,4.5872,2294303000000.0,,42479000.0,114.5883,,4.227213,0.3359999999999994,-0.8860000000000001
2023-09-30 23:59:59.999999999,276.98,4.437,4.904,4.512,106244000000.0,97.89356,,6.3,,272.543,5.940999999999974,,0.8072357142857141,13.1141270273235,683791.0,634327.0,135535.0,350830000000.0,20.2172139232598,99.84203,4.4199,5.1854,2226406000000.0,,42589000.0,114.8787,,4.106044,0.31700000000000106,-0.46699999999999964
2023-12-31 23:59:59.999999999,300.62,3.537,3.984,3.463,107170000000.0,98.47791,,4.4,,297.083,24.54000000000002,,0.7900580952380948,,683669.0,633011.0,135284.0,,,99.63139,3.8622,5.187,2200066000000.0,,42695000.0,115.4689,,3.856789,0.5949999999999998,-0.44700000000000006
2024-03-31 23:59:59.999999999,300.94,3.933,4.172,3.823,108688000000.0,99.07276999999999,,3.9,3.27157294635921,297.007,-0.07600000000002183,59.141,0.786631904761905,,698228.0,638746.0,136268.0,,,100.2633,4.033,5.1891,,69226000.0,42801000.0,117.9558,,4.341712,0.45899999999999963,-0.23899999999999988
2024-06-30 23:59:59.999999999,299.58,4.172,4.221,4.024,,,,2.9,,295.40799999999996,-1.5990000000000464,,0.7868034999999999,,706477.0,641670.0,137627.0,,,,4.1644,5.2,,,42908000.0,124.5847,,4.196704,0.34499999999999975,-0.04900000000000038
2024-09-30 23:59:59.999999999,306.73,4.003,3.983,3.86,,,,2.9,,302.72700000000003,7.319000000000074,,0.75659380952381,,719085.0,641675.0,138081.0,,,,3.9053,4.95,,,43001000.0,125.3474,,4.2713,0.26600000000000046,0.020000000000000018
2024-12-31 23:59:59.999999999,305.76,4.568,4.394,4.345,,,,3.4,,301.192,-1.535000000000025,,0.791460909090909,,727199.0,642287.0,138771.0,,,,4.4345,4.7,,,43089000.0,124.7651,,4.382324,0.27200000000000024,0.1739999999999995
2025-03-31 23:59:59.999999999,306.75,4.675,4.196,4.284,,,,3.6,,302.075,0.8829999999999814,,0.7745557142857141,,738159.0,647018.0,138256.0,,,,4.6448,4.4555,,,43178000.0,131.3455,,4.535109,0.30299999999999994,0.4790000000000001
2025-06-30 23:59:59.999999999,316.36,4.489,3.817,3.95,,,,,,311.87100000000004,9.79600000000005,,0.737158095238095,,,,,,,,4.5248,4.2144,,,43266000.0,133.545,,4.659199,0.4059999999999997,0.6719999999999997
2025-09-30 23:59:59.999999999,318.74,4.699,3.985,4.136,,,,,,314.041,2.169999999999959,,0.7433757142857141,,,,,,,,4.6369,4.0172,,,,139.3394,,,0.4119999999999995,0.714
